/*******************************************************************************
 * Size: 20 px
 * Bpp: 4
 * Opts: --bpp 4 --size 20 --no-compress --font OPlusSans3-Medium.ttf --symbols 实时温度未连接热电偶参数补偿采样间隔系统版本℃日期时长固件信息秒设置到底啦 --range 32-127 --format lvgl -o OPPOSans_20px.c
 ******************************************************************************/

#ifdef LV_LVGL_H_INCLUDE_SIMPLE
#include "lvgl.h"
#else
#include "lvgl/lvgl.h"
#endif

#ifndef OPPOSANS_20PX
#define OPPOSANS_20PX 1
#endif

#if OPPOSANS_20PX

/*-----------------
 *    BITMAPS
 *----------------*/

/*Store the image of the glyphs*/
static LV_ATTRIBUTE_LARGE_CONST const uint8_t glyph_bitmap[] = {
    /* U+0020 " " */

    /* U+0021 "!" */
    0x8f, 0xc8, 0xfb, 0x7f, 0xa6, 0xfa, 0x5f, 0x94,
    0xf8, 0x4f, 0x73, 0xf6, 0x2f, 0x61, 0xf5, 0x6,
    0x10, 0x0, 0x17, 0x29, 0xfd, 0x6f, 0x90,

    /* U+0022 "\"" */
    0x0, 0x0, 0x0, 0x0, 0xbf, 0x9, 0xf1, 0xd,
    0xd0, 0xbf, 0x0, 0xfa, 0xc, 0xc0, 0x1f, 0x80,
    0xea, 0x2, 0xf5, 0xf, 0x80,

    /* U+0023 "#" */
    0x0, 0x0, 0x7f, 0x50, 0x2f, 0xa0, 0x0, 0x0,
    0xbf, 0x20, 0x6f, 0x70, 0x0, 0x0, 0xee, 0x0,
    0x9f, 0x30, 0x0, 0x1, 0xfb, 0x0, 0xcf, 0x0,
    0x4, 0xff, 0xff, 0xff, 0xff, 0xf9, 0x3, 0xad,
    0xfb, 0xac, 0xfd, 0xa6, 0x0, 0xc, 0xf1, 0x7,
    0xf5, 0x0, 0x0, 0xf, 0xd0, 0xa, 0xf2, 0x0,
    0x0, 0x2f, 0xa0, 0xe, 0xf0, 0x0, 0x0, 0x6f,
    0x70, 0x1f, 0xb0, 0x0, 0x9f, 0xff, 0xff, 0xff,
    0xff, 0x50, 0x6a, 0xff, 0xaa, 0xef, 0xba, 0x30,
    0x1, 0xfb, 0x0, 0xcf, 0x0, 0x0, 0x5, 0xf7,
    0x0, 0xfc, 0x0, 0x0, 0x9, 0xf3, 0x4, 0xf8,
    0x0, 0x0,

    /* U+0024 "$" */
    0x0, 0x0, 0xe, 0xa0, 0x0, 0x0, 0x0, 0x0,
    0xea, 0x0, 0x0, 0x0, 0x4, 0x8f, 0xd8, 0x30,
    0x0, 0x1c, 0xff, 0xff, 0xff, 0x90, 0xb, 0xfb,
    0x2e, 0xa5, 0xef, 0x60, 0xff, 0x20, 0xea, 0x4,
    0x92, 0xf, 0xf2, 0xe, 0xa0, 0x0, 0x0, 0xcf,
    0xc2, 0xea, 0x0, 0x0, 0x2, 0xef, 0xff, 0xc3,
    0x0, 0x0, 0x0, 0x6b, 0xff, 0xfd, 0x50, 0x0,
    0x0, 0xe, 0xcc, 0xff, 0x60, 0x0, 0x0, 0xea,
    0x9, 0xfd, 0x0, 0x10, 0xe, 0xa0, 0x3f, 0xf2,
    0xdd, 0x0, 0xea, 0x5, 0xfd, 0xd, 0xfb, 0x3e,
    0xa4, 0xef, 0x70, 0x1d, 0xff, 0xff, 0xff, 0x80,
    0x0, 0x4, 0x8f, 0xd7, 0x20, 0x0, 0x0, 0x0,
    0xea, 0x0, 0x0, 0x0, 0x0, 0xe, 0xa0, 0x0,
    0x0,

    /* U+0025 "%" */
    0x1, 0xaf, 0xe8, 0x0, 0x0, 0x9, 0xf3, 0x0,
    0xb, 0xfa, 0xcf, 0x60, 0x0, 0x3f, 0x90, 0x0,
    0x2f, 0xa0, 0xe, 0xd0, 0x0, 0xcf, 0x10, 0x0,
    0x4f, 0x60, 0xb, 0xf0, 0x5, 0xf7, 0x0, 0x0,
    0x4f, 0x60, 0xc, 0xf0, 0xe, 0xd0, 0x0, 0x0,
    0x2f, 0xa0, 0xe, 0xd0, 0x8f, 0x40, 0x0, 0x0,
    0xb, 0xfa, 0xcf, 0x62, 0xfb, 0x0, 0x0, 0x0,
    0x1, 0xaf, 0xe8, 0xb, 0xf2, 0x0, 0x0, 0x0,
    0x0, 0x0, 0x0, 0x4f, 0x80, 0x4c, 0xfd, 0x40,
    0x0, 0x0, 0x0, 0xde, 0x2, 0xfe, 0xae, 0xf3,
    0x0, 0x0, 0x7, 0xf5, 0x8, 0xf4, 0x3, 0xf9,
    0x0, 0x0, 0x1f, 0xc0, 0x9, 0xf1, 0x0, 0xfb,
    0x0, 0x0, 0xaf, 0x20, 0x8, 0xf3, 0x2, 0xf9,
    0x0, 0x3, 0xf9, 0x0, 0x2, 0xfc, 0x6b, 0xf3,
    0x0, 0xd, 0xe1, 0x0, 0x0, 0x4c, 0xfd, 0x50,

    /* U+0026 "&" */
    0x0, 0x0, 0x8d, 0xfd, 0x91, 0x0, 0x0, 0x0,
    0x0, 0xdf, 0xc8, 0xcf, 0xe1, 0x0, 0x0, 0x0,
    0x6f, 0xc0, 0x0, 0xcf, 0x60, 0x0, 0x0, 0x8,
    0xf9, 0x0, 0x9, 0xf8, 0x0, 0x0, 0x0, 0x6f,
    0xd0, 0x1, 0xef, 0x40, 0x0, 0x0, 0x0, 0xdf,
    0x96, 0xef, 0xa0, 0x0, 0x0, 0x0, 0x3, 0xff,
    0xfe, 0x60, 0x0, 0x21, 0x0, 0x5, 0xef, 0xff,
    0x70, 0x0, 0x7f, 0x90, 0x6, 0xff, 0x65, 0xff,
    0x60, 0xa, 0xf6, 0x0, 0xef, 0x60, 0x5, 0xff,
    0x50, 0xff, 0x10, 0x2f, 0xf0, 0x0, 0x6, 0xff,
    0xaf, 0xa0, 0x2, 0xff, 0x0, 0x0, 0x7, 0xff,
    0xf2, 0x0, 0xd, 0xf8, 0x0, 0x0, 0x1e, 0xff,
    0x30, 0x0, 0x3f, 0xfb, 0x76, 0x9f, 0xfc, 0xff,
    0x30, 0x0, 0x18, 0xdf, 0xfd, 0x93, 0x9, 0xfe,
    0x20,

    /* U+0027 "'" */
    0x0, 0x0, 0xb, 0xf0, 0xd, 0xd0, 0xf, 0xa0,
    0x1f, 0x80, 0x2f, 0x50,

    /* U+0028 "(" */
    0x0, 0xc, 0xf3, 0x0, 0x8f, 0x80, 0x2, 0xfe,
    0x0, 0x9, 0xf8, 0x0, 0xf, 0xf2, 0x0, 0x4f,
    0xe0, 0x0, 0x7f, 0xa0, 0x0, 0x9f, 0x90, 0x0,
    0xaf, 0x70, 0x0, 0xaf, 0x70, 0x0, 0x9f, 0x90,
    0x0, 0x7f, 0xa0, 0x0, 0x3f, 0xe0, 0x0, 0xf,
    0xf2, 0x0, 0x9, 0xf8, 0x0, 0x2, 0xfe, 0x0,
    0x0, 0x8f, 0x80, 0x0, 0xc, 0xf3,

    /* U+0029 ")" */
    0x5f, 0xa0, 0x0, 0xb, 0xf6, 0x0, 0x2, 0xfe,
    0x0, 0x0, 0xbf, 0x70, 0x0, 0x5f, 0xd0, 0x0,
    0x1f, 0xf1, 0x0, 0xd, 0xf4, 0x0, 0xb, 0xf6,
    0x0, 0xa, 0xf7, 0x0, 0xa, 0xf7, 0x0, 0xb,
    0xf6, 0x0, 0xd, 0xf4, 0x0, 0x1f, 0xf1, 0x0,
    0x4f, 0xd0, 0x0, 0xaf, 0x60, 0x2, 0xfe, 0x0,
    0xa, 0xf6, 0x0, 0x5f, 0xa0, 0x0,

    /* U+002A "*" */
    0x0, 0x0, 0xaf, 0x50, 0x0, 0x0, 0x0, 0x9f,
    0x40, 0x0, 0xa, 0x60, 0x7f, 0x22, 0x86, 0x2f,
    0xff, 0xcf, 0xcf, 0xfd, 0x3, 0x7a, 0xff, 0xe9,
    0x62, 0x0, 0x7, 0xff, 0xf3, 0x0, 0x0, 0x5f,
    0xd3, 0xfe, 0x20, 0x0, 0xdf, 0x40, 0x8f, 0x90,
    0x0, 0x6, 0x0, 0x6, 0x0,

    /* U+002B "+" */
    0x0, 0x0, 0x86, 0x0, 0x0, 0x0, 0x0, 0xfc,
    0x0, 0x0, 0x0, 0x0, 0xfc, 0x0, 0x0, 0x0,
    0x0, 0xfc, 0x0, 0x0, 0x7f, 0xff, 0xff, 0xff,
    0xf3, 0x5c, 0xcc, 0xff, 0xcc, 0xc2, 0x0, 0x0,
    0xfc, 0x0, 0x0, 0x0, 0x0, 0xfc, 0x0, 0x0,
    0x0, 0x0, 0xfc, 0x0, 0x0,

    /* U+002C "," */
    0x16, 0x2b, 0xfb, 0x7f, 0xc0, 0xc8, 0x3f, 0x15,
    0x40,

    /* U+002D "-" */
    0x99, 0x99, 0x8f, 0xff, 0xfe,

    /* U+002E "." */
    0x27, 0x1c, 0xfa, 0x8f, 0x60,

    /* U+002F "/" */
    0x0, 0x0, 0xaf, 0x50, 0x0, 0xe, 0xf1, 0x0,
    0x2, 0xfd, 0x0, 0x0, 0x5f, 0xa0, 0x0, 0x9,
    0xf6, 0x0, 0x0, 0xdf, 0x20, 0x0, 0xf, 0xf0,
    0x0, 0x4, 0xfb, 0x0, 0x0, 0x8f, 0x70, 0x0,
    0xb, 0xf4, 0x0, 0x0, 0xff, 0x0, 0x0, 0x3f,
    0xc0, 0x0, 0x6, 0xf9, 0x0, 0x0, 0xaf, 0x50,
    0x0, 0xe, 0xf1, 0x0, 0x1, 0xfe, 0x0, 0x0,
    0x5f, 0xa0, 0x0, 0x9, 0xf6, 0x0, 0x0,

    /* U+0030 "0" */
    0x0, 0x4b, 0xef, 0xd8, 0x10, 0x0, 0x6f, 0xfc,
    0xbe, 0xfd, 0x0, 0x1f, 0xf5, 0x0, 0xc, 0xf9,
    0x7, 0xfc, 0x0, 0x0, 0x3f, 0xf0, 0xaf, 0x80,
    0x0, 0x0, 0xff, 0x2b, 0xf6, 0x0, 0x0, 0xd,
    0xf3, 0xcf, 0x50, 0x0, 0x0, 0xdf, 0x4c, 0xf5,
    0x0, 0x0, 0xd, 0xf4, 0xcf, 0x60, 0x0, 0x0,
    0xdf, 0x4b, 0xf6, 0x0, 0x0, 0xe, 0xf4, 0xaf,
    0x80, 0x0, 0x0, 0xff, 0x26, 0xfc, 0x0, 0x0,
    0x3f, 0xf0, 0x1f, 0xf5, 0x0, 0x1c, 0xf9, 0x0,
    0x6f, 0xfc, 0xbe, 0xfd, 0x10, 0x0, 0x4b, 0xff,
    0xd8, 0x10, 0x0,

    /* U+0031 "1" */
    0x0, 0x5, 0xdf, 0x30, 0x3c, 0xff, 0xf3, 0x2f,
    0xfd, 0xef, 0x32, 0xe6, 0xd, 0xf3, 0x0, 0x0,
    0xdf, 0x30, 0x0, 0xd, 0xf3, 0x0, 0x0, 0xdf,
    0x30, 0x0, 0xd, 0xf3, 0x0, 0x0, 0xdf, 0x30,
    0x0, 0xd, 0xf3, 0x0, 0x0, 0xdf, 0x30, 0x0,
    0xd, 0xf3, 0x0, 0x0, 0xdf, 0x30, 0x0, 0xd,
    0xf3, 0x0, 0x0, 0xdf, 0x30,

    /* U+0032 "2" */
    0x0, 0x18, 0xdf, 0xea, 0x20, 0x0, 0x2e, 0xfd,
    0xbd, 0xff, 0x20, 0xc, 0xf8, 0x0, 0xa, 0xfc,
    0x1, 0xec, 0x0, 0x0, 0x2f, 0xf0, 0x0, 0x10,
    0x0, 0x1, 0xff, 0x10, 0x0, 0x0, 0x0, 0x4f,
    0xf0, 0x0, 0x0, 0x0, 0xc, 0xf9, 0x0, 0x0,
    0x0, 0x8, 0xfe, 0x10, 0x0, 0x0, 0x7, 0xff,
    0x30, 0x0, 0x0, 0x6, 0xff, 0x40, 0x0, 0x0,
    0x5, 0xff, 0x50, 0x0, 0x0, 0x5, 0xff, 0x50,
    0x0, 0x0, 0x4, 0xff, 0x60, 0x0, 0x0, 0x2,
    0xff, 0xe9, 0x99, 0x99, 0x91, 0x4f, 0xff, 0xff,
    0xff, 0xff, 0x30,

    /* U+0033 "3" */
    0xc, 0xff, 0xff, 0xff, 0xf8, 0x0, 0x7a, 0xaa,
    0xac, 0xff, 0x40, 0x0, 0x0, 0x1, 0xef, 0x60,
    0x0, 0x0, 0x1, 0xdf, 0x70, 0x0, 0x0, 0x0,
    0xcf, 0x80, 0x0, 0x0, 0x0, 0xcf, 0xb0, 0x0,
    0x0, 0x0, 0xbf, 0xff, 0xfc, 0x40, 0x0, 0xc,
    0xc7, 0x6a, 0xff, 0x40, 0x0, 0x10, 0x0, 0x7,
    0xfd, 0x0, 0x0, 0x0, 0x0, 0xf, 0xf2, 0x0,
    0x0, 0x0, 0x0, 0xff, 0x31, 0x82, 0x0, 0x0,
    0x2f, 0xf1, 0x6f, 0xc1, 0x0, 0xb, 0xfa, 0x0,
    0xaf, 0xfb, 0xbe, 0xfd, 0x10, 0x0, 0x6c, 0xef,
    0xd8, 0x0, 0x0,

    /* U+0034 "4" */
    0x0, 0x0, 0x0, 0xb, 0xf5, 0x0, 0x0, 0x0,
    0x0, 0x6f, 0xf5, 0x0, 0x0, 0x0, 0x1, 0xff,
    0xf5, 0x0, 0x0, 0x0, 0xb, 0xff, 0xf5, 0x0,
    0x0, 0x0, 0x6f, 0xab, 0xf5, 0x0, 0x0, 0x2,
    0xfe, 0x1b, 0xf5, 0x0, 0x0, 0xc, 0xf4, 0xb,
    0xf5, 0x0, 0x0, 0x7f, 0x90, 0xb, 0xf5, 0x0,
    0x3, 0xfd, 0x0, 0xb, 0xf5, 0x0, 0xd, 0xf3,
    0x0, 0xb, 0xf5, 0x0, 0x6f, 0xff, 0xff, 0xff,
    0xff, 0xf5, 0x4a, 0xaa, 0xaa, 0xae, 0xfc, 0xa3,
    0x0, 0x0, 0x0, 0xb, 0xf5, 0x0, 0x0, 0x0,
    0x0, 0xb, 0xf5, 0x0, 0x0, 0x0, 0x0, 0xb,
    0xf5, 0x0,

    /* U+0035 "5" */
    0x9, 0xff, 0xff, 0xff, 0xf1, 0xb, 0xfb, 0xaa,
    0xaa, 0xa0, 0xd, 0xf1, 0x0, 0x0, 0x0, 0xf,
    0xf0, 0x0, 0x0, 0x0, 0xf, 0xd0, 0x0, 0x0,
    0x0, 0x3f, 0xb4, 0x89, 0x71, 0x0, 0x5f, 0xff,
    0xff, 0xff, 0x50, 0x6f, 0xe4, 0x2, 0x9f, 0xf2,
    0x2, 0x20, 0x0, 0xb, 0xf8, 0x0, 0x0, 0x0,
    0x7, 0xfb, 0x0, 0x0, 0x0, 0x6, 0xfc, 0x29,
    0x0, 0x0, 0x9, 0xf9, 0x9f, 0xa0, 0x0, 0x3f,
    0xf4, 0x1d, 0xfe, 0xbc, 0xff, 0x80, 0x1, 0x8d,
    0xfe, 0xb5, 0x0,

    /* U+0036 "6" */
    0x0, 0x0, 0x1, 0xff, 0x50, 0x0, 0x0, 0x0,
    0xc, 0xfa, 0x0, 0x0, 0x0, 0x0, 0x8f, 0xe1,
    0x0, 0x0, 0x0, 0x3, 0xff, 0x40, 0x0, 0x0,
    0x0, 0xe, 0xf9, 0x0, 0x0, 0x0, 0x0, 0x9f,
    0xd0, 0x0, 0x0, 0x0, 0x2, 0xff, 0xce, 0xfe,
    0x91, 0x0, 0x9, 0xff, 0xfb, 0xbe, 0xfe, 0x10,
    0xe, 0xfc, 0x10, 0x1, 0xcf, 0xa0, 0xf, 0xf4,
    0x0, 0x0, 0x3f, 0xf0, 0xf, 0xf1, 0x0, 0x0,
    0xf, 0xf0, 0xd, 0xf4, 0x0, 0x0, 0x3f, 0xf0,
    0x6, 0xfd, 0x10, 0x1, 0xcf, 0x90, 0x0, 0xbf,
    0xfc, 0xbf, 0xfd, 0x10, 0x0, 0x6, 0xcf, 0xfd,
    0x70, 0x0,

    /* U+0037 "7" */
    0x2f, 0xff, 0xff, 0xff, 0xff, 0x91, 0xbb, 0xbb,
    0xbb, 0xbe, 0xf7, 0x0, 0x0, 0x0, 0x0, 0xef,
    0x10, 0x0, 0x0, 0x0, 0x6f, 0x90, 0x0, 0x0,
    0x0, 0xd, 0xf2, 0x0, 0x0, 0x0, 0x5, 0xfb,
    0x0, 0x0, 0x0, 0x0, 0xcf, 0x40, 0x0, 0x0,
    0x0, 0x4f, 0xd0, 0x0, 0x0, 0x0, 0xb, 0xf6,
    0x0, 0x0, 0x0, 0x2, 0xfe, 0x0, 0x0, 0x0,
    0x0, 0xaf, 0x70, 0x0, 0x0, 0x0, 0x1f, 0xf1,
    0x0, 0x0, 0x0, 0x8, 0xf9, 0x0, 0x0, 0x0,
    0x0, 0xff, 0x20, 0x0, 0x0, 0x0, 0x7f, 0xb0,
    0x0, 0x0, 0x0,

    /* U+0038 "8" */
    0x0, 0x4, 0xbe, 0xfd, 0x70, 0x0, 0x0, 0x7f,
    0xfb, 0xae, 0xfb, 0x0, 0x2, 0xff, 0x30, 0x1,
    0xdf, 0x50, 0x6, 0xfb, 0x0, 0x0, 0x7f, 0xa0,
    0x6, 0xfb, 0x0, 0x0, 0x7f, 0xa0, 0x2, 0xff,
    0x30, 0x1, 0xdf, 0x50, 0x0, 0x6f, 0xfb, 0xae,
    0xfa, 0x0, 0x0, 0x3d, 0xff, 0xff, 0xf6, 0x0,
    0x4, 0xfe, 0x61, 0x4, 0xdf, 0x70, 0xc, 0xf5,
    0x0, 0x0, 0x1f, 0xf1, 0xf, 0xf1, 0x0, 0x0,
    0xd, 0xf4, 0xf, 0xf3, 0x0, 0x0, 0xe, 0xf3,
    0xa, 0xfc, 0x10, 0x0, 0x9f, 0xd0, 0x1, 0xdf,
    0xfb, 0xbe, 0xff, 0x30, 0x0, 0x7, 0xcf, 0xfd,
    0x91, 0x0,

    /* U+0039 "9" */
    0x0, 0x18, 0xdf, 0xeb, 0x40, 0x0, 0x1e, 0xfe,
    0xbc, 0xff, 0x80, 0xb, 0xfa, 0x0, 0x4, 0xff,
    0x31, 0xff, 0x10, 0x0, 0x8, 0xf9, 0x4f, 0xd0,
    0x0, 0x0, 0x5f, 0xb3, 0xfe, 0x0, 0x0, 0x6,
    0xfc, 0x1f, 0xf3, 0x0, 0x0, 0xbf, 0xa0, 0xaf,
    0xd4, 0x2, 0x9f, 0xf6, 0x1, 0xcf, 0xff, 0xff,
    0xfe, 0x0, 0x0, 0x59, 0xa8, 0xdf, 0x50, 0x0,
    0x0, 0x0, 0x6f, 0xb0, 0x0, 0x0, 0x0, 0x3f,
    0xe1, 0x0, 0x0, 0x0, 0x1e, 0xf4, 0x0, 0x0,
    0x0, 0xb, 0xf9, 0x0, 0x0, 0x0, 0x8, 0xfd,
    0x0, 0x0, 0x0,

    /* U+003A ":" */
    0x6f, 0x99, 0xfd, 0x17, 0x20, 0x0, 0x0, 0x0,
    0x0, 0x0, 0x1, 0x72, 0x9f, 0xd6, 0xf9,

    /* U+003B ";" */
    0x16, 0x39, 0xfe, 0x5f, 0xa0, 0x0, 0x0, 0x0,
    0x0, 0x0, 0x0, 0x0, 0x5f, 0xb7, 0xff, 0xa,
    0xc0, 0xd6, 0x5d, 0x0,

    /* U+003C "<" */
    0x0, 0x0, 0x0, 0x0, 0x11, 0x0, 0x0, 0x0,
    0x29, 0xf3, 0x0, 0x0, 0x4b, 0xff, 0xd2, 0x0,
    0x6d, 0xff, 0xb4, 0x0, 0x4e, 0xff, 0x92, 0x0,
    0x0, 0x7f, 0xf6, 0x0, 0x0, 0x0, 0x18, 0xef,
    0xe8, 0x10, 0x0, 0x0, 0x6, 0xdf, 0xfa, 0x30,
    0x0, 0x0, 0x4, 0xcf, 0xf3, 0x0, 0x0, 0x0,
    0x3, 0xa3,

    /* U+003D "=" */
    0x7f, 0xff, 0xff, 0xff, 0xf3, 0x5b, 0xbb, 0xbb,
    0xbb, 0xb2, 0x0, 0x0, 0x0, 0x0, 0x0, 0x0,
    0x0, 0x0, 0x0, 0x0, 0x5c, 0xcc, 0xcc, 0xcc,
    0xc2, 0x7f, 0xff, 0xff, 0xff, 0xf3,

    /* U+003E ">" */
    0x10, 0x0, 0x0, 0x0, 0x0, 0x7e, 0x71, 0x0,
    0x0, 0x0, 0x4e, 0xff, 0x92, 0x0, 0x0, 0x0,
    0x6c, 0xff, 0xb4, 0x0, 0x0, 0x0, 0x3a, 0xff,
    0xd1, 0x0, 0x0, 0x1, 0x9f, 0xf3, 0x0, 0x2,
    0x9f, 0xfd, 0x60, 0x5, 0xbf, 0xfc, 0x50, 0x0,
    0x7f, 0xfa, 0x30, 0x0, 0x0, 0x68, 0x10, 0x0,
    0x0, 0x0,

    /* U+003F "?" */
    0x0, 0x4b, 0xef, 0xc5, 0x0, 0x8, 0xff, 0xbc,
    0xff, 0x90, 0x3f, 0xe2, 0x0, 0x4f, 0xf1, 0x3a,
    0x50, 0x0, 0xf, 0xf4, 0x0, 0x0, 0x0, 0x2f,
    0xf2, 0x0, 0x0, 0x0, 0xcf, 0xb0, 0x0, 0x0,
    0xc, 0xfc, 0x10, 0x0, 0x0, 0xaf, 0xb0, 0x0,
    0x0, 0x2, 0xff, 0x10, 0x0, 0x0, 0x5, 0xfa,
    0x0, 0x0, 0x0, 0x2, 0x84, 0x0, 0x0, 0x0,
    0x0, 0x0, 0x0, 0x0, 0x0, 0x1, 0x72, 0x0,
    0x0, 0x0, 0x9, 0xfd, 0x0, 0x0, 0x0, 0x5,
    0xf9, 0x0, 0x0,

    /* U+0040 "@" */
    0x0, 0x0, 0x0, 0x0, 0x0, 0x0, 0x0, 0x0,
    0x0, 0x0, 0x0, 0x0, 0x0, 0x6b, 0xff, 0xff,
    0xd8, 0x30, 0x0, 0x0, 0x0, 0x0, 0x4e, 0xfb,
    0x75, 0x56, 0x9e, 0xfa, 0x10, 0x0, 0x0, 0x8,
    0xfb, 0x10, 0x0, 0x0, 0x0, 0x5e, 0xe1, 0x0,
    0x0, 0x5f, 0x80, 0x0, 0x0, 0x0, 0x0, 0x2,
    0xec, 0x0, 0x1, 0xfa, 0x0, 0x8, 0xdf, 0xd6,
    0x5f, 0x40, 0x4f, 0x60, 0x8, 0xf1, 0x0, 0xbf,
    0xd9, 0xbf, 0xdf, 0x30, 0xd, 0xc0, 0xd, 0xb0,
    0x5, 0xfc, 0x0, 0x6, 0xff, 0x30, 0x8, 0xf0,
    0xf, 0x70, 0xa, 0xf5, 0x0, 0x0, 0xdf, 0x30,
    0x6, 0xf1, 0x1f, 0x50, 0xc, 0xf3, 0x0, 0x0,
    0xbf, 0x30, 0x5, 0xf1, 0x2f, 0x50, 0xb, 0xf4,
    0x0, 0x0, 0xcf, 0x30, 0x7, 0xf0, 0xf, 0x70,
    0x7, 0xf8, 0x0, 0x2, 0xff, 0x40, 0xb, 0xc0,
    0xe, 0x90, 0x1, 0xef, 0x62, 0x4d, 0xdf, 0xa1,
    0x6f, 0x40, 0x9, 0xf0, 0x0, 0x2c, 0xff, 0xfb,
    0x19, 0xff, 0xf8, 0x0, 0x2, 0xf8, 0x0, 0x0,
    0x23, 0x10, 0x0, 0x23, 0x10, 0x0, 0x0, 0x8f,
    0x40, 0x0, 0x0, 0x0, 0x0, 0x0, 0x0, 0x0,
    0x0, 0xb, 0xf7, 0x0, 0x0, 0x0, 0x1, 0x30,
    0x0, 0x0, 0x0, 0x0, 0x8f, 0xd7, 0x42, 0x13,
    0x8e, 0xb0, 0x0, 0x0, 0x0, 0x0, 0x3, 0xaf,
    0xff, 0xff, 0xfa, 0x30, 0x0, 0x0, 0x0, 0x0,
    0x0, 0x0, 0x23, 0x32, 0x0, 0x0, 0x0, 0x0,

    /* U+0041 "A" */
    0x0, 0x0, 0x7, 0xff, 0x70, 0x0, 0x0, 0x0,
    0x0, 0xd, 0xff, 0xd0, 0x0, 0x0, 0x0, 0x0,
    0x3f, 0xff, 0xf3, 0x0, 0x0, 0x0, 0x0, 0x9f,
    0x9b, 0xf9, 0x0, 0x0, 0x0, 0x0, 0xef, 0x35,
    0xfe, 0x0, 0x0, 0x0, 0x5, 0xfd, 0x0, 0xef,
    0x50, 0x0, 0x0, 0xb, 0xf7, 0x0, 0x9f, 0xb0,
    0x0, 0x0, 0x1f, 0xf1, 0x0, 0x3f, 0xf1, 0x0,
    0x0, 0x7f, 0xb0, 0x0, 0xd, 0xf7, 0x0, 0x0,
    0xdf, 0xdb, 0xbb, 0xbe, 0xfd, 0x0, 0x3, 0xff,
    0xff, 0xff, 0xff, 0xff, 0x20, 0x9, 0xf9, 0x0,
    0x0, 0x0, 0xbf, 0x80, 0xe, 0xf3, 0x0, 0x0,
    0x0, 0x5f, 0xe0, 0x5f, 0xd0, 0x0, 0x0, 0x0,
    0xf, 0xf4, 0xbf, 0x70, 0x0, 0x0, 0x0, 0x9,
    0xfa,

    /* U+0042 "B" */
    0xaf, 0xff, 0xff, 0xfc, 0x60, 0x0, 0xaf, 0xda,
    0xaa, 0xcf, 0xfa, 0x0, 0xaf, 0x80, 0x0, 0x4,
    0xff, 0x40, 0xaf, 0x80, 0x0, 0x0, 0xbf, 0x80,
    0xaf, 0x80, 0x0, 0x0, 0xaf, 0x80, 0xaf, 0x80,
    0x0, 0x0, 0xdf, 0x60, 0xaf, 0x80, 0x0, 0x2a,
    0xfd, 0x0, 0xaf, 0xff, 0xff, 0xff, 0xc1, 0x0,
    0xaf, 0xc9, 0x99, 0xad, 0xfc, 0x20, 0xaf, 0x80,
    0x0, 0x0, 0x9f, 0xd0, 0xaf, 0x80, 0x0, 0x0,
    0x1f, 0xf2, 0xaf, 0x80, 0x0, 0x0, 0x1f, 0xf3,
    0xaf, 0x80, 0x0, 0x0, 0x9f, 0xf0, 0xaf, 0xd9,
    0x99, 0xad, 0xff, 0x60, 0xaf, 0xff, 0xff, 0xfe,
    0xa3, 0x0,

    /* U+0043 "C" */
    0x0, 0x0, 0x3a, 0xdf, 0xec, 0x60, 0x0, 0x0,
    0x9, 0xff, 0xdb, 0xcf, 0xfc, 0x10, 0x0, 0x9f,
    0xe4, 0x0, 0x1, 0xcf, 0xa0, 0x3, 0xff, 0x30,
    0x0, 0x0, 0xd, 0x80, 0xa, 0xfa, 0x0, 0x0,
    0x0, 0x0, 0x0, 0xe, 0xf5, 0x0, 0x0, 0x0,
    0x0, 0x0, 0xf, 0xf2, 0x0, 0x0, 0x0, 0x0,
    0x0, 0x2f, 0xf2, 0x0, 0x0, 0x0, 0x0, 0x0,
    0xf, 0xf2, 0x0, 0x0, 0x0, 0x0, 0x0, 0xf,
    0xf5, 0x0, 0x0, 0x0, 0x0, 0x0, 0xa, 0xfa,
    0x0, 0x0, 0x0, 0x0, 0x0, 0x3, 0xff, 0x30,
    0x0, 0x0, 0x1d, 0x80, 0x0, 0x9f, 0xe4, 0x0,
    0x1, 0xcf, 0xa0, 0x0, 0x9, 0xff, 0xeb, 0xcf,
    0xfc, 0x10, 0x0, 0x0, 0x3a, 0xdf, 0xec, 0x60,
    0x0,

    /* U+0044 "D" */
    0xaf, 0xff, 0xff, 0xeb, 0x50, 0x0, 0xa, 0xfd,
    0xaa, 0xad, 0xff, 0xd2, 0x0, 0xaf, 0x80, 0x0,
    0x2, 0xbf, 0xf1, 0xa, 0xf8, 0x0, 0x0, 0x0,
    0xcf, 0xb0, 0xaf, 0x80, 0x0, 0x0, 0x3, 0xff,
    0x2a, 0xf8, 0x0, 0x0, 0x0, 0xd, 0xf7, 0xaf,
    0x80, 0x0, 0x0, 0x0, 0xaf, 0x9a, 0xf8, 0x0,
    0x0, 0x0, 0x9, 0xfa, 0xaf, 0x80, 0x0, 0x0,
    0x0, 0xaf, 0x9a, 0xf8, 0x0, 0x0, 0x0, 0xd,
    0xf7, 0xaf, 0x80, 0x0, 0x0, 0x2, 0xff, 0x2a,
    0xf8, 0x0, 0x0, 0x0, 0xcf, 0xc0, 0xaf, 0x80,
    0x0, 0x2, 0xbf, 0xf2, 0xa, 0xfd, 0xaa, 0xac,
    0xff, 0xd3, 0x0, 0xaf, 0xff, 0xff, 0xeb, 0x60,
    0x0, 0x0,

    /* U+0045 "E" */
    0xaf, 0xff, 0xff, 0xff, 0xf8, 0xaf, 0xec, 0xcc,
    0xcc, 0xc6, 0xaf, 0x80, 0x0, 0x0, 0x0, 0xaf,
    0x80, 0x0, 0x0, 0x0, 0xaf, 0x80, 0x0, 0x0,
    0x0, 0xaf, 0x80, 0x0, 0x0, 0x0, 0xaf, 0x80,
    0x0, 0x0, 0x0, 0xaf, 0xff, 0xff, 0xff, 0xf1,
    0xaf, 0xdb, 0xbb, 0xbb, 0xb0, 0xaf, 0x80, 0x0,
    0x0, 0x0, 0xaf, 0x80, 0x0, 0x0, 0x0, 0xaf,
    0x80, 0x0, 0x0, 0x0, 0xaf, 0x80, 0x0, 0x0,
    0x0, 0xaf, 0xdb, 0xbb, 0xbb, 0xb6, 0xaf, 0xff,
    0xff, 0xff, 0xf8,

    /* U+0046 "F" */
    0xaf, 0xff, 0xff, 0xff, 0xf4, 0xaf, 0xec, 0xcc,
    0xcc, 0xc3, 0xaf, 0x80, 0x0, 0x0, 0x0, 0xaf,
    0x80, 0x0, 0x0, 0x0, 0xaf, 0x80, 0x0, 0x0,
    0x0, 0xaf, 0x80, 0x0, 0x0, 0x0, 0xaf, 0x80,
    0x0, 0x0, 0x0, 0xaf, 0xff, 0xff, 0xff, 0xd0,
    0xaf, 0xdb, 0xbb, 0xbb, 0x90, 0xaf, 0x80, 0x0,
    0x0, 0x0, 0xaf, 0x80, 0x0, 0x0, 0x0, 0xaf,
    0x80, 0x0, 0x0, 0x0, 0xaf, 0x80, 0x0, 0x0,
    0x0, 0xaf, 0x80, 0x0, 0x0, 0x0, 0xaf, 0x80,
    0x0, 0x0, 0x0,

    /* U+0047 "G" */
    0x0, 0x0, 0x39, 0xdf, 0xec, 0x60, 0x0, 0x0,
    0x8, 0xff, 0xdb, 0xcf, 0xfc, 0x10, 0x0, 0x8f,
    0xf5, 0x0, 0x2, 0xdf, 0xa0, 0x3, 0xff, 0x40,
    0x0, 0x0, 0x1e, 0x90, 0x9, 0xfb, 0x0, 0x0,
    0x0, 0x0, 0x0, 0xe, 0xf6, 0x0, 0x0, 0x0,
    0x0, 0x0, 0xf, 0xf3, 0x0, 0x0, 0x0, 0x0,
    0x0, 0x2f, 0xf2, 0x0, 0x0, 0x8b, 0xbb, 0xb4,
    0xf, 0xf3, 0x0, 0x0, 0xcf, 0xff, 0xf7, 0xe,
    0xf5, 0x0, 0x0, 0x0, 0xc, 0xf6, 0x9, 0xfa,
    0x0, 0x0, 0x0, 0xe, 0xf4, 0x3, 0xff, 0x30,
    0x0, 0x0, 0x4f, 0xf0, 0x0, 0x8f, 0xe5, 0x0,
    0x2, 0xdf, 0x80, 0x0, 0x8, 0xff, 0xeb, 0xcf,
    0xfb, 0x0, 0x0, 0x0, 0x3a, 0xdf, 0xeb, 0x50,
    0x0,

    /* U+0048 "H" */
    0xaf, 0x80, 0x0, 0x0, 0x0, 0xcf, 0x5a, 0xf8,
    0x0, 0x0, 0x0, 0xc, 0xf5, 0xaf, 0x80, 0x0,
    0x0, 0x0, 0xcf, 0x5a, 0xf8, 0x0, 0x0, 0x0,
    0xc, 0xf5, 0xaf, 0x80, 0x0, 0x0, 0x0, 0xcf,
    0x5a, 0xf8, 0x0, 0x0, 0x0, 0xc, 0xf5, 0xaf,
    0x80, 0x0, 0x0, 0x0, 0xcf, 0x5a, 0xff, 0xff,
    0xff, 0xff, 0xff, 0xf5, 0xaf, 0xdb, 0xbb, 0xbb,
    0xbb, 0xef, 0x5a, 0xf8, 0x0, 0x0, 0x0, 0xc,
    0xf5, 0xaf, 0x80, 0x0, 0x0, 0x0, 0xcf, 0x5a,
    0xf8, 0x0, 0x0, 0x0, 0xc, 0xf5, 0xaf, 0x80,
    0x0, 0x0, 0x0, 0xcf, 0x5a, 0xf8, 0x0, 0x0,
    0x0, 0xc, 0xf5, 0xaf, 0x80, 0x0, 0x0, 0x0,
    0xcf, 0x50,

    /* U+0049 "I" */
    0xaf, 0x8a, 0xf8, 0xaf, 0x8a, 0xf8, 0xaf, 0x8a,
    0xf8, 0xaf, 0x8a, 0xf8, 0xaf, 0x8a, 0xf8, 0xaf,
    0x8a, 0xf8, 0xaf, 0x8a, 0xf8, 0xaf, 0x80,

    /* U+004A "J" */
    0x0, 0x0, 0x0, 0xdf, 0x40, 0x0, 0x0, 0xd,
    0xf4, 0x0, 0x0, 0x0, 0xdf, 0x40, 0x0, 0x0,
    0xd, 0xf4, 0x0, 0x0, 0x0, 0xdf, 0x40, 0x0,
    0x0, 0xd, 0xf4, 0x0, 0x0, 0x0, 0xdf, 0x40,
    0x0, 0x0, 0xd, 0xf4, 0x0, 0x0, 0x0, 0xdf,
    0x40, 0x0, 0x0, 0xd, 0xf4, 0x0, 0x0, 0x0,
    0xdf, 0x40, 0x0, 0x0, 0xf, 0xf3, 0x6f, 0x40,
    0x6, 0xfe, 0x4, 0xff, 0xcc, 0xff, 0x60, 0x4,
    0xcf, 0xfc, 0x50, 0x0,

    /* U+004B "K" */
    0xaf, 0x80, 0x0, 0x0, 0xcf, 0xc0, 0xaf, 0x80,
    0x0, 0xb, 0xfd, 0x10, 0xaf, 0x80, 0x0, 0xaf,
    0xe1, 0x0, 0xaf, 0x80, 0x8, 0xfe, 0x20, 0x0,
    0xaf, 0x80, 0x7f, 0xf3, 0x0, 0x0, 0xaf, 0x85,
    0xff, 0x40, 0x0, 0x0, 0xaf, 0xcf, 0xf5, 0x0,
    0x0, 0x0, 0xaf, 0xff, 0xf3, 0x0, 0x0, 0x0,
    0xaf, 0x8b, 0xfe, 0x20, 0x0, 0x0, 0xaf, 0x80,
    0xcf, 0xe1, 0x0, 0x0, 0xaf, 0x80, 0x1d, 0xfd,
    0x10, 0x0, 0xaf, 0x80, 0x2, 0xef, 0xc0, 0x0,
    0xaf, 0x80, 0x0, 0x3f, 0xfb, 0x0, 0xaf, 0x80,
    0x0, 0x4, 0xff, 0x90, 0xaf, 0x80, 0x0, 0x0,
    0x6f, 0xf8,

    /* U+004C "L" */
    0xaf, 0x80, 0x0, 0x0, 0x0, 0xaf, 0x80, 0x0,
    0x0, 0x0, 0xaf, 0x80, 0x0, 0x0, 0x0, 0xaf,
    0x80, 0x0, 0x0, 0x0, 0xaf, 0x80, 0x0, 0x0,
    0x0, 0xaf, 0x80, 0x0, 0x0, 0x0, 0xaf, 0x80,
    0x0, 0x0, 0x0, 0xaf, 0x80, 0x0, 0x0, 0x0,
    0xaf, 0x80, 0x0, 0x0, 0x0, 0xaf, 0x80, 0x0,
    0x0, 0x0, 0xaf, 0x80, 0x0, 0x0, 0x0, 0xaf,
    0x80, 0x0, 0x0, 0x0, 0xaf, 0x80, 0x0, 0x0,
    0x0, 0xaf, 0xdb, 0xbb, 0xbb, 0xb2, 0xaf, 0xff,
    0xff, 0xff, 0xf3,

    /* U+004D "M" */
    0xaf, 0xf1, 0x0, 0x0, 0x0, 0x0, 0x8f, 0xf5,
    0xaf, 0xf7, 0x0, 0x0, 0x0, 0x0, 0xef, 0xf5,
    0xaf, 0xfe, 0x0, 0x0, 0x0, 0x4, 0xff, 0xf5,
    0xaf, 0xff, 0x40, 0x0, 0x0, 0xa, 0xfe, 0xf5,
    0xaf, 0xaf, 0xa0, 0x0, 0x0, 0x1f, 0xdb, 0xf5,
    0xaf, 0x4f, 0xf1, 0x0, 0x0, 0x7f, 0x7b, 0xf5,
    0xaf, 0x3a, 0xf6, 0x0, 0x0, 0xdf, 0x1b, 0xf5,
    0xaf, 0x34, 0xfd, 0x0, 0x3, 0xfa, 0xb, 0xf5,
    0xaf, 0x30, 0xdf, 0x30, 0x9, 0xf4, 0xb, 0xf5,
    0xaf, 0x30, 0x7f, 0x90, 0xf, 0xe0, 0xb, 0xf5,
    0xaf, 0x30, 0x1f, 0xe0, 0x6f, 0x80, 0xb, 0xf5,
    0xaf, 0x30, 0xb, 0xf5, 0xcf, 0x20, 0xb, 0xf5,
    0xaf, 0x30, 0x5, 0xfd, 0xfb, 0x0, 0xb, 0xf5,
    0xaf, 0x30, 0x0, 0xef, 0xf5, 0x0, 0xb, 0xf5,
    0xaf, 0x30, 0x0, 0x8f, 0xe0, 0x0, 0xb, 0xf5,

    /* U+004E "N" */
    0xaf, 0xe1, 0x0, 0x0, 0x0, 0x9f, 0x6a, 0xff,
    0xb0, 0x0, 0x0, 0x9, 0xf6, 0xaf, 0xff, 0x60,
    0x0, 0x0, 0x9f, 0x6a, 0xfd, 0xff, 0x20, 0x0,
    0x9, 0xf6, 0xaf, 0x5c, 0xfc, 0x0, 0x0, 0x9f,
    0x6a, 0xf5, 0x2f, 0xf7, 0x0, 0x9, 0xf6, 0xaf,
    0x50, 0x6f, 0xf3, 0x0, 0x9f, 0x6a, 0xf5, 0x0,
    0xbf, 0xd0, 0x9, 0xf6, 0xaf, 0x50, 0x1, 0xef,
    0x80, 0x9f, 0x6a, 0xf5, 0x0, 0x5, 0xff, 0x49,
    0xf6, 0xaf, 0x50, 0x0, 0x9, 0xfe, 0xaf, 0x6a,
    0xf5, 0x0, 0x0, 0xd, 0xff, 0xf6, 0xaf, 0x50,
    0x0, 0x0, 0x3f, 0xff, 0x6a, 0xf5, 0x0, 0x0,
    0x0, 0x8f, 0xf6, 0xaf, 0x50, 0x0, 0x0, 0x0,
    0xcf, 0x60,

    /* U+004F "O" */
    0x0, 0x0, 0x3a, 0xdf, 0xeb, 0x50, 0x0, 0x0,
    0x0, 0x8f, 0xfd, 0xbc, 0xff, 0xc1, 0x0, 0x0,
    0x8f, 0xf4, 0x0, 0x2, 0xcf, 0xd0, 0x0, 0x3f,
    0xf4, 0x0, 0x0, 0x0, 0xef, 0x80, 0x9, 0xfb,
    0x0, 0x0, 0x0, 0x6, 0xfe, 0x0, 0xef, 0x50,
    0x0, 0x0, 0x0, 0x1f, 0xf3, 0xf, 0xf3, 0x0,
    0x0, 0x0, 0x0, 0xef, 0x62, 0xff, 0x20, 0x0,
    0x0, 0x0, 0xd, 0xf7, 0xf, 0xf3, 0x0, 0x0,
    0x0, 0x0, 0xef, 0x60, 0xef, 0x50, 0x0, 0x0,
    0x0, 0x1f, 0xf4, 0x9, 0xfa, 0x0, 0x0, 0x0,
    0x6, 0xfe, 0x0, 0x3f, 0xf3, 0x0, 0x0, 0x0,
    0xef, 0x80, 0x0, 0x8f, 0xf4, 0x0, 0x2, 0xcf,
    0xd0, 0x0, 0x0, 0x8f, 0xfd, 0xbc, 0xff, 0xc1,
    0x0, 0x0, 0x0, 0x3a, 0xdf, 0xeb, 0x50, 0x0,
    0x0,

    /* U+0050 "P" */
    0xaf, 0xff, 0xff, 0xd9, 0x20, 0xa, 0xfd, 0xaa,
    0xbe, 0xff, 0x40, 0xaf, 0x80, 0x0, 0xa, 0xfe,
    0xa, 0xf8, 0x0, 0x0, 0xe, 0xf5, 0xaf, 0x80,
    0x0, 0x0, 0xcf, 0x8a, 0xf8, 0x0, 0x0, 0xc,
    0xf8, 0xaf, 0x80, 0x0, 0x0, 0xff, 0x5a, 0xf8,
    0x0, 0x0, 0xaf, 0xe0, 0xaf, 0xda, 0xab, 0xef,
    0xf4, 0xa, 0xff, 0xff, 0xfe, 0x92, 0x0, 0xaf,
    0x80, 0x0, 0x0, 0x0, 0xa, 0xf8, 0x0, 0x0,
    0x0, 0x0, 0xaf, 0x80, 0x0, 0x0, 0x0, 0xa,
    0xf8, 0x0, 0x0, 0x0, 0x0, 0xaf, 0x80, 0x0,
    0x0, 0x0, 0x0,

    /* U+0051 "Q" */
    0x0, 0x0, 0x3a, 0xdf, 0xeb, 0x50, 0x0, 0x0,
    0x0, 0x8f, 0xfd, 0xbc, 0xff, 0xc1, 0x0, 0x0,
    0x8f, 0xf5, 0x0, 0x2, 0xcf, 0xd0, 0x0, 0x3f,
    0xf4, 0x0, 0x0, 0x0, 0xef, 0x80, 0x9, 0xfb,
    0x0, 0x0, 0x0, 0x6, 0xfe, 0x0, 0xef, 0x60,
    0x0, 0x0, 0x0, 0x1f, 0xf3, 0xf, 0xf3, 0x0,
    0x0, 0x0, 0x0, 0xdf, 0x62, 0xff, 0x20, 0x0,
    0x0, 0x0, 0xc, 0xf7, 0xf, 0xf3, 0x0, 0x0,
    0x0, 0x0, 0xdf, 0x60, 0xef, 0x60, 0x0, 0x0,
    0x0, 0xf, 0xf4, 0x9, 0xfb, 0x0, 0x0, 0x0,
    0x6, 0xfe, 0x0, 0x3f, 0xf4, 0x0, 0x0, 0x0,
    0xef, 0x80, 0x0, 0x8f, 0xf5, 0x0, 0x2, 0xcf,
    0xd0, 0x0, 0x0, 0x8f, 0xfd, 0xbc, 0xff, 0xc1,
    0x0, 0x0, 0x0, 0x3a, 0xdf, 0xed, 0xf8, 0x0,
    0x0, 0x0, 0x0, 0x0, 0x0, 0x1e, 0xf4, 0x0,
    0x0, 0x0, 0x0, 0x0, 0x0, 0x4f, 0xe1, 0x0,

    /* U+0052 "R" */
    0xaf, 0xff, 0xff, 0xeb, 0x40, 0x0, 0xaf, 0xca,
    0xaa, 0xdf, 0xf7, 0x0, 0xaf, 0x70, 0x0, 0x7,
    0xff, 0x20, 0xaf, 0x70, 0x0, 0x0, 0xdf, 0x70,
    0xaf, 0x70, 0x0, 0x0, 0xbf, 0x90, 0xaf, 0x70,
    0x0, 0x0, 0xdf, 0x70, 0xaf, 0x70, 0x0, 0x7,
    0xff, 0x20, 0xaf, 0xda, 0xab, 0xdf, 0xf7, 0x0,
    0xaf, 0xff, 0xff, 0xfd, 0x40, 0x0, 0xaf, 0x70,
    0x7, 0xfe, 0x10, 0x0, 0xaf, 0x70, 0x0, 0xcf,
    0xb0, 0x0, 0xaf, 0x70, 0x0, 0x2f, 0xf6, 0x0,
    0xaf, 0x70, 0x0, 0x7, 0xff, 0x20, 0xaf, 0x70,
    0x0, 0x0, 0xcf, 0xc0, 0xaf, 0x70, 0x0, 0x0,
    0x2f, 0xf8,

    /* U+0053 "S" */
    0x0, 0x29, 0xdf, 0xec, 0x70, 0x0, 0x4, 0xff,
    0xec, 0xcf, 0xfd, 0x10, 0xe, 0xf9, 0x0, 0x1,
    0xbf, 0xa0, 0x2f, 0xf1, 0x0, 0x0, 0x16, 0x0,
    0x2f, 0xf2, 0x0, 0x0, 0x0, 0x0, 0xe, 0xfd,
    0x30, 0x0, 0x0, 0x0, 0x5, 0xff, 0xfd, 0x95,
    0x0, 0x0, 0x0, 0x3a, 0xff, 0xff, 0xf8, 0x0,
    0x0, 0x0, 0x3, 0x8d, 0xff, 0x80, 0x0, 0x0,
    0x0, 0x0, 0x9f, 0xf0, 0x0, 0x0, 0x0, 0x0,
    0x2f, 0xf1, 0x3c, 0xa0, 0x0, 0x0, 0x3f, 0xf1,
    0x2f, 0xf8, 0x0, 0x1, 0xbf, 0xc0, 0x5, 0xff,
    0xfc, 0xdf, 0xfe, 0x20, 0x0, 0x28, 0xdf, 0xfd,
    0x81, 0x0,

    /* U+0054 "T" */
    0x9f, 0xff, 0xff, 0xff, 0xff, 0xf6, 0xcc, 0xcd,
    0xff, 0xcc, 0xcb, 0x0, 0x0, 0x6f, 0xc0, 0x0,
    0x0, 0x0, 0x6, 0xfc, 0x0, 0x0, 0x0, 0x0,
    0x6f, 0xc0, 0x0, 0x0, 0x0, 0x6, 0xfc, 0x0,
    0x0, 0x0, 0x0, 0x6f, 0xc0, 0x0, 0x0, 0x0,
    0x6, 0xfc, 0x0, 0x0, 0x0, 0x0, 0x6f, 0xc0,
    0x0, 0x0, 0x0, 0x6, 0xfc, 0x0, 0x0, 0x0,
    0x0, 0x6f, 0xc0, 0x0, 0x0, 0x0, 0x6, 0xfc,
    0x0, 0x0, 0x0, 0x0, 0x6f, 0xc0, 0x0, 0x0,
    0x0, 0x6, 0xfc, 0x0, 0x0, 0x0, 0x0, 0x6f,
    0xc0, 0x0, 0x0,

    /* U+0055 "U" */
    0xbf, 0x50, 0x0, 0x0, 0x0, 0xcf, 0x5b, 0xf5,
    0x0, 0x0, 0x0, 0xc, 0xf5, 0xbf, 0x50, 0x0,
    0x0, 0x0, 0xcf, 0x5b, 0xf5, 0x0, 0x0, 0x0,
    0xc, 0xf5, 0xbf, 0x50, 0x0, 0x0, 0x0, 0xcf,
    0x5b, 0xf5, 0x0, 0x0, 0x0, 0xc, 0xf5, 0xbf,
    0x50, 0x0, 0x0, 0x0, 0xcf, 0x5b, 0xf5, 0x0,
    0x0, 0x0, 0xc, 0xf5, 0xbf, 0x50, 0x0, 0x0,
    0x0, 0xcf, 0x5a, 0xf6, 0x0, 0x0, 0x0, 0xd,
    0xf4, 0x9f, 0x90, 0x0, 0x0, 0x0, 0xff, 0x34,
    0xfe, 0x0, 0x0, 0x0, 0x6f, 0xe0, 0xc, 0xfb,
    0x10, 0x0, 0x4f, 0xf6, 0x0, 0x1d, 0xff, 0xbb,
    0xdf, 0xf9, 0x0, 0x0, 0x7, 0xce, 0xfe, 0xa4,
    0x0, 0x0,

    /* U+0056 "V" */
    0xbf, 0xa0, 0x0, 0x0, 0x0, 0xc, 0xf7, 0x5f,
    0xf1, 0x0, 0x0, 0x0, 0x2f, 0xf1, 0xf, 0xf6,
    0x0, 0x0, 0x0, 0x7f, 0xb0, 0x9, 0xfc, 0x0,
    0x0, 0x0, 0xdf, 0x60, 0x3, 0xff, 0x20, 0x0,
    0x3, 0xff, 0x0, 0x0, 0xef, 0x80, 0x0, 0x9,
    0xfa, 0x0, 0x0, 0x8f, 0xd0, 0x0, 0xe, 0xf4,
    0x0, 0x0, 0x2f, 0xf3, 0x0, 0x5f, 0xe0, 0x0,
    0x0, 0xc, 0xf9, 0x0, 0xbf, 0x80, 0x0, 0x0,
    0x6, 0xfe, 0x1, 0xff, 0x30, 0x0, 0x0, 0x1,
    0xff, 0x56, 0xfd, 0x0, 0x0, 0x0, 0x0, 0xbf,
    0xbc, 0xf7, 0x0, 0x0, 0x0, 0x0, 0x5f, 0xff,
    0xf1, 0x0, 0x0, 0x0, 0x0, 0xf, 0xff, 0xb0,
    0x0, 0x0, 0x0, 0x0, 0x9, 0xff, 0x50, 0x0,
    0x0,

    /* U+0057 "W" */
    0x9f, 0xa0, 0x0, 0x0, 0x1f, 0xf6, 0x0, 0x0,
    0x5, 0xfc, 0x5f, 0xe0, 0x0, 0x0, 0x5f, 0xfa,
    0x0, 0x0, 0x9, 0xf8, 0xf, 0xf2, 0x0, 0x0,
    0xaf, 0xff, 0x0, 0x0, 0xe, 0xf3, 0xc, 0xf6,
    0x0, 0x0, 0xed, 0xbf, 0x40, 0x0, 0x2f, 0xf0,
    0x7, 0xfa, 0x0, 0x3, 0xf9, 0x6f, 0x90, 0x0,
    0x7f, 0xa0, 0x3, 0xfe, 0x0, 0x7, 0xf5, 0x1f,
    0xd0, 0x0, 0xbf, 0x60, 0x0, 0xef, 0x20, 0xc,
    0xf0, 0xd, 0xf2, 0x0, 0xff, 0x20, 0x0, 0xaf,
    0x60, 0x1f, 0xc0, 0x8, 0xf7, 0x4, 0xfd, 0x0,
    0x0, 0x6f, 0xa0, 0x5f, 0x70, 0x4, 0xfc, 0x8,
    0xf9, 0x0, 0x0, 0x1f, 0xe0, 0x9f, 0x30, 0x0,
    0xff, 0x1c, 0xf4, 0x0, 0x0, 0xd, 0xf3, 0xee,
    0x0, 0x0, 0xbf, 0x7f, 0xf0, 0x0, 0x0, 0x9,
    0xf9, 0xfa, 0x0, 0x0, 0x6f, 0xef, 0xb0, 0x0,
    0x0, 0x4, 0xff, 0xf5, 0x0, 0x0, 0x2f, 0xff,
    0x70, 0x0, 0x0, 0x0, 0xff, 0xf1, 0x0, 0x0,
    0xd, 0xff, 0x30, 0x0, 0x0, 0x0, 0xbf, 0xc0,
    0x0, 0x0, 0x9, 0xfe, 0x0, 0x0,

    /* U+0058 "X" */
    0x5f, 0xf3, 0x0, 0x0, 0x1, 0xef, 0x50, 0xbf,
    0xc0, 0x0, 0x0, 0xaf, 0xb0, 0x1, 0xef, 0x60,
    0x0, 0x4f, 0xf1, 0x0, 0x5, 0xff, 0x10, 0xd,
    0xf6, 0x0, 0x0, 0xb, 0xfa, 0x8, 0xfb, 0x0,
    0x0, 0x0, 0x1e, 0xf7, 0xff, 0x10, 0x0, 0x0,
    0x0, 0x5f, 0xff, 0x60, 0x0, 0x0, 0x0, 0x0,
    0xff, 0xf0, 0x0, 0x0, 0x0, 0x0, 0x8f, 0xff,
    0x80, 0x0, 0x0, 0x0, 0x3f, 0xf4, 0xff, 0x30,
    0x0, 0x0, 0xd, 0xf6, 0x8, 0xfd, 0x0, 0x0,
    0x8, 0xfc, 0x0, 0xd, 0xf8, 0x0, 0x3, 0xff,
    0x20, 0x0, 0x4f, 0xf3, 0x0, 0xdf, 0x80, 0x0,
    0x0, 0xaf, 0xd0, 0x8f, 0xd0, 0x0, 0x0, 0x1,
    0xef, 0x80,

    /* U+0059 "Y" */
    0xaf, 0xc0, 0x0, 0x0, 0x0, 0x9f, 0x91, 0xff,
    0x60, 0x0, 0x0, 0x3f, 0xe1, 0x7, 0xfe, 0x10,
    0x0, 0xc, 0xf6, 0x0, 0xd, 0xf9, 0x0, 0x5,
    0xfc, 0x0, 0x0, 0x4f, 0xf2, 0x0, 0xef, 0x30,
    0x0, 0x0, 0xaf, 0xb0, 0x8f, 0x90, 0x0, 0x0,
    0x1, 0xff, 0x7f, 0xe1, 0x0, 0x0, 0x0, 0x7,
    0xff, 0xf6, 0x0, 0x0, 0x0, 0x0, 0xd, 0xfc,
    0x0, 0x0, 0x0, 0x0, 0x0, 0x9f, 0x90, 0x0,
    0x0, 0x0, 0x0, 0x9, 0xf9, 0x0, 0x0, 0x0,
    0x0, 0x0, 0x9f, 0x90, 0x0, 0x0, 0x0, 0x0,
    0x9, 0xf9, 0x0, 0x0, 0x0, 0x0, 0x0, 0x9f,
    0x90, 0x0, 0x0, 0x0, 0x0, 0x9, 0xf9, 0x0,
    0x0, 0x0,

    /* U+005A "Z" */
    0xe, 0xff, 0xff, 0xff, 0xff, 0xfe, 0x0, 0xab,
    0xbb, 0xbb, 0xbb, 0xff, 0xb0, 0x0, 0x0, 0x0,
    0x0, 0x6f, 0xe1, 0x0, 0x0, 0x0, 0x0, 0x2f,
    0xf4, 0x0, 0x0, 0x0, 0x0, 0xc, 0xf9, 0x0,
    0x0, 0x0, 0x0, 0x8, 0xfd, 0x0, 0x0, 0x0,
    0x0, 0x4, 0xff, 0x20, 0x0, 0x0, 0x0, 0x1,
    0xef, 0x70, 0x0, 0x0, 0x0, 0x0, 0xaf, 0xb0,
    0x0, 0x0, 0x0, 0x0, 0x6f, 0xe1, 0x0, 0x0,
    0x0, 0x0, 0x2f, 0xf4, 0x0, 0x0, 0x0, 0x0,
    0xc, 0xf9, 0x0, 0x0, 0x0, 0x0, 0x8, 0xfd,
    0x0, 0x0, 0x0, 0x0, 0x3, 0xff, 0xdb, 0xbb,
    0xbb, 0xbb, 0xb0, 0x6f, 0xff, 0xff, 0xff, 0xff,
    0xff, 0x0,

    /* U+005B "[" */
    0x4f, 0xff, 0xf7, 0x4f, 0xff, 0xf7, 0x4f, 0xc0,
    0x0, 0x4f, 0xc0, 0x0, 0x4f, 0xc0, 0x0, 0x4f,
    0xc0, 0x0, 0x4f, 0xc0, 0x0, 0x4f, 0xc0, 0x0,
    0x4f, 0xc0, 0x0, 0x4f, 0xc0, 0x0, 0x4f, 0xc0,
    0x0, 0x4f, 0xc0, 0x0, 0x4f, 0xc0, 0x0, 0x4f,
    0xc0, 0x0, 0x4f, 0xc0, 0x0, 0x4f, 0xc0, 0x0,
    0x4f, 0xff, 0xf7, 0x4f, 0xff, 0xf7,

    /* U+005C "\\" */
    0x9f, 0x60, 0x0, 0x5, 0xfa, 0x0, 0x0, 0x1f,
    0xd0, 0x0, 0x0, 0xef, 0x10, 0x0, 0xa, 0xf5,
    0x0, 0x0, 0x6f, 0x80, 0x0, 0x3, 0xfc, 0x0,
    0x0, 0xf, 0xf0, 0x0, 0x0, 0xcf, 0x40, 0x0,
    0x8, 0xf7, 0x0, 0x0, 0x4f, 0xb0, 0x0, 0x1,
    0xfe, 0x0, 0x0, 0xd, 0xf2, 0x0, 0x0, 0x9f,
    0x60, 0x0, 0x6, 0xfa, 0x0, 0x0, 0x2f, 0xd0,
    0x0, 0x0, 0xef, 0x10, 0x0, 0xb, 0xf5,

    /* U+005D "]" */
    0x9f, 0xff, 0xf2, 0xaf, 0xff, 0xf2, 0x0, 0xe,
    0xf2, 0x0, 0xe, 0xf2, 0x0, 0xe, 0xf2, 0x0,
    0xe, 0xf2, 0x0, 0xe, 0xf2, 0x0, 0xe, 0xf2,
    0x0, 0xe, 0xf2, 0x0, 0xe, 0xf2, 0x0, 0xe,
    0xf2, 0x0, 0xe, 0xf2, 0x0, 0xe, 0xf2, 0x0,
    0xe, 0xf2, 0x0, 0xe, 0xf2, 0x0, 0xe, 0xf2,
    0x9f, 0xff, 0xf2, 0xaf, 0xff, 0xf2,

    /* U+005E "^" */
    0x0, 0x0, 0x76, 0x0, 0x0, 0x0, 0x6, 0xff,
    0x20, 0x0, 0x0, 0xd, 0xef, 0xa0, 0x0, 0x0,
    0x5f, 0x7a, 0xf1, 0x0, 0x0, 0xcf, 0x3, 0xf9,
    0x0, 0x4, 0xf8, 0x0, 0xbf, 0x10, 0xb, 0xf1,
    0x0, 0x4f, 0x70, 0x2f, 0xa0, 0x0, 0xd, 0xe0,
    0xaf, 0x20, 0x0, 0x6, 0xf6,

    /* U+005F "_" */
    0xaa, 0xaa, 0xaa, 0x9f, 0xff, 0xff, 0xfd,

    /* U+0060 "`" */
    0x35, 0x10, 0x5f, 0x90, 0xd, 0xf0, 0x5, 0xf5,

    /* U+0061 "a" */
    0x1, 0x8d, 0xff, 0xb4, 0x0, 0x1e, 0xfd, 0xab,
    0xff, 0x60, 0x4e, 0x70, 0x0, 0x5f, 0xf0, 0x0,
    0x0, 0x0, 0xd, 0xf3, 0x0, 0x47, 0x88, 0x8e,
    0xf4, 0x2d, 0xff, 0xff, 0xff, 0xf4, 0xbf, 0xb2,
    0x0, 0xb, 0xf4, 0xff, 0x20, 0x0, 0xd, 0xf4,
    0xef, 0x40, 0x0, 0x6f, 0xf4, 0x8f, 0xfa, 0xad,
    0xfd, 0xf4, 0x6, 0xcf, 0xfc, 0x47, 0xf5,

    /* U+0062 "b" */
    0xbf, 0x30, 0x0, 0x0, 0x0, 0xb, 0xf3, 0x0,
    0x0, 0x0, 0x0, 0xbf, 0x30, 0x0, 0x0, 0x0,
    0xb, 0xf3, 0x0, 0x0, 0x0, 0x0, 0xbf, 0x48,
    0xdf, 0xe9, 0x20, 0xb, 0xfe, 0xfc, 0xad, 0xfe,
    0x30, 0xbf, 0xf4, 0x0, 0x8, 0xfd, 0xb, 0xfa,
    0x0, 0x0, 0xe, 0xf4, 0xbf, 0x50, 0x0, 0x0,
    0xaf, 0x8b, 0xf4, 0x0, 0x0, 0x8, 0xf9, 0xbf,
    0x50, 0x0, 0x0, 0xaf, 0x8b, 0xfa, 0x0, 0x0,
    0xe, 0xf4, 0xbf, 0xf4, 0x0, 0x8, 0xfd, 0xc,
    0xfc, 0xfb, 0x9d, 0xfe, 0x30, 0xcf, 0x8, 0xdf,
    0xe9, 0x20, 0x0,

    /* U+0063 "c" */
    0x0, 0x5, 0xce, 0xfc, 0x60, 0x0, 0xa, 0xff,
    0xba, 0xff, 0x90, 0x7, 0xfd, 0x10, 0x1, 0xeb,
    0x0, 0xef, 0x40, 0x0, 0x0, 0x0, 0x1f, 0xf0,
    0x0, 0x0, 0x0, 0x3, 0xfe, 0x0, 0x0, 0x0,
    0x0, 0x1f, 0xf0, 0x0, 0x0, 0x0, 0x0, 0xef,
    0x40, 0x0, 0x0, 0x0, 0x7, 0xfd, 0x10, 0x1,
    0xeb, 0x0, 0xb, 0xff, 0xaa, 0xff, 0x90, 0x0,
    0x6, 0xcf, 0xfd, 0x60, 0x0,

    /* U+0064 "d" */
    0x0, 0x0, 0x0, 0x0, 0xd, 0xf2, 0x0, 0x0,
    0x0, 0x0, 0xd, 0xf2, 0x0, 0x0, 0x0, 0x0,
    0xd, 0xf2, 0x0, 0x0, 0x0, 0x0, 0xd, 0xf2,
    0x0, 0x6, 0xcf, 0xea, 0x2d, 0xf2, 0x0, 0xbf,
    0xfb, 0xae, 0xff, 0xf2, 0x7, 0xfd, 0x10, 0x1,
    0xdf, 0xf2, 0xe, 0xf5, 0x0, 0x0, 0x4f, 0xf2,
    0x1f, 0xf0, 0x0, 0x0, 0xf, 0xf2, 0x3f, 0xf0,
    0x0, 0x0, 0xe, 0xf2, 0x1f, 0xf0, 0x0, 0x0,
    0xf, 0xf2, 0xe, 0xf5, 0x0, 0x0, 0x4f, 0xf2,
    0x7, 0xfd, 0x10, 0x0, 0xcf, 0xf2, 0x0, 0xbf,
    0xea, 0xae, 0xfd, 0xf2, 0x0, 0x6, 0xcf, 0xeb,
    0x28, 0xf3,

    /* U+0065 "e" */
    0x0, 0x6, 0xcf, 0xfc, 0x40, 0x0, 0xb, 0xff,
    0xbb, 0xff, 0x60, 0x7, 0xfd, 0x10, 0x4, 0xff,
    0x10, 0xef, 0x40, 0x0, 0xa, 0xf7, 0x1f, 0xf2,
    0x22, 0x22, 0x7f, 0xb3, 0xff, 0xff, 0xff, 0xff,
    0xfc, 0x1f, 0xf5, 0x55, 0x55, 0x55, 0x30, 0xef,
    0x20, 0x0, 0x0, 0x0, 0x7, 0xfc, 0x10, 0x0,
    0x9d, 0x30, 0xa, 0xff, 0xba, 0xdf, 0xd1, 0x0,
    0x5, 0xce, 0xfd, 0x81, 0x0,

    /* U+0066 "f" */
    0x0, 0x7, 0xdf, 0xe2, 0x0, 0x8f, 0xfa, 0xa1,
    0x0, 0xef, 0x30, 0x0, 0x0, 0xff, 0x0, 0x0,
    0xcf, 0xff, 0xff, 0xa0, 0x69, 0xff, 0x88, 0x50,
    0x0, 0xff, 0x0, 0x0, 0x0, 0xff, 0x0, 0x0,
    0x0, 0xff, 0x0, 0x0, 0x0, 0xff, 0x0, 0x0,
    0x0, 0xff, 0x0, 0x0, 0x0, 0xff, 0x0, 0x0,
    0x0, 0xff, 0x0, 0x0, 0x0, 0xff, 0x0, 0x0,
    0x0, 0xff, 0x0, 0x0,

    /* U+0067 "g" */
    0x0, 0x6, 0xcf, 0xea, 0x29, 0xf2, 0x0, 0xbf,
    0xe9, 0x9e, 0xfd, 0xf2, 0x7, 0xfd, 0x10, 0x0,
    0xcf, 0xf2, 0xe, 0xf4, 0x0, 0x0, 0x4f, 0xf2,
    0x1f, 0xf0, 0x0, 0x0, 0xf, 0xf2, 0x3f, 0xf0,
    0x0, 0x0, 0xe, 0xf2, 0x1f, 0xf0, 0x0, 0x0,
    0xf, 0xf2, 0xe, 0xf4, 0x0, 0x0, 0x4f, 0xf2,
    0x7, 0xfd, 0x10, 0x0, 0xcf, 0xf2, 0x0, 0xbf,
    0xe9, 0x9e, 0xff, 0xf2, 0x0, 0x6, 0xdf, 0xea,
    0x2e, 0xf1, 0x0, 0x0, 0x0, 0x0, 0x1f, 0xe0,
    0xa, 0xe2, 0x0, 0x0, 0xaf, 0x80, 0x5, 0xff,
    0xa8, 0x9e, 0xfc, 0x0, 0x0, 0x3a, 0xdf, 0xfc,
    0x70, 0x0,

    /* U+0068 "h" */
    0xdf, 0x30, 0x0, 0x0, 0x0, 0xdf, 0x30, 0x0,
    0x0, 0x0, 0xdf, 0x30, 0x0, 0x0, 0x0, 0xdf,
    0x30, 0x0, 0x0, 0x0, 0xdf, 0x37, 0xdf, 0xea,
    0x20, 0xdf, 0xdf, 0xca, 0xdf, 0xf2, 0xdf, 0xf4,
    0x0, 0xb, 0xf9, 0xdf, 0x80, 0x0, 0x4, 0xfc,
    0xdf, 0x40, 0x0, 0x2, 0xfd, 0xdf, 0x30, 0x0,
    0x2, 0xfd, 0xdf, 0x30, 0x0, 0x2, 0xfd, 0xdf,
    0x30, 0x0, 0x2, 0xfd, 0xdf, 0x30, 0x0, 0x2,
    0xfd, 0xdf, 0x30, 0x0, 0x2, 0xfd, 0xdf, 0x30,
    0x0, 0x2, 0xfd,

    /* U+0069 "i" */
    0x9f, 0x6d, 0xfa, 0x26, 0x10, 0x0, 0x9f, 0x69,
    0xf6, 0x9f, 0x69, 0xf6, 0x9f, 0x69, 0xf6, 0x9f,
    0x69, 0xf6, 0x9f, 0x69, 0xf6, 0x9f, 0x60,

    /* U+006A "j" */
    0x0, 0x9, 0xf6, 0x0, 0xc, 0xfa, 0x0, 0x2,
    0x61, 0x0, 0x0, 0x0, 0x0, 0x9, 0xf6, 0x0,
    0x9, 0xf6, 0x0, 0x9, 0xf6, 0x0, 0x9, 0xf6,
    0x0, 0x9, 0xf6, 0x0, 0x9, 0xf6, 0x0, 0x9,
    0xf6, 0x0, 0x9, 0xf6, 0x0, 0x9, 0xf6, 0x0,
    0x9, 0xf6, 0x0, 0x9, 0xf6, 0x0, 0x9, 0xf6,
    0x0, 0xd, 0xf3, 0x3a, 0xdf, 0xd0, 0x4f, 0xea,
    0x10,

    /* U+006B "k" */
    0xdf, 0x30, 0x0, 0x0, 0x0, 0xdf, 0x30, 0x0,
    0x0, 0x0, 0xdf, 0x30, 0x0, 0x0, 0x0, 0xdf,
    0x30, 0x0, 0x0, 0x0, 0xdf, 0x30, 0x0, 0xcf,
    0x90, 0xdf, 0x30, 0xb, 0xfa, 0x0, 0xdf, 0x30,
    0xaf, 0xb0, 0x0, 0xdf, 0x39, 0xfc, 0x0, 0x0,
    0xdf, 0xaf, 0xc0, 0x0, 0x0, 0xdf, 0xff, 0xa0,
    0x0, 0x0, 0xdf, 0x5e, 0xf8, 0x0, 0x0, 0xdf,
    0x33, 0xff, 0x60, 0x0, 0xdf, 0x30, 0x5f, 0xf4,
    0x0, 0xdf, 0x30, 0x7, 0xff, 0x30, 0xdf, 0x30,
    0x0, 0x9f, 0xe2,

    /* U+006C "l" */
    0xdf, 0x2d, 0xf2, 0xdf, 0x2d, 0xf2, 0xdf, 0x2d,
    0xf2, 0xdf, 0x2d, 0xf2, 0xdf, 0x2d, 0xf2, 0xdf,
    0x2d, 0xf2, 0xdf, 0x2d, 0xf2, 0xdf, 0x20,

    /* U+006D "m" */
    0xab, 0x8, 0xef, 0xd7, 0x1, 0xae, 0xfd, 0x60,
    0xcf, 0xcf, 0xbb, 0xff, 0x9e, 0xea, 0xbf, 0xf4,
    0xbf, 0xe1, 0x0, 0x5f, 0xfc, 0x10, 0x7, 0xfc,
    0xbf, 0x60, 0x0, 0xf, 0xf4, 0x0, 0x2, 0xfe,
    0xbf, 0x40, 0x0, 0xe, 0xf2, 0x0, 0x0, 0xff,
    0xbf, 0x30, 0x0, 0xe, 0xf1, 0x0, 0x0, 0xff,
    0xbf, 0x30, 0x0, 0xe, 0xf1, 0x0, 0x0, 0xff,
    0xbf, 0x30, 0x0, 0xe, 0xf1, 0x0, 0x0, 0xff,
    0xbf, 0x30, 0x0, 0xe, 0xf1, 0x0, 0x0, 0xff,
    0xbf, 0x30, 0x0, 0xe, 0xf1, 0x0, 0x0, 0xff,
    0xbf, 0x30, 0x0, 0xe, 0xf1, 0x0, 0x0, 0xff,

    /* U+006E "n" */
    0xcf, 0x7, 0xdf, 0xfb, 0x30, 0xcf, 0xaf, 0xca,
    0xdf, 0xf2, 0xcf, 0xf4, 0x0, 0xa, 0xfa, 0xcf,
    0x80, 0x0, 0x3, 0xfd, 0xcf, 0x50, 0x0, 0x1,
    0xfe, 0xcf, 0x30, 0x0, 0x1, 0xfe, 0xcf, 0x30,
    0x0, 0x1, 0xfe, 0xcf, 0x30, 0x0, 0x1, 0xfe,
    0xcf, 0x30, 0x0, 0x1, 0xfe, 0xcf, 0x30, 0x0,
    0x1, 0xfe, 0xcf, 0x30, 0x0, 0x1, 0xfe,

    /* U+006F "o" */
    0x0, 0x5, 0xce, 0xfc, 0x50, 0x0, 0x0, 0xaf,
    0xfa, 0xaf, 0xfa, 0x0, 0x6, 0xfd, 0x10, 0x1,
    0xdf, 0x70, 0xd, 0xf4, 0x0, 0x0, 0x4f, 0xe0,
    0x1f, 0xf0, 0x0, 0x0, 0xf, 0xf1, 0x3f, 0xe0,
    0x0, 0x0, 0xe, 0xf3, 0x1f, 0xf0, 0x0, 0x0,
    0xf, 0xf1, 0xd, 0xf4, 0x0, 0x0, 0x4f, 0xe0,
    0x6, 0xfd, 0x10, 0x1, 0xdf, 0x70, 0x0, 0xaf,
    0xfa, 0xaf, 0xfa, 0x0, 0x0, 0x5, 0xcf, 0xfc,
    0x60, 0x0,

    /* U+0070 "p" */
    0xab, 0x8, 0xdf, 0xe9, 0x10, 0xc, 0xfc, 0xfb,
    0xad, 0xfe, 0x30, 0xcf, 0xf4, 0x0, 0x8, 0xfd,
    0xc, 0xfa, 0x0, 0x0, 0xe, 0xf4, 0xcf, 0x50,
    0x0, 0x0, 0xaf, 0x8c, 0xf4, 0x0, 0x0, 0x8,
    0xf9, 0xcf, 0x50, 0x0, 0x0, 0xaf, 0x8c, 0xfa,
    0x0, 0x0, 0xe, 0xf4, 0xcf, 0xf4, 0x0, 0x9,
    0xfd, 0xc, 0xfe, 0xfc, 0xad, 0xfe, 0x30, 0xcf,
    0x48, 0xdf, 0xe9, 0x20, 0xc, 0xf3, 0x0, 0x0,
    0x0, 0x0, 0xcf, 0x30, 0x0, 0x0, 0x0, 0xc,
    0xf3, 0x0, 0x0, 0x0, 0x0, 0xcf, 0x30, 0x0,
    0x0, 0x0, 0x0,

    /* U+0071 "q" */
    0x0, 0x6, 0xcf, 0xea, 0x28, 0xf3, 0x0, 0xbf,
    0xfa, 0xae, 0xfd, 0xf2, 0x7, 0xfd, 0x10, 0x1,
    0xcf, 0xf2, 0xe, 0xf5, 0x0, 0x0, 0x4f, 0xf2,
    0x1f, 0xf0, 0x0, 0x0, 0xf, 0xf2, 0x3f, 0xf0,
    0x0, 0x0, 0xe, 0xf2, 0x1f, 0xf0, 0x0, 0x0,
    0xf, 0xf2, 0xe, 0xf5, 0x0, 0x0, 0x4f, 0xf2,
    0x7, 0xfd, 0x10, 0x1, 0xcf, 0xf2, 0x0, 0xbf,
    0xfb, 0xae, 0xff, 0xf2, 0x0, 0x6, 0xcf, 0xea,
    0x2d, 0xf2, 0x0, 0x0, 0x0, 0x0, 0xd, 0xf2,
    0x0, 0x0, 0x0, 0x0, 0xd, 0xf2, 0x0, 0x0,
    0x0, 0x0, 0xd, 0xf2, 0x0, 0x0, 0x0, 0x0,
    0xd, 0xf2,

    /* U+0072 "r" */
    0xab, 0x8, 0xee, 0xcf, 0xaf, 0xdb, 0xbf, 0xf4,
    0x0, 0xbf, 0x80, 0x0, 0xbf, 0x40, 0x0, 0xbf,
    0x30, 0x0, 0xbf, 0x30, 0x0, 0xbf, 0x30, 0x0,
    0xbf, 0x30, 0x0, 0xbf, 0x30, 0x0, 0xbf, 0x30,
    0x0,

    /* U+0073 "s" */
    0x0, 0x6c, 0xfe, 0xc5, 0x0, 0xa, 0xfe, 0xaa,
    0xff, 0x60, 0x2f, 0xe0, 0x0, 0x1c, 0x50, 0x2f,
    0xe1, 0x0, 0x0, 0x0, 0xd, 0xfe, 0x96, 0x20,
    0x0, 0x1, 0x9e, 0xff, 0xfc, 0x20, 0x0, 0x0,
    0x16, 0xdf, 0xd0, 0x1, 0x0, 0x0, 0xf, 0xf1,
    0x6f, 0x60, 0x0, 0x1f, 0xf0, 0x1e, 0xfc, 0xaa,
    0xff, 0x80, 0x1, 0x8d, 0xfe, 0xc5, 0x0,

    /* U+0074 "t" */
    0x1, 0xff, 0x0, 0x0, 0x1f, 0xf0, 0x0, 0xff,
    0xff, 0xff, 0xb8, 0x9f, 0xf8, 0x86, 0x1, 0xff,
    0x0, 0x0, 0x1f, 0xf0, 0x0, 0x1, 0xff, 0x0,
    0x0, 0x1f, 0xf0, 0x0, 0x1, 0xff, 0x0, 0x0,
    0xf, 0xf0, 0x0, 0x0, 0xef, 0x20, 0x0, 0x9,
    0xfe, 0xa7, 0x0, 0x8, 0xef, 0xa0,

    /* U+0075 "u" */
    0xdf, 0x30, 0x0, 0x2, 0xfd, 0xdf, 0x30, 0x0,
    0x2, 0xfd, 0xdf, 0x30, 0x0, 0x2, 0xfd, 0xdf,
    0x30, 0x0, 0x2, 0xfd, 0xdf, 0x30, 0x0, 0x2,
    0xfd, 0xdf, 0x30, 0x0, 0x2, 0xfd, 0xcf, 0x30,
    0x0, 0x3, 0xfd, 0xcf, 0x40, 0x0, 0x6, 0xfd,
    0x8f, 0x90, 0x0, 0x1e, 0xfd, 0x1e, 0xfb, 0x79,
    0xed, 0xfd, 0x2, 0xae, 0xfd, 0x81, 0xde,

    /* U+0076 "v" */
    0x9f, 0xa0, 0x0, 0x0, 0x4f, 0xd0, 0x3f, 0xf0,
    0x0, 0x0, 0xaf, 0x60, 0xd, 0xf5, 0x0, 0x0,
    0xff, 0x10, 0x6, 0xfb, 0x0, 0x5, 0xfa, 0x0,
    0x1, 0xff, 0x10, 0xb, 0xf4, 0x0, 0x0, 0xaf,
    0x70, 0x1f, 0xe0, 0x0, 0x0, 0x4f, 0xd0, 0x7f,
    0x80, 0x0, 0x0, 0xd, 0xf3, 0xcf, 0x20, 0x0,
    0x0, 0x7, 0xfb, 0xfb, 0x0, 0x0, 0x0, 0x1,
    0xff, 0xf5, 0x0, 0x0, 0x0, 0x0, 0xbf, 0xf0,
    0x0, 0x0,

    /* U+0077 "w" */
    0x6f, 0xa0, 0x0, 0xa, 0xfd, 0x0, 0x0, 0x7f,
    0x72, 0xfe, 0x0, 0x0, 0xff, 0xf2, 0x0, 0xb,
    0xf3, 0xd, 0xf2, 0x0, 0x4f, 0xef, 0x70, 0x0,
    0xfe, 0x0, 0x8f, 0x60, 0x9, 0xf5, 0xfc, 0x0,
    0x4f, 0x90, 0x4, 0xfb, 0x0, 0xee, 0xd, 0xf1,
    0x8, 0xf5, 0x0, 0xf, 0xf0, 0x3f, 0x90, 0x8f,
    0x60, 0xcf, 0x0, 0x0, 0xaf, 0x38, 0xf4, 0x3,
    0xfb, 0x1f, 0xb0, 0x0, 0x6, 0xf7, 0xde, 0x0,
    0xe, 0xf5, 0xf6, 0x0, 0x0, 0x1f, 0xdf, 0xa0,
    0x0, 0x9f, 0xef, 0x20, 0x0, 0x0, 0xcf, 0xf5,
    0x0, 0x4, 0xff, 0xd0, 0x0, 0x0, 0x8, 0xff,
    0x0, 0x0, 0xf, 0xf8, 0x0, 0x0,

    /* U+0078 "x" */
    0x6f, 0xe0, 0x0, 0x4, 0xfc, 0x0, 0xbf, 0x90,
    0x1, 0xef, 0x20, 0x1, 0xef, 0x40, 0xaf, 0x60,
    0x0, 0x4, 0xfd, 0x6f, 0xb0, 0x0, 0x0, 0x9,
    0xff, 0xf1, 0x0, 0x0, 0x0, 0x1f, 0xf9, 0x0,
    0x0, 0x0, 0xa, 0xff, 0xf3, 0x0, 0x0, 0x6,
    0xfc, 0x6f, 0xd0, 0x0, 0x2, 0xff, 0x20, 0xbf,
    0x90, 0x0, 0xcf, 0x60, 0x1, 0xef, 0x40, 0x7f,
    0xc0, 0x0, 0x5, 0xfe, 0x10,

    /* U+0079 "y" */
    0x9f, 0xa0, 0x0, 0x0, 0x4f, 0xc0, 0x3f, 0xf1,
    0x0, 0x0, 0xaf, 0x60, 0xc, 0xf6, 0x0, 0x1,
    0xfe, 0x0, 0x6, 0xfc, 0x0, 0x7, 0xf8, 0x0,
    0x0, 0xff, 0x20, 0xd, 0xf2, 0x0, 0x0, 0x9f,
    0x90, 0x3f, 0xb0, 0x0, 0x0, 0x2f, 0xe0, 0xaf,
    0x40, 0x0, 0x0, 0xc, 0xf6, 0xfe, 0x0, 0x0,
    0x0, 0x6, 0xff, 0xf7, 0x0, 0x0, 0x0, 0x0,
    0xff, 0xf1, 0x0, 0x0, 0x0, 0x0, 0x9f, 0xa0,
    0x0, 0x0, 0x0, 0x0, 0xcf, 0x30, 0x0, 0x0,
    0x0, 0x3, 0xfc, 0x0, 0x0, 0x0, 0x0, 0xb,
    0xf6, 0x0, 0x0, 0x0, 0x0, 0x3f, 0xe0, 0x0,
    0x0, 0x0,

    /* U+007A "z" */
    0x1f, 0xff, 0xff, 0xff, 0xfa, 0x8, 0x88, 0x88,
    0x9f, 0xf6, 0x0, 0x0, 0x0, 0xaf, 0xa0, 0x0,
    0x0, 0x7, 0xfd, 0x0, 0x0, 0x0, 0x3f, 0xf2,
    0x0, 0x0, 0x1, 0xef, 0x50, 0x0, 0x0, 0xb,
    0xf9, 0x0, 0x0, 0x0, 0x8f, 0xc0, 0x0, 0x0,
    0x4, 0xfe, 0x10, 0x0, 0x0, 0x1e, 0xfb, 0x88,
    0x88, 0x86, 0x5f, 0xff, 0xff, 0xff, 0xfc,

    /* U+007B "{" */
    0x0, 0x7, 0xce, 0x60, 0x9, 0xff, 0xf7, 0x0,
    0xff, 0x70, 0x0, 0xf, 0xf1, 0x0, 0x0, 0xbf,
    0x50, 0x0, 0x5, 0xfb, 0x0, 0x0, 0x2f, 0xf0,
    0x0, 0x6, 0xfe, 0x0, 0x4f, 0xff, 0x50, 0x5,
    0xff, 0xe4, 0x0, 0x0, 0x8f, 0xd0, 0x0, 0x2,
    0xff, 0x0, 0x0, 0x4f, 0xc0, 0x0, 0xa, 0xf6,
    0x0, 0x0, 0xff, 0x10, 0x0, 0xf, 0xf5, 0x0,
    0x0, 0xaf, 0xfe, 0x60, 0x1, 0x9e, 0xf7,

    /* U+007C "|" */
    0x5f, 0xa5, 0xfa, 0x5f, 0xa5, 0xfa, 0x5f, 0xa5,
    0xfa, 0x5f, 0xa5, 0xfa, 0x5f, 0xa5, 0xfa, 0x5f,
    0xa5, 0xfa, 0x5f, 0xa5, 0xfa, 0x5f, 0xa5, 0xfa,
    0x5f, 0xa5, 0xfa,

    /* U+007D "}" */
    0x6e, 0xc7, 0x0, 0x7, 0xff, 0xf9, 0x0, 0x0,
    0x7f, 0xf0, 0x0, 0x1, 0xff, 0x0, 0x0, 0x5f,
    0xb0, 0x0, 0xb, 0xf5, 0x0, 0x0, 0xff, 0x20,
    0x0, 0xe, 0xf6, 0x0, 0x0, 0x5f, 0xff, 0x40,
    0x4, 0xef, 0xf5, 0x0, 0xdf, 0x80, 0x0, 0xf,
    0xf2, 0x0, 0x0, 0xcf, 0x40, 0x0, 0x6, 0xfa,
    0x0, 0x0, 0x1f, 0xf0, 0x0, 0x5, 0xff, 0x0,
    0x6e, 0xff, 0xa0, 0x7, 0xfe, 0x90, 0x0,

    /* U+007E "~" */
    0x2, 0x89, 0x30, 0x1, 0x52, 0x1f, 0xff, 0xf4,
    0x7, 0xf5, 0x8f, 0x62, 0xcf, 0xbf, 0xf1, 0x7b,
    0x0, 0x1a, 0xfd, 0x40,

    /* U+2103 "℃" */
    0x0, 0x48, 0x71, 0x0, 0x0, 0x0, 0x0, 0x0,
    0x0, 0x0, 0x8, 0xfe, 0xff, 0x30, 0x0, 0x0,
    0x0, 0x0, 0x0, 0x0, 0x3f, 0x80, 0x1d, 0xd0,
    0x0, 0x18, 0xdf, 0xfe, 0xa2, 0x0, 0x6f, 0x10,
    0x7, 0xf0, 0x3, 0xef, 0xfb, 0xae, 0xff, 0x40,
    0x5f, 0x40, 0xa, 0xf0, 0x2f, 0xfa, 0x10, 0x0,
    0x7f, 0xe0, 0xd, 0xe8, 0xaf, 0x80, 0xbf, 0xb0,
    0x0, 0x0, 0x9, 0x81, 0x1, 0xae, 0xd7, 0x1,
    0xff, 0x30, 0x0, 0x0, 0x0, 0x0, 0x0, 0x0,
    0x0, 0x6, 0xfe, 0x0, 0x0, 0x0, 0x0, 0x0,
    0x0, 0x0, 0x0, 0x8, 0xfb, 0x0, 0x0, 0x0,
    0x0, 0x0, 0x0, 0x0, 0x0, 0x9, 0xfa, 0x0,
    0x0, 0x0, 0x0, 0x0, 0x0, 0x0, 0x0, 0x8,
    0xfc, 0x0, 0x0, 0x0, 0x0, 0x0, 0x0, 0x0,
    0x0, 0x5, 0xfe, 0x0, 0x0, 0x0, 0x0, 0x0,
    0x0, 0x0, 0x0, 0x1, 0xff, 0x40, 0x0, 0x0,
    0x0, 0x0, 0x0, 0x0, 0x0, 0x0, 0x9f, 0xd1,
    0x0, 0x0, 0xc, 0xd2, 0x0, 0x0, 0x0, 0x0,
    0xd, 0xfd, 0x40, 0x1, 0xaf, 0xd0, 0x0, 0x0,
    0x0, 0x0, 0x1, 0xcf, 0xff, 0xef, 0xfd, 0x20,
    0x0, 0x0, 0x0, 0x0, 0x0, 0x4, 0x9c, 0xcb,
    0x60, 0x0,

    /* U+4EF6 "件" */
    0x0, 0x0, 0x46, 0x10, 0x0, 0x0, 0x98, 0x0,
    0x0, 0x0, 0x0, 0xc, 0xf3, 0x6, 0x71, 0xf,
    0xe0, 0x0, 0x0, 0x0, 0x1, 0xfd, 0x0, 0xdf,
    0x10, 0xfe, 0x0, 0x0, 0x0, 0x0, 0x7f, 0x70,
    0x1f, 0xd0, 0xf, 0xe0, 0x0, 0x0, 0x0, 0xe,
    0xf2, 0x6, 0xfe, 0xcc, 0xff, 0xcc, 0xcc, 0x30,
    0x5, 0xff, 0x10, 0xbf, 0xff, 0xff, 0xff, 0xff,
    0xf4, 0x0, 0xdf, 0xf1, 0x1f, 0xe0, 0x0, 0xfe,
    0x0, 0x0, 0x0, 0x6f, 0xff, 0x18, 0xf8, 0x0,
    0xf, 0xe0, 0x0, 0x0, 0xe, 0xfe, 0xf1, 0x9f,
    0x20, 0x0, 0xfe, 0x0, 0x0, 0x7, 0xf9, 0xcf,
    0x10, 0x0, 0x0, 0xf, 0xe0, 0x0, 0x0, 0x7,
    0x1c, 0xf1, 0xaa, 0xaa, 0xaa, 0xff, 0xaa, 0xaa,
    0xa0, 0x0, 0xcf, 0x1f, 0xff, 0xff, 0xff, 0xff,
    0xff, 0xff, 0x0, 0xc, 0xf1, 0x11, 0x11, 0x11,
    0xfe, 0x11, 0x11, 0x10, 0x0, 0xcf, 0x10, 0x0,
    0x0, 0xf, 0xe0, 0x0, 0x0, 0x0, 0xc, 0xf1,
    0x0, 0x0, 0x0, 0xfe, 0x0, 0x0, 0x0, 0x0,
    0xcf, 0x10, 0x0, 0x0, 0xf, 0xe0, 0x0, 0x0,
    0x0, 0xc, 0xf1, 0x0, 0x0, 0x0, 0xfe, 0x0,
    0x0, 0x0, 0x0, 0xcf, 0x10, 0x0, 0x0, 0xf,
    0xe0, 0x0, 0x0, 0x0, 0xc, 0xf1, 0x0, 0x0,
    0x0, 0xfe, 0x0, 0x0, 0x0, 0x0, 0x0, 0x0,
    0x0, 0x0, 0x0, 0x0, 0x0, 0x0,

    /* U+4FE1 "信" */
    0x0, 0x0, 0x7b, 0x20, 0x0, 0x9, 0xd0, 0x0,
    0x0, 0x0, 0x0, 0xd, 0xf1, 0x0, 0x0, 0x9f,
    0x50, 0x0, 0x0, 0x0, 0x2, 0xfc, 0x8a, 0xaa,
    0xac, 0xfd, 0xaa, 0xaa, 0xa0, 0x0, 0x8f, 0x6d,
    0xff, 0xff, 0xff, 0xff, 0xff, 0xff, 0x0, 0xe,
    0xf0, 0x0, 0x0, 0x0, 0x0, 0x0, 0x0, 0x0,
    0x6, 0xff, 0x0, 0x58, 0x88, 0x88, 0x88, 0x88,
    0x30, 0x0, 0xef, 0xf0, 0xb, 0xff, 0xff, 0xff,
    0xff, 0xf7, 0x0, 0x7f, 0xff, 0x0, 0x0, 0x0,
    0x0, 0x0, 0x0, 0x0, 0x1f, 0xfe, 0xf0, 0x5,
    0x88, 0x88, 0x88, 0x88, 0x83, 0x3, 0xe8, 0xdf,
    0x0, 0xbf, 0xff, 0xff, 0xff, 0xff, 0x70, 0x1,
    0xd, 0xf0, 0x0, 0x0, 0x0, 0x0, 0x0, 0x0,
    0x0, 0x0, 0xdf, 0x0, 0x9a, 0xaa, 0xaa, 0xaa,
    0xaa, 0x60, 0x0, 0xd, 0xf0, 0xe, 0xff, 0xff,
    0xff, 0xff, 0xfa, 0x0, 0x0, 0xdf, 0x0, 0xee,
    0x0, 0x0, 0x0, 0x3f, 0xa0, 0x0, 0xd, 0xf0,
    0xe, 0xe0, 0x0, 0x0, 0x2, 0xfa, 0x0, 0x0,
    0xdf, 0x0, 0xee, 0x0, 0x0, 0x0, 0x2f, 0xa0,
    0x0, 0xd, 0xf0, 0xe, 0xfa, 0xaa, 0xaa, 0xab,
    0xfa, 0x0, 0x0, 0xdf, 0x0, 0xef, 0xff, 0xff,
    0xff, 0xff, 0xa0, 0x0, 0xd, 0xf0, 0x0, 0x0,
    0x0, 0x0, 0x0, 0x0, 0x0,

    /* U+5076 "偶" */
    0x0, 0x0, 0x69, 0x10, 0x0, 0x0, 0x0, 0x0,
    0x0, 0x0, 0x0, 0xd, 0xe0, 0xff, 0xff, 0xff,
    0xff, 0xff, 0x90, 0x0, 0x3, 0xf9, 0xf, 0xd7,
    0x7d, 0xf7, 0x78, 0xf9, 0x0, 0x0, 0x9f, 0x30,
    0xfa, 0x0, 0xbf, 0x0, 0x1f, 0x90, 0x0, 0x1f,
    0xd0, 0xf, 0xff, 0xff, 0xff, 0xff, 0xf9, 0x0,
    0x7, 0xfa, 0x0, 0xfd, 0x77, 0xdf, 0x77, 0x8f,
    0x90, 0x0, 0xef, 0xa0, 0xf, 0xa0, 0xb, 0xf0,
    0x1, 0xf9, 0x0, 0x7f, 0xfa, 0x0, 0xff, 0xff,
    0xff, 0xff, 0xff, 0x90, 0x1f, 0xef, 0xa0, 0x9,
    0x99, 0x9d, 0xf9, 0x99, 0x95, 0x7, 0xf5, 0xfa,
    0x0, 0x0, 0x0, 0xbf, 0x0, 0x0, 0x0, 0x7,
    0xf, 0xa0, 0x9f, 0xff, 0xff, 0xff, 0xff, 0xff,
    0x40, 0x0, 0xfa, 0xa, 0xfa, 0xaa, 0xef, 0xaa,
    0xac, 0xf4, 0x0, 0xf, 0xa0, 0xaf, 0x0, 0xb,
    0xf0, 0x93, 0x6f, 0x40, 0x0, 0xfa, 0xa, 0xf0,
    0x0, 0xbf, 0xd, 0x86, 0xf4, 0x0, 0xf, 0xa0,
    0xaf, 0x3a, 0xae, 0xfe, 0xfd, 0x6f, 0x40, 0x0,
    0xfa, 0xa, 0xf3, 0xfe, 0xdb, 0x99, 0xf8, 0xf4,
    0x0, 0xf, 0xa0, 0xaf, 0x0, 0x0, 0x0, 0x5,
    0x7f, 0x40, 0x0, 0xfa, 0xa, 0xf0, 0x0, 0x0,
    0xb, 0xce, 0xf2, 0x0, 0xf, 0xa0, 0x7c, 0x0,
    0x0, 0x0, 0x9c, 0xb5, 0x0,

    /* U+507F "偿" */
    0x0, 0x0, 0x55, 0x0, 0x10, 0x4, 0xa3, 0x0,
    0x0, 0x0, 0x0, 0xd, 0xf1, 0x7e, 0x10, 0x7f,
    0x50, 0x1e, 0x70, 0x0, 0x3, 0xfb, 0x2, 0xfb,
    0x7, 0xf5, 0xa, 0xf3, 0x0, 0x0, 0x9f, 0x50,
    0x7, 0xf2, 0x7f, 0x53, 0xf8, 0x0, 0x0, 0x1f,
    0xf0, 0xaa, 0xbd, 0xad, 0xfc, 0xae, 0xba, 0x90,
    0x7, 0xfc, 0xf, 0xff, 0xff, 0xff, 0xff, 0xff,
    0xfd, 0x0, 0xef, 0xc0, 0xfc, 0x0, 0x0, 0x0,
    0x0, 0xf, 0xd0, 0x6f, 0xfc, 0xf, 0xc6, 0x99,
    0x99, 0x99, 0x95, 0xfd, 0x1e, 0xff, 0xc0, 0x75,
    0xbf, 0xff, 0xff, 0xff, 0x97, 0x67, 0xf9, 0xfc,
    0x0, 0x0, 0x11, 0x11, 0x11, 0x10, 0x0, 0x9,
    0x1f, 0xc0, 0x0, 0x0, 0x0, 0x0, 0x0, 0x0,
    0x0, 0x0, 0xfc, 0xb, 0xbb, 0xbb, 0xbb, 0xbb,
    0xbb, 0xba, 0x0, 0xf, 0xc0, 0xff, 0xff, 0xff,
    0xff, 0xff, 0xff, 0xd0, 0x0, 0xfc, 0x0, 0x0,
    0x8f, 0x90, 0x7, 0x60, 0x0, 0x0, 0xf, 0xc0,
    0x0, 0x4f, 0xd0, 0x0, 0xcf, 0x40, 0x0, 0x0,
    0xfc, 0x0, 0x2e, 0xe2, 0x0, 0x1, 0xee, 0x10,
    0x0, 0xf, 0xc0, 0x3e, 0xfc, 0xab, 0xcd, 0xef,
    0xfb, 0x0, 0x0, 0xfc, 0x4, 0xff, 0xfe, 0xdc,
    0xba, 0x9b, 0xf6, 0x0, 0xf, 0xc0, 0x0, 0x0,
    0x0, 0x0, 0x0, 0x1b, 0x0, 0x0, 0x0, 0x0,
    0x0, 0x0, 0x0, 0x0, 0x0, 0x0,

    /* U+5230 "到" */
    0x0, 0x0, 0x0, 0x0, 0x0, 0x0, 0x0, 0x0,
    0x89, 0xb, 0xcc, 0xcc, 0xcc, 0xcc, 0xc2, 0x0,
    0x0, 0xde, 0xe, 0xff, 0xff, 0xff, 0xff, 0xf3,
    0xbf, 0x0, 0xde, 0x0, 0x1, 0xef, 0x10, 0x0,
    0x0, 0xcf, 0x0, 0xde, 0x0, 0xa, 0xf6, 0x6,
    0xe1, 0x0, 0xcf, 0x0, 0xde, 0x0, 0x5f, 0xa0,
    0x3, 0xfc, 0x0, 0xcf, 0x0, 0xde, 0x3, 0xfe,
    0x32, 0x45, 0xcf, 0x60, 0xcf, 0x0, 0xde, 0xb,
    0xff, 0xff, 0xff, 0xff, 0xf1, 0xcf, 0x0, 0xde,
    0x5, 0x87, 0x6d, 0xf4, 0x24, 0xe3, 0xcf, 0x0,
    0xde, 0x0, 0x0, 0xc, 0xf0, 0x0, 0x0, 0xcf,
    0x0, 0xde, 0x0, 0x0, 0xc, 0xf0, 0x0, 0x0,
    0xcf, 0x0, 0xde, 0x9, 0xff, 0xff, 0xff, 0xff,
    0xe0, 0xcf, 0x0, 0xde, 0x8, 0xdd, 0xdf, 0xfd,
    0xdd, 0xc0, 0xcf, 0x0, 0xde, 0x0, 0x0, 0xb,
    0xf1, 0x0, 0x0, 0xcf, 0x0, 0xde, 0x0, 0x0,
    0xb, 0xf1, 0x0, 0x0, 0x0, 0x0, 0xde, 0x0,
    0x12, 0x3c, 0xf8, 0x9b, 0xd6, 0x0, 0x0, 0xde,
    0x4f, 0xff, 0xff, 0xff, 0xff, 0xf6, 0x0, 0x0,
    0xee, 0x2c, 0xbb, 0xa9, 0x87, 0x65, 0x41, 0xd,
    0xde, 0xfc, 0x0, 0x0, 0x0, 0x0, 0x0, 0x0,
    0xb, 0xfe, 0xc3, 0x0, 0x0, 0x0, 0x0, 0x0,
    0x0, 0x0, 0x0, 0x0,

    /* U+53C2 "参" */
    0x0, 0x0, 0x0, 0x0, 0x10, 0x0, 0x0, 0x0,
    0x0, 0x0, 0x0, 0x0, 0x0, 0x9, 0xf4, 0x0,
    0x20, 0x0, 0x0, 0x0, 0x0, 0x0, 0x2, 0xcf,
    0xb1, 0x3, 0xfb, 0x10, 0x0, 0x0, 0x0, 0x0,
    0x6f, 0xf6, 0x0, 0x0, 0x8f, 0xe5, 0x0, 0x0,
    0x0, 0x3c, 0xff, 0x87, 0x77, 0x88, 0x9d, 0xff,
    0x90, 0x0, 0x0, 0x4f, 0xff, 0xff, 0xff, 0xee,
    0xed, 0xcd, 0xf8, 0x0, 0x0, 0x0, 0x0, 0x9,
    0xf7, 0x0, 0x0, 0x0, 0x81, 0x0, 0x8, 0x99,
    0x99, 0x9f, 0xf9, 0x99, 0x99, 0x99, 0x99, 0x50,
    0xe, 0xff, 0xff, 0xff, 0xff, 0xff, 0xff, 0xff,
    0xff, 0x90, 0x0, 0x0, 0x1c, 0xf7, 0x0, 0x2,
    0xef, 0x40, 0x0, 0x0, 0x0, 0x3, 0xdf, 0x90,
    0x6, 0xcd, 0x3e, 0xf7, 0x0, 0x0, 0x1, 0x8f,
    0xf8, 0x5a, 0xff, 0xd7, 0x3, 0xdf, 0xd5, 0x0,
    0x4f, 0xfc, 0xbf, 0xfe, 0xa4, 0x1, 0x9e, 0x29,
    0xff, 0xd0, 0xc, 0x60, 0x48, 0x30, 0x4, 0xaf,
    0xfa, 0x10, 0x3b, 0x90, 0x0, 0x0, 0x0, 0x49,
    0xef, 0xe9, 0x20, 0x8, 0x40, 0x0, 0x0, 0x8,
    0xdf, 0xfe, 0xa5, 0x0, 0x17, 0xef, 0xa0, 0x0,
    0x0, 0x8, 0xb7, 0x30, 0x0, 0x5b, 0xff, 0xc5,
    0x0, 0x0, 0x0, 0x0, 0x1, 0x58, 0xcf, 0xfe,
    0x93, 0x0, 0x0, 0x0, 0x0, 0x9c, 0xef, 0xff,
    0xd9, 0x40, 0x0, 0x0, 0x0, 0x0, 0x0, 0xbe,
    0xb8, 0x51, 0x0, 0x0, 0x0, 0x0, 0x0, 0x0,
    0x0, 0x0, 0x0, 0x0, 0x0, 0x0, 0x0, 0x0,
    0x0, 0x0,

    /* U+5566 "啦" */
    0x0, 0x0, 0x0, 0x8, 0xb0, 0x0, 0x1a, 0x60,
    0x0, 0x0, 0x0, 0x0, 0x0, 0xbe, 0x0, 0x0,
    0xec, 0x0, 0x0, 0x6b, 0xbb, 0xb0, 0xb, 0xe0,
    0x0, 0xa, 0xf0, 0x0, 0x8, 0xff, 0xff, 0x10,
    0xbe, 0x1, 0x88, 0xcf, 0x88, 0x60, 0x8f, 0x18,
    0xf6, 0xff, 0xff, 0x7f, 0xff, 0xff, 0xfd, 0x8,
    0xf1, 0x8f, 0x4a, 0xef, 0xa3, 0x22, 0x22, 0x22,
    0x20, 0x8f, 0x18, 0xf1, 0xb, 0xe0, 0xa, 0x60,
    0x5, 0xd3, 0x8, 0xf1, 0x8f, 0x10, 0xbe, 0x0,
    0xea, 0x0, 0x8f, 0x20, 0x8f, 0x18, 0xf1, 0xb,
    0xfb, 0x6a, 0xe0, 0xb, 0xf0, 0x8, 0xf1, 0x8f,
    0x14, 0xdf, 0xf6, 0x7f, 0x10, 0xeb, 0x0, 0x8f,
    0x18, 0xfb, 0xff, 0xf2, 0x4, 0xf4, 0x1f, 0x80,
    0x8, 0xf1, 0x8f, 0x48, 0xce, 0x0, 0x1f, 0x64,
    0xf5, 0x0, 0x8f, 0x18, 0xf1, 0xb, 0xe0, 0x0,
    0xf9, 0x7f, 0x10, 0x8, 0xf8, 0xbf, 0x10, 0xbe,
    0x0, 0xd, 0xbb, 0xe0, 0x0, 0x8f, 0xff, 0xf1,
    0xb, 0xe0, 0x0, 0x55, 0xea, 0x0, 0x2, 0x44,
    0x44, 0x0, 0xbe, 0x0, 0x0, 0x2f, 0x60, 0x0,
    0x0, 0x0, 0x0, 0xb, 0xe5, 0xff, 0xff, 0xff,
    0xff, 0x20, 0x0, 0x0, 0xac, 0xfd, 0x3b, 0xbb,
    0xbb, 0xbb, 0xb2, 0x0, 0x0, 0xa, 0xfd, 0x50,
    0x0, 0x0, 0x0, 0x0, 0x0,

    /* U+56FA "固" */
    0x0, 0x0, 0x0, 0x0, 0x0, 0x0, 0x0, 0x0,
    0x0, 0x1f, 0xff, 0xff, 0xff, 0xff, 0xff, 0xff,
    0xff, 0xf1, 0x1f, 0xea, 0xaa, 0xaa, 0xaa, 0xaa,
    0xaa, 0xae, 0xf1, 0x1f, 0xa0, 0x0, 0x0, 0x97,
    0x0, 0x0, 0xb, 0xf1, 0x1f, 0xa0, 0x0, 0x0,
    0xec, 0x0, 0x0, 0xb, 0xf1, 0x1f, 0xa3, 0xaa,
    0xaa, 0xfe, 0xaa, 0xaa, 0x3b, 0xf1, 0x1f, 0xa5,
    0xff, 0xff, 0xff, 0xff, 0xff, 0x5b, 0xf1, 0x1f,
    0xa0, 0x0, 0x0, 0xec, 0x0, 0x0, 0xb, 0xf1,
    0x1f, 0xa0, 0x0, 0x0, 0xec, 0x0, 0x0, 0xb,
    0xf1, 0x1f, 0xa0, 0x1f, 0xff, 0xff, 0xff, 0xf1,
    0xb, 0xf1, 0x1f, 0xa0, 0x1f, 0xb7, 0x77, 0x7c,
    0xf1, 0xb, 0xf1, 0x1f, 0xa0, 0x1f, 0x80, 0x0,
    0x9, 0xf1, 0xb, 0xf1, 0x1f, 0xa0, 0x1f, 0x80,
    0x0, 0x9, 0xf1, 0xb, 0xf1, 0x1f, 0xa0, 0x1f,
    0xb6, 0x66, 0x6b, 0xf1, 0xb, 0xf1, 0x1f, 0xa0,
    0x1f, 0xff, 0xff, 0xff, 0xf1, 0xb, 0xf1, 0x1f,
    0xa0, 0x1, 0x11, 0x11, 0x11, 0x10, 0xb, 0xf1,
    0x1f, 0xeb, 0xbb, 0xbb, 0xbb, 0xbb, 0xbb, 0xbe,
    0xf1, 0x1f, 0xff, 0xff, 0xff, 0xff, 0xff, 0xff,
    0xff, 0xf1,

    /* U+5B9E "实" */
    0x0, 0x0, 0x0, 0x0, 0x0, 0x0, 0x0, 0x0,
    0x0, 0x0, 0x0, 0x0, 0x5, 0xd8, 0x0, 0x0,
    0x0, 0x0, 0x0, 0x0, 0x0, 0x1, 0xfe, 0x0,
    0x0, 0x0, 0x0, 0x3b, 0xbb, 0xbb, 0xbb, 0xff,
    0xbb, 0xbb, 0xbb, 0xb0, 0x5f, 0xff, 0xff, 0xff,
    0xff, 0xff, 0xff, 0xff, 0xf1, 0x5f, 0x70, 0x20,
    0x0, 0x0, 0x21, 0x0, 0xc, 0xf1, 0x5f, 0x70,
    0xde, 0x60, 0x1, 0xfd, 0x0, 0xc, 0xf1, 0x16,
    0x20, 0x5e, 0xfd, 0x31, 0xfc, 0x0, 0x4, 0x60,
    0x0, 0x12, 0x0, 0x8f, 0xc1, 0xfc, 0x0, 0x0,
    0x0, 0x0, 0x9f, 0x91, 0x3, 0x32, 0xfb, 0x0,
    0x0, 0x0, 0x0, 0x3c, 0xfe, 0x60, 0x3, 0xfa,
    0x0, 0x0, 0x0, 0x0, 0x0, 0x5e, 0xf6, 0x4,
    0xf9, 0x0, 0x0, 0x0, 0x11, 0x11, 0x12, 0xb2,
    0x18, 0xf7, 0x11, 0x11, 0x10, 0xef, 0xff, 0xff,
    0xff, 0xff, 0xff, 0xff, 0xff, 0xfa, 0x9a, 0xaa,
    0xaa, 0xaa, 0xdf, 0xea, 0xaa, 0xaa, 0xa6, 0x0,
    0x0, 0x0, 0x3, 0xef, 0xe9, 0x20, 0x0, 0x0,
    0x0, 0x0, 0x2, 0x9f, 0xfa, 0xef, 0xfb, 0x40,
    0x0, 0x0, 0x37, 0xcf, 0xfe, 0x40, 0x5, 0xcf,
    0xfc, 0x50, 0x7f, 0xff, 0xfd, 0x60, 0x0, 0x0,
    0x4, 0xcf, 0xf5, 0x3f, 0xb7, 0x20, 0x0, 0x0,
    0x0, 0x0, 0x4, 0xb0, 0x0, 0x0, 0x0, 0x0,
    0x0, 0x0, 0x0, 0x0, 0x0,

    /* U+5E95 "底" */
    0x0, 0x0, 0x0, 0x0, 0x4, 0xc7, 0x0, 0x0,
    0x0, 0x0, 0x0, 0x1, 0x11, 0x11, 0x12, 0xfd,
    0x11, 0x11, 0x11, 0x0, 0x0, 0x1f, 0xff, 0xff,
    0xff, 0xff, 0xff, 0xff, 0xff, 0xf0, 0x0, 0x1f,
    0xea, 0xaa, 0xaa, 0xaa, 0xaa, 0xaa, 0xaa, 0x90,
    0x0, 0x1f, 0xc0, 0x0, 0x0, 0x0, 0x1, 0x35,
    0x71, 0x0, 0x0, 0x1f, 0xc0, 0x8a, 0xbc, 0xde,
    0xff, 0xff, 0xf6, 0x0, 0x0, 0x1f, 0xc0, 0xef,
    0xff, 0xed, 0xfb, 0x64, 0x20, 0x0, 0x0, 0x1f,
    0xc0, 0xee, 0x0, 0x3, 0xf7, 0x0, 0x0, 0x0,
    0x0, 0x1f, 0xc0, 0xee, 0x0, 0x2, 0xf9, 0x0,
    0x0, 0x0, 0x0, 0x1f, 0xb0, 0xee, 0x11, 0x12,
    0xfa, 0x11, 0x11, 0x10, 0x0, 0x2f, 0xa0, 0xef,
    0xff, 0xff, 0xff, 0xff, 0xff, 0xd0, 0x0, 0x3f,
    0x90, 0xef, 0xaa, 0xaa, 0xff, 0xaa, 0xaa, 0x80,
    0x0, 0x5f, 0x70, 0xee, 0x0, 0x0, 0xbf, 0x20,
    0x0, 0x0, 0x0, 0x9f, 0x50, 0xee, 0x0, 0x3,
    0x6f, 0x70, 0x1, 0x0, 0x0, 0xef, 0x10, 0xee,
    0x28, 0xed, 0x1f, 0xe0, 0xb, 0xb0, 0x4, 0xfc,
    0x2, 0xff, 0xff, 0xd3, 0x9, 0xf9, 0x3f, 0xa0,
    0xb, 0xf6, 0x4, 0xfd, 0x73, 0xfd, 0x21, 0xef,
    0xff, 0x30, 0x1e, 0xe0, 0x0, 0x30, 0x0, 0x4f,
    0xb0, 0x2c, 0xf8, 0x0, 0x0, 0x30, 0x0, 0x0,
    0x0, 0x3, 0x10, 0x0, 0x0, 0x0,

    /* U+5EA6 "度" */
    0x0, 0x0, 0x0, 0x0, 0x0, 0x0, 0x0, 0x0,
    0x0, 0x0, 0x0, 0x0, 0x0, 0x0, 0xcf, 0x10,
    0x0, 0x0, 0x0, 0x0, 0x0, 0x0, 0x0, 0x8,
    0xf6, 0x0, 0x0, 0x0, 0x0, 0xa, 0xff, 0xff,
    0xff, 0xff, 0xff, 0xff, 0xff, 0xf7, 0x0, 0xaf,
    0xa9, 0x99, 0x99, 0x99, 0x99, 0x99, 0x99, 0x40,
    0xa, 0xf2, 0x0, 0xfb, 0x0, 0x0, 0xaf, 0x10,
    0x0, 0x0, 0xaf, 0x88, 0x8f, 0xd8, 0x88, 0x8d,
    0xf8, 0x88, 0x30, 0xa, 0xff, 0xff, 0xff, 0xff,
    0xff, 0xff, 0xff, 0xf6, 0x0, 0xaf, 0x20, 0xf,
    0xb0, 0x0, 0xa, 0xf1, 0x0, 0x0, 0xa, 0xf1,
    0x0, 0xfd, 0x77, 0x77, 0xdf, 0x10, 0x0, 0x0,
    0xaf, 0x10, 0xf, 0xff, 0xff, 0xff, 0xf1, 0x0,
    0x0, 0xb, 0xf1, 0x0, 0x0, 0x0, 0x0, 0x0,
    0x0, 0x0, 0x0, 0xcf, 0x3f, 0xff, 0xff, 0xff,
    0xff, 0xff, 0x80, 0x0, 0xd, 0xe2, 0x9f, 0xfa,
    0x99, 0x99, 0x9f, 0xf7, 0x0, 0x0, 0xfc, 0x0,
    0x5f, 0xd1, 0x0, 0x2d, 0xf9, 0x0, 0x0, 0x4f,
    0x90, 0x0, 0x6f, 0xe4, 0x7f, 0xf8, 0x0, 0x0,
    0x9, 0xf4, 0x0, 0x0, 0x6f, 0xff, 0xf3, 0x0,
    0x0, 0x1, 0xff, 0x2, 0x59, 0xdf, 0xfd, 0xef,
    0xfc, 0x85, 0x31, 0x8f, 0x8a, 0xff, 0xfd, 0x83,
    0x0, 0x5a, 0xef, 0xff, 0x81, 0x91, 0x4a, 0x62,
    0x0, 0x0, 0x0, 0x0, 0x26, 0x92,

    /* U+606F "息" */
    0x0, 0x0, 0x0, 0x0, 0x32, 0x0, 0x0, 0x0,
    0x0, 0x0, 0x0, 0x0, 0x0, 0xe, 0xf1, 0x0,
    0x0, 0x0, 0x0, 0x0, 0x7, 0x77, 0x78, 0xfe,
    0x77, 0x77, 0x77, 0x30, 0x0, 0x0, 0xff, 0xff,
    0xff, 0xff, 0xff, 0xff, 0xf8, 0x0, 0x0, 0xf,
    0xc0, 0x0, 0x0, 0x0, 0x0, 0x4f, 0x80, 0x0,
    0x0, 0xfd, 0x77, 0x77, 0x77, 0x77, 0x79, 0xf8,
    0x0, 0x0, 0xf, 0xff, 0xff, 0xff, 0xff, 0xff,
    0xff, 0x80, 0x0, 0x0, 0xfc, 0x0, 0x0, 0x0,
    0x0, 0x4, 0xf8, 0x0, 0x0, 0xf, 0xe7, 0x77,
    0x77, 0x77, 0x77, 0x9f, 0x80, 0x0, 0x0, 0xff,
    0xff, 0xff, 0xff, 0xff, 0xff, 0xf8, 0x0, 0x0,
    0xf, 0xc0, 0x0, 0x0, 0x0, 0x0, 0x4f, 0x80,
    0x0, 0x0, 0xff, 0xff, 0xff, 0xff, 0xff, 0xff,
    0xf8, 0x0, 0x0, 0x9, 0x99, 0x99, 0xaf, 0xa9,
    0x99, 0x99, 0x50, 0x0, 0x5, 0xb3, 0x7d, 0x33,
    0xfb, 0x0, 0x1, 0xa7, 0x0, 0x0, 0xbf, 0x29,
    0xf3, 0x8, 0xf9, 0x0, 0xd, 0xf2, 0x0, 0x2f,
    0xb0, 0x9f, 0x30, 0xc, 0xa1, 0xe7, 0x3f, 0xc0,
    0xb, 0xf4, 0x8, 0xf4, 0x0, 0x10, 0x2f, 0x90,
    0x9f, 0x62, 0xfc, 0x0, 0x7f, 0xda, 0xaa, 0xad,
    0xf5, 0x1, 0xfa, 0x4, 0x30, 0x1, 0xcf, 0xff,
    0xff, 0xea, 0x0, 0x2, 0x0, 0x0, 0x0, 0x0,
    0x0, 0x0, 0x0, 0x0, 0x0, 0x0,

    /* U+63A5 "接" */
    0x0, 0x4, 0x80, 0x0, 0x0, 0x2, 0x96, 0x0,
    0x0, 0x0, 0x0, 0x9, 0xf1, 0x0, 0x0, 0x1,
    0xfd, 0x0, 0x0, 0x0, 0x0, 0x9, 0xf1, 0x7,
    0xcc, 0xcc, 0xff, 0xcc, 0xcc, 0x50, 0x0, 0x9,
    0xf1, 0x6, 0xcc, 0xdc, 0xcc, 0xce, 0xcc, 0x50,
    0xc, 0xff, 0xff, 0xf1, 0xd, 0xc0, 0x0, 0x2f,
    0x90, 0x0, 0x7, 0x9d, 0xfa, 0x90, 0x7, 0xf8,
    0x0, 0xbf, 0x30, 0x0, 0x0, 0x9, 0xf1, 0x8,
    0x88, 0xfc, 0x8a, 0xfe, 0x88, 0x81, 0x0, 0x9,
    0xf1, 0xf, 0xff, 0xff, 0xff, 0xff, 0xff, 0xf2,
    0x0, 0x9, 0xfb, 0xa0, 0x0, 0x99, 0x10, 0x0,
    0x0, 0x0, 0x3, 0x8e, 0xff, 0xa0, 0x0, 0xfc,
    0x0, 0x0, 0x0, 0x0, 0x1f, 0xff, 0xf3, 0x5f,
    0xff, 0xff, 0xff, 0xff, 0xff, 0xe0, 0x9, 0x49,
    0xf1, 0x3b, 0xbf, 0xfb, 0xbb, 0xcf, 0xeb, 0xa0,
    0x0, 0x9, 0xf1, 0x0, 0x5f, 0x80, 0x0, 0x8f,
    0x60, 0x0, 0x0, 0x9, 0xf1, 0x0, 0xcf, 0xa3,
    0x2, 0xfe, 0x0, 0x0, 0x0, 0x9, 0xf1, 0x0,
    0x6c, 0xff, 0xcd, 0xf5, 0x0, 0x0, 0x0, 0x9,
    0xf1, 0x0, 0x0, 0x4d, 0xff, 0xf4, 0x0, 0x0,
    0x0, 0x9, 0xf1, 0x0, 0x5, 0xbf, 0xfd, 0xff,
    0xc3, 0x0, 0xa, 0xcf, 0xf0, 0x8c, 0xff, 0xfb,
    0x30, 0x3c, 0xff, 0x90, 0x9, 0xfd, 0x60, 0xbf,
    0xc7, 0x10, 0x0, 0x0, 0x4d, 0xa0, 0x0, 0x0,
    0x0, 0x10, 0x0, 0x0, 0x0, 0x0, 0x0, 0x10,

    /* U+6570 "数" */
    0x0, 0x0, 0x0, 0x0, 0x0, 0x0, 0x0, 0x0,
    0x0, 0x0, 0x0, 0x50, 0xd, 0xb0, 0x4, 0x0,
    0x8f, 0x40, 0x0, 0x0, 0x3, 0xf6, 0xe, 0xc0,
    0x7f, 0x30, 0xcf, 0x0, 0x0, 0x0, 0x0, 0x9f,
    0x2e, 0xc2, 0xfa, 0x2, 0xfb, 0x0, 0x0, 0x0,
    0x0, 0xa, 0x2e, 0xc4, 0xc0, 0x7, 0xfe, 0xdd,
    0xdd, 0xd0, 0xb, 0xcc, 0xcf, 0xfc, 0xcc, 0x5e,
    0xff, 0xff, 0xff, 0xe0, 0xb, 0xbb, 0xff, 0xfb,
    0xbb, 0xaf, 0xa0, 0x4, 0xf7, 0x0, 0x0, 0xa,
    0xff, 0xfb, 0x10, 0xdf, 0xc0, 0x6, 0xf5, 0x0,
    0x1, 0xaf, 0x6e, 0xee, 0xe8, 0xff, 0xe0, 0x9,
    0xf3, 0x0, 0x3e, 0xf7, 0xe, 0xc1, 0xcf, 0x69,
    0xf2, 0xc, 0xf0, 0x0, 0x1c, 0x40, 0x99, 0x40,
    0x5, 0x3, 0xf6, 0xf, 0xc0, 0x0, 0x0, 0x4,
    0xf9, 0x0, 0x0, 0x0, 0xeb, 0x5f, 0x80, 0x0,
    0x1f, 0xff, 0xff, 0xff, 0xfd, 0x0, 0x9f, 0xdf,
    0x20, 0x0, 0x8, 0xaf, 0xc8, 0x89, 0xfc, 0x0,
    0x3f, 0xfc, 0x0, 0x0, 0x0, 0xbf, 0x50, 0x9,
    0xf4, 0x0, 0xe, 0xf7, 0x0, 0x0, 0x0, 0x9e,
    0xfb, 0x8f, 0xa0, 0x0, 0x9f, 0xfe, 0x20, 0x0,
    0x0, 0x0, 0x9f, 0xff, 0x50, 0x7, 0xfe, 0x7f,
    0xd1, 0x0, 0x0, 0x4a, 0xff, 0xbf, 0xf7, 0x8f,
    0xe2, 0x8, 0xfe, 0x20, 0x3e, 0xff, 0xb3, 0x1,
    0x9a, 0xfe, 0x30, 0x0, 0x8f, 0xe0, 0xa, 0x82,
    0x0, 0x0, 0x1, 0xa2, 0x0, 0x0, 0x7, 0x40,

    /* U+65E5 "日" */
    0xac, 0xcc, 0xcc, 0xcc, 0xcc, 0xcc, 0xc9, 0xdf,
    0xff, 0xff, 0xff, 0xff, 0xff, 0xfb, 0xdf, 0x10,
    0x0, 0x0, 0x0, 0x3, 0xfb, 0xdf, 0x10, 0x0,
    0x0, 0x0, 0x3, 0xfb, 0xdf, 0x10, 0x0, 0x0,
    0x0, 0x3, 0xfb, 0xdf, 0x10, 0x0, 0x0, 0x0,
    0x3, 0xfb, 0xdf, 0x10, 0x0, 0x0, 0x0, 0x3,
    0xfb, 0xdf, 0xdc, 0xcc, 0xcc, 0xcc, 0xcd, 0xfb,
    0xdf, 0xff, 0xff, 0xff, 0xff, 0xff, 0xfb, 0xdf,
    0x10, 0x0, 0x0, 0x0, 0x3, 0xfb, 0xdf, 0x10,
    0x0, 0x0, 0x0, 0x3, 0xfb, 0xdf, 0x10, 0x0,
    0x0, 0x0, 0x3, 0xfb, 0xdf, 0x10, 0x0, 0x0,
    0x0, 0x3, 0xfb, 0xdf, 0x10, 0x0, 0x0, 0x0,
    0x3, 0xfb, 0xdf, 0x10, 0x0, 0x0, 0x0, 0x3,
    0xfb, 0xdf, 0xdd, 0xdd, 0xdd, 0xdd, 0xdd, 0xfb,
    0xdf, 0xff, 0xff, 0xff, 0xff, 0xff, 0xfb,

    /* U+65F6 "时" */
    0x0, 0x0, 0x0, 0x0, 0x0, 0x0, 0x1, 0xdb,
    0x0, 0x0, 0x77, 0x77, 0x77, 0x10, 0x0, 0x0,
    0x1f, 0xd0, 0x0, 0x1f, 0xff, 0xff, 0xf2, 0x0,
    0x0, 0x1, 0xfd, 0x0, 0x1, 0xfc, 0x66, 0xbf,
    0x20, 0x0, 0x0, 0x1f, 0xd0, 0x0, 0x1f, 0xa0,
    0x9, 0xf6, 0xff, 0xff, 0xff, 0xff, 0xff, 0x11,
    0xfa, 0x0, 0x9f, 0x6d, 0xdd, 0xdd, 0xdf, 0xfd,
    0xd1, 0x1f, 0xa0, 0x9, 0xf2, 0x0, 0x0, 0x1,
    0xfd, 0x0, 0x1, 0xfa, 0x0, 0x9f, 0x25, 0xe2,
    0x0, 0x1f, 0xd0, 0x0, 0x1f, 0xff, 0xff, 0xf2,
    0x5f, 0xc0, 0x1, 0xfd, 0x0, 0x1, 0xfe, 0xcc,
    0xef, 0x20, 0xbf, 0x50, 0x1f, 0xd0, 0x0, 0x1f,
    0xa0, 0x9, 0xf2, 0x2, 0xfe, 0x1, 0xfd, 0x0,
    0x1, 0xfa, 0x0, 0x9f, 0x20, 0xa, 0xf6, 0x1f,
    0xd0, 0x0, 0x1f, 0xa0, 0x9, 0xf2, 0x0, 0x2b,
    0x21, 0xfd, 0x0, 0x1, 0xfa, 0x0, 0x9f, 0x20,
    0x0, 0x0, 0x1f, 0xd0, 0x0, 0x1f, 0xa0, 0x9,
    0xf2, 0x0, 0x0, 0x1, 0xfd, 0x0, 0x1, 0xff,
    0xff, 0xff, 0x20, 0x0, 0x0, 0x1f, 0xd0, 0x0,
    0xc, 0xcc, 0xcc, 0xc1, 0x0, 0x0, 0x3, 0xfd,
    0x0, 0x0, 0x0, 0x0, 0x0, 0x0, 0xa, 0xff,
    0xff, 0xa0, 0x0, 0x0, 0x0, 0x0, 0x0, 0x0,
    0x7f, 0xfe, 0xa2, 0x0, 0x0,

    /* U+671F "期" */
    0x0, 0x2b, 0x40, 0x2, 0xb4, 0x0, 0x0, 0x0,
    0x0, 0x0, 0x3, 0xf6, 0x0, 0x3f, 0x60, 0x5e,
    0xee, 0xee, 0xe1, 0x8, 0xff, 0xff, 0xff, 0xff,
    0xd6, 0xfc, 0xbb, 0xdf, 0x10, 0x5a, 0xfc, 0x99,
    0xaf, 0xb8, 0x6f, 0x40, 0x8, 0xf1, 0x0, 0x3f,
    0x60, 0x3, 0xf6, 0x6, 0xf4, 0x0, 0x8f, 0x10,
    0x3, 0xfb, 0x88, 0xaf, 0x60, 0x6f, 0x40, 0x8,
    0xf1, 0x0, 0x3f, 0xff, 0xff, 0xf6, 0x6, 0xfe,
    0xee, 0xff, 0x10, 0x3, 0xf6, 0x0, 0x3f, 0x60,
    0x6f, 0xba, 0xad, 0xf1, 0x0, 0x3f, 0xa7, 0x79,
    0xf6, 0x6, 0xf3, 0x0, 0x8f, 0x10, 0x3, 0xff,
    0xff, 0xff, 0x60, 0x6f, 0x30, 0x8, 0xf1, 0x0,
    0x3f, 0x70, 0x4, 0xf6, 0x7, 0xf5, 0x22, 0x9f,
    0x10, 0x3, 0xf6, 0x0, 0x3f, 0x60, 0x8f, 0xff,
    0xff, 0xf1, 0x2f, 0xff, 0xff, 0xff, 0xff, 0xea,
    0xf9, 0x99, 0xcf, 0x11, 0x99, 0x9b, 0x99, 0xb9,
    0x98, 0xdf, 0x0, 0x8, 0xf1, 0x0, 0x8, 0xf4,
    0x5f, 0x90, 0x2f, 0xc0, 0x0, 0x8f, 0x10, 0x8,
    0xfb, 0x0, 0xaf, 0x9a, 0xf7, 0x0, 0x9, 0xf1,
    0xa, 0xfc, 0x0, 0x0, 0x77, 0xfe, 0x0, 0xdd,
    0xff, 0x0, 0x9c, 0x10, 0x0, 0x0, 0x9f, 0x50,
    0xd, 0xfd, 0x60, 0x0, 0x0, 0x0, 0x0, 0x0,
    0x30, 0x0, 0x0, 0x0, 0x0,

    /* U+672A "未" */
    0x0, 0x0, 0x0, 0x0, 0x5, 0x70, 0x0, 0x0,
    0x0, 0x0, 0x0, 0x0, 0x0, 0x0, 0xb, 0xf1,
    0x0, 0x0, 0x0, 0x0, 0x0, 0x0, 0x0, 0x0,
    0xb, 0xf2, 0x0, 0x0, 0x0, 0x0, 0x0, 0xf,
    0xff, 0xff, 0xff, 0xff, 0xff, 0xff, 0xf6, 0x0,
    0x0, 0xb, 0xbb, 0xbb, 0xbe, 0xfb, 0xbb, 0xbb,
    0xb4, 0x0, 0x0, 0x0, 0x0, 0x0, 0xb, 0xf1,
    0x0, 0x0, 0x0, 0x0, 0x0, 0x0, 0x0, 0x0,
    0xb, 0xf1, 0x0, 0x0, 0x0, 0x0, 0x0, 0x11,
    0x11, 0x11, 0x1b, 0xf2, 0x11, 0x11, 0x11, 0x0,
    0x4, 0xff, 0xff, 0xff, 0xff, 0xff, 0xff, 0xff,
    0xff, 0xb0, 0x3, 0xbb, 0xbb, 0xbd, 0xff, 0xff,
    0xfb, 0xbb, 0xbb, 0x80, 0x0, 0x0, 0x0, 0xd,
    0xfc, 0xfb, 0xf4, 0x0, 0x0, 0x0, 0x0, 0x0,
    0x0, 0x8f, 0x7b, 0xf3, 0xfd, 0x10, 0x0, 0x0,
    0x0, 0x0, 0x5, 0xfd, 0xb, 0xf1, 0x7f, 0xb0,
    0x0, 0x0, 0x0, 0x0, 0x4f, 0xf2, 0xb, 0xf1,
    0xa, 0xfa, 0x0, 0x0, 0x0, 0x6, 0xff, 0x50,
    0xb, 0xf1, 0x0, 0xcf, 0xb0, 0x0, 0x1, 0xaf,
    0xf5, 0x0, 0xb, 0xf1, 0x0, 0x1c, 0xfd, 0x30,
    0xc, 0xfe, 0x40, 0x0, 0xb, 0xf1, 0x0, 0x0,
    0xbf, 0xf3, 0x4, 0xb1, 0x0, 0x0, 0xb, 0xf1,
    0x0, 0x0, 0x7, 0xa0, 0x0, 0x0, 0x0, 0x0,
    0xb, 0xf1, 0x0, 0x0, 0x0, 0x0,

    /* U+672C "本" */
    0x0, 0x0, 0x0, 0x0, 0x7, 0xa1, 0x0, 0x0,
    0x0, 0x0, 0x0, 0x0, 0x0, 0x0, 0xc, 0xf2,
    0x0, 0x0, 0x0, 0x0, 0x0, 0x0, 0x0, 0x0,
    0xc, 0xf2, 0x0, 0x0, 0x0, 0x0, 0x1, 0xcc,
    0xcc, 0xcc, 0xcf, 0xfc, 0xcc, 0xcc, 0xcc, 0x70,
    0x2, 0xff, 0xff, 0xff, 0xff, 0xff, 0xff, 0xff,
    0xff, 0xa0, 0x0, 0x0, 0x0, 0xe, 0xec, 0xfa,
    0xf4, 0x0, 0x0, 0x0, 0x0, 0x0, 0x0, 0x5f,
    0x8c, 0xf5, 0xfa, 0x0, 0x0, 0x0, 0x0, 0x0,
    0x0, 0xcf, 0x2c, 0xf2, 0xcf, 0x20, 0x0, 0x0,
    0x0, 0x0, 0x6, 0xfb, 0xc, 0xf2, 0x5f, 0xb0,
    0x0, 0x0, 0x0, 0x0, 0x1e, 0xf2, 0xc, 0xf2,
    0xc, 0xf5, 0x0, 0x0, 0x0, 0x0, 0xbf, 0x90,
    0xc, 0xf2, 0x3, 0xff, 0x20, 0x0, 0x0, 0x8,
    0xfe, 0x0, 0xc, 0xf2, 0x0, 0x9f, 0xd1, 0x0,
    0x0, 0x6f, 0xf3, 0x0, 0xc, 0xf2, 0x0, 0xd,
    0xfc, 0x0, 0x6, 0xff, 0x7a, 0xbb, 0xbe, 0xfc,
    0xbb, 0xb6, 0xef, 0xc1, 0x1f, 0xf9, 0xd, 0xff,
    0xff, 0xff, 0xff, 0xf5, 0x3f, 0xf5, 0x5, 0xa0,
    0x0, 0x11, 0x1c, 0xf3, 0x11, 0x10, 0x3, 0x80,
    0x0, 0x0, 0x0, 0x0, 0xc, 0xf2, 0x0, 0x0,
    0x0, 0x0, 0x0, 0x0, 0x0, 0x0, 0xc, 0xf2,
    0x0, 0x0, 0x0, 0x0, 0x0, 0x0, 0x0, 0x0,
    0xc, 0xf2, 0x0, 0x0, 0x0, 0x0,

    /* U+6837 "样" */
    0x0, 0x0, 0x86, 0x0, 0x3, 0xa1, 0x0, 0x6,
    0x81, 0x0, 0x0, 0x1, 0xfb, 0x0, 0x5, 0xfa,
    0x0, 0xe, 0xf1, 0x0, 0x0, 0x1, 0xfb, 0x0,
    0x0, 0xbf, 0x30, 0x9f, 0x60, 0x0, 0x0, 0x2,
    0xfb, 0x0, 0x58, 0xbd, 0x88, 0xff, 0x88, 0x40,
    0xa, 0xff, 0xff, 0xff, 0xbf, 0xff, 0xff, 0xff,
    0xff, 0x80, 0x6, 0xab, 0xfe, 0xaa, 0x12, 0x22,
    0xbf, 0x42, 0x22, 0x10, 0x0, 0x6, 0xfb, 0x0,
    0x0, 0x0, 0xbf, 0x20, 0x0, 0x0, 0x0, 0xc,
    0xff, 0x30, 0x0, 0x0, 0xbf, 0x20, 0x0, 0x0,
    0x0, 0x3f, 0xff, 0xf3, 0x8f, 0xff, 0xff, 0xff,
    0xff, 0x20, 0x0, 0xbf, 0xfd, 0xfe, 0x7a, 0xaa,
    0xef, 0xba, 0xaa, 0x10, 0x2, 0xfc, 0xfb, 0x5e,
    0x30, 0x0, 0xbf, 0x20, 0x0, 0x0, 0xb, 0xf4,
    0xfb, 0x1, 0x0, 0x0, 0xbf, 0x20, 0x0, 0x0,
    0xe, 0xb1, 0xfb, 0xb, 0xcc, 0xcc, 0xef, 0xcc,
    0xcc, 0xc0, 0x1, 0x21, 0xfb, 0xe, 0xff, 0xff,
    0xff, 0xff, 0xff, 0xf1, 0x0, 0x1, 0xfb, 0x0,
    0x0, 0x0, 0xbf, 0x20, 0x0, 0x0, 0x0, 0x1,
    0xfb, 0x0, 0x0, 0x0, 0xbf, 0x20, 0x0, 0x0,
    0x0, 0x1, 0xfb, 0x0, 0x0, 0x0, 0xbf, 0x20,
    0x0, 0x0, 0x0, 0x1, 0xfb, 0x0, 0x0, 0x0,
    0xbf, 0x20, 0x0, 0x0, 0x0, 0x1, 0xfb, 0x0,
    0x0, 0x0, 0xbf, 0x20, 0x0, 0x0,

    /* U+6E29 "温" */
    0x0, 0x40, 0x0, 0x0, 0x0, 0x0, 0x0, 0x0,
    0x0, 0x0, 0x3f, 0xd2, 0x2, 0xff, 0xff, 0xff,
    0xff, 0xfd, 0x0, 0x0, 0x9f, 0xf5, 0x2f, 0xc8,
    0x88, 0x88, 0x8e, 0xd0, 0x0, 0x0, 0x6f, 0xd2,
    0xf8, 0x0, 0x0, 0x0, 0xcd, 0x0, 0x0, 0x0,
    0x43, 0x2f, 0xff, 0xff, 0xff, 0xff, 0xd0, 0x0,
    0xd8, 0x0, 0x2, 0xfb, 0x77, 0x77, 0x77, 0xed,
    0x0, 0x2d, 0xfc, 0x10, 0x2f, 0x80, 0x0, 0x0,
    0xc, 0xd0, 0x0, 0x1b, 0xfe, 0x12, 0xff, 0xff,
    0xff, 0xff, 0xfd, 0x0, 0x0, 0x9, 0xc0, 0x18,
    0x88, 0x88, 0x88, 0x88, 0x60, 0x0, 0x0, 0x1,
    0x0, 0x0, 0x0, 0x0, 0x0, 0x0, 0x0, 0x0,
    0x5, 0x30, 0xbf, 0xff, 0xff, 0xff, 0xff, 0xf7,
    0x0, 0x0, 0xee, 0xb, 0xfa, 0xdf, 0xac, 0xfb,
    0xbf, 0x80, 0x0, 0x2f, 0xa0, 0xbe, 0x8, 0xf1,
    0x5f, 0x42, 0xf8, 0x0, 0x7, 0xf6, 0xb, 0xe0,
    0x8f, 0x15, 0xf4, 0x2f, 0x80, 0x0, 0xbf, 0x10,
    0xbe, 0x8, 0xf1, 0x5f, 0x42, 0xf8, 0x0, 0x1f,
    0xd0, 0xb, 0xe0, 0x8f, 0x15, 0xf4, 0x2f, 0x80,
    0x6, 0xf8, 0x69, 0xef, 0x9c, 0xfa, 0xbf, 0xba,
    0xfc, 0x80, 0x9f, 0x3a, 0xff, 0xff, 0xff, 0xff,
    0xff, 0xff, 0xfe, 0x0, 0x10, 0x0, 0x0, 0x0,
    0x0, 0x0, 0x0, 0x0, 0x0,

    /* U+70ED "热" */
    0x0, 0x0, 0x98, 0x0, 0x0, 0x6a, 0x0, 0x0,
    0x0, 0x0, 0x0, 0x0, 0xec, 0x0, 0x0, 0x9f,
    0x10, 0x0, 0x0, 0x0, 0x0, 0x0, 0xec, 0x0,
    0x13, 0xaf, 0x43, 0x33, 0x10, 0x0, 0xa, 0xff,
    0xff, 0xff, 0x6f, 0xff, 0xff, 0xff, 0x70, 0x0,
    0x6, 0xaa, 0xfe, 0xaa, 0x38, 0xcf, 0x88, 0x9f,
    0x60, 0x0, 0x0, 0x0, 0xec, 0x0, 0x0, 0xaf,
    0x0, 0x3f, 0x60, 0x0, 0x0, 0x0, 0xee, 0xc9,
    0x45, 0xcf, 0x0, 0x3f, 0x60, 0x0, 0x17, 0xae,
    0xff, 0xf9, 0xef, 0xfd, 0x0, 0x3f, 0x70, 0x0,
    0x2f, 0xff, 0xfd, 0x10, 0x1a, 0xff, 0xb3, 0x2f,
    0x70, 0x10, 0x6, 0x30, 0xec, 0x0, 0x9, 0xfe,
    0xff, 0xaf, 0x82, 0xf3, 0x0, 0x0, 0xec, 0x0,
    0x5f, 0xd0, 0x6f, 0x6f, 0xa6, 0xf1, 0x1, 0x33,
    0xfc, 0x5, 0xff, 0x30, 0x1, 0xc, 0xfd, 0xc0,
    0x5, 0xff, 0xf9, 0x3f, 0xf6, 0x0, 0x0, 0x7,
    0xff, 0x60, 0x2, 0xaa, 0x60, 0x8, 0x60, 0x0,
    0x0, 0x1, 0xa6, 0x0, 0x0, 0xf, 0xc0, 0x5b,
    0x30, 0x2e, 0xa0, 0xe, 0xe1, 0x0, 0x0, 0x6f,
    0x90, 0x5f, 0x70, 0xd, 0xf1, 0x8, 0xf9, 0x0,
    0x0, 0xdf, 0x20, 0x1f, 0xb0, 0x7, 0xf6, 0x0,
    0xef, 0x20, 0x6, 0xfa, 0x0, 0xf, 0xe0, 0x2,
    0xfb, 0x0, 0x6f, 0xa0, 0x7, 0xe3, 0x0, 0xb,
    0xb0, 0x0, 0x84, 0x0, 0xc, 0x50, 0x0, 0x0,
    0x0, 0x0, 0x0, 0x0, 0x0, 0x0, 0x0, 0x0,

    /* U+7248 "版" */
    0x0, 0x0, 0x0, 0x10, 0x0, 0x0, 0x0, 0x0,
    0x0, 0x0, 0x0, 0x7b, 0x0, 0xfa, 0x0, 0x0,
    0x0, 0x14, 0x8b, 0x20, 0x0, 0xaf, 0x0, 0xfa,
    0x5, 0x9b, 0xdf, 0xff, 0xff, 0x60, 0x0, 0xaf,
    0x0, 0xfa, 0x9, 0xff, 0xfd, 0xb8, 0x52, 0x0,
    0x0, 0xaf, 0x0, 0xfa, 0x9, 0xf2, 0x0, 0x0,
    0x0, 0x0, 0x0, 0xaf, 0x0, 0xfa, 0x9, 0xf1,
    0x0, 0x0, 0x0, 0x0, 0x0, 0xaf, 0x99, 0xfd,
    0x89, 0xf9, 0x99, 0x99, 0x99, 0x20, 0x0, 0xaf,
    0xff, 0xff, 0xe9, 0xff, 0xff, 0xff, 0xff, 0x30,
    0x0, 0xaf, 0x21, 0x11, 0x19, 0xfc, 0xe1, 0x11,
    0x9f, 0x20, 0x0, 0xaf, 0x0, 0x0, 0xa, 0xf7,
    0xf3, 0x0, 0xde, 0x0, 0x0, 0xaf, 0x99, 0x96,
    0xb, 0xf3, 0xf7, 0x1, 0xfa, 0x0, 0x0, 0xbf,
    0xff, 0xfa, 0xc, 0xe0, 0xdd, 0x8, 0xf4, 0x0,
    0x0, 0xcf, 0x23, 0xfa, 0xe, 0xc0, 0x7f, 0x6f,
    0xd0, 0x0, 0x0, 0xde, 0x1, 0xfa, 0x1f, 0xa0,
    0x1e, 0xff, 0x50, 0x0, 0x0, 0xfc, 0x1, 0xfa,
    0x4f, 0x60, 0x9, 0xfd, 0x0, 0x0, 0x3, 0xf9,
    0x1, 0xfa, 0x9f, 0x10, 0x5f, 0xff, 0x70, 0x0,
    0x7, 0xf5, 0x1, 0xfb, 0xfc, 0x8, 0xfe, 0x3d,
    0xf8, 0x0, 0xd, 0xf1, 0x1, 0xff, 0xf7, 0xcf,
    0xd1, 0x1, 0xdf, 0xc1, 0x3f, 0xa0, 0x1, 0xfb,
    0x66, 0xf9, 0x0, 0x0, 0xa, 0xe1, 0x1, 0x20,
    0x0, 0x0, 0x0, 0x30, 0x0, 0x0, 0x0, 0x20,

    /* U+7535 "电" */
    0x0, 0x0, 0x0, 0xaf, 0x10, 0x0, 0x0, 0x0,
    0x0, 0x0, 0x0, 0xb, 0xf1, 0x0, 0x0, 0x0,
    0x0, 0x0, 0x0, 0x0, 0xbf, 0x20, 0x0, 0x0,
    0x0, 0xc, 0xff, 0xff, 0xff, 0xff, 0xff, 0xff,
    0xfc, 0x0, 0xcf, 0xba, 0xaa, 0xef, 0xba, 0xaa,
    0xaf, 0xc0, 0xc, 0xf1, 0x0, 0xb, 0xf1, 0x0,
    0x0, 0xfc, 0x0, 0xcf, 0x10, 0x0, 0xbf, 0x10,
    0x0, 0xf, 0xc0, 0xc, 0xfa, 0x99, 0x9e, 0xfa,
    0x99, 0x9a, 0xfc, 0x0, 0xcf, 0xff, 0xff, 0xff,
    0xff, 0xff, 0xff, 0xc0, 0xc, 0xf1, 0x0, 0xb,
    0xf2, 0x0, 0x1, 0xfc, 0x0, 0xcf, 0x10, 0x0,
    0xbf, 0x10, 0x0, 0xf, 0xc0, 0xc, 0xf1, 0x0,
    0xb, 0xf1, 0x0, 0x0, 0xfc, 0x0, 0xcf, 0xff,
    0xff, 0xff, 0xff, 0xff, 0xff, 0xc0, 0x8, 0xbb,
    0xbb, 0xbe, 0xfc, 0xbb, 0xbb, 0xb9, 0x86, 0x0,
    0x0, 0x0, 0xbf, 0x10, 0x0, 0x0, 0xf, 0xe0,
    0x0, 0x0, 0xb, 0xf2, 0x0, 0x0, 0x2, 0xfc,
    0x0, 0x0, 0x0, 0x9f, 0xda, 0xaa, 0xaa, 0xef,
    0x90, 0x0, 0x0, 0x2, 0xbf, 0xff, 0xff, 0xfe,
    0xa1, 0x0, 0x0, 0x0, 0x0, 0x0, 0x0, 0x0,
    0x0, 0x0,

    /* U+79D2 "秒" */
    0x0, 0x0, 0x0, 0x4, 0x0, 0x0, 0xbf, 0x0,
    0x0, 0x0, 0x0, 0x35, 0x8c, 0xff, 0x20, 0x0,
    0xcf, 0x0, 0x0, 0x0, 0xb, 0xff, 0xff, 0xc8,
    0x20, 0x10, 0xcf, 0x4, 0x30, 0x0, 0x5, 0x97,
    0xfa, 0x0, 0x2, 0xf9, 0xcf, 0x4f, 0xc0, 0x0,
    0x0, 0x1, 0xfa, 0x0, 0x6, 0xf5, 0xcf, 0xa,
    0xf5, 0x0, 0x6, 0x77, 0xfd, 0x77, 0x2b, 0xf1,
    0xcf, 0x2, 0xfd, 0x0, 0xe, 0xff, 0xff, 0xff,
    0x6f, 0xc0, 0xcf, 0x0, 0xaf, 0x50, 0x4, 0x58,
    0xfc, 0x55, 0x8f, 0x70, 0xcf, 0x0, 0x3f, 0xc0,
    0x0, 0x9, 0xfc, 0x0, 0xdf, 0x10, 0xcf, 0x0,
    0xc, 0xf3, 0x0, 0x1f, 0xff, 0x95, 0xfb, 0x0,
    0xcf, 0x0, 0x98, 0xb2, 0x0, 0x8f, 0xff, 0xfa,
    0x63, 0x0, 0xcf, 0x7, 0xf9, 0x0, 0x1, 0xfc,
    0xfa, 0xbf, 0x60, 0x0, 0xcf, 0x3f, 0xf1, 0x0,
    0x9, 0xf5, 0xfa, 0xb, 0x10, 0x0, 0x1, 0xef,
    0x50, 0x0, 0x3f, 0xc1, 0xfa, 0x0, 0x0, 0x0,
    0x2d, 0xf9, 0x0, 0x0, 0x4f, 0x31, 0xfa, 0x0,
    0x0, 0x5, 0xef, 0xa0, 0x0, 0x0, 0x1, 0x1,
    0xfa, 0x0, 0x1, 0xaf, 0xf8, 0x0, 0x0, 0x0,
    0x0, 0x1, 0xfa, 0x2, 0x9f, 0xfe, 0x40, 0x0,
    0x0, 0x0, 0x0, 0x1, 0xfa, 0x7f, 0xff, 0x90,
    0x0, 0x0, 0x0, 0x0, 0x0, 0x1, 0xfa, 0x3f,
    0x91, 0x0, 0x0, 0x0, 0x0, 0x0, 0x0, 0x0,
    0x0, 0x0, 0x0, 0x0, 0x0, 0x0, 0x0, 0x0,

    /* U+7CFB "系" */
    0x0, 0x0, 0x0, 0x0, 0x0, 0x0, 0x0, 0x23,
    0x52, 0x0, 0x0, 0x69, 0x99, 0x9a, 0xbc, 0xde,
    0xff, 0xff, 0xf7, 0x0, 0x0, 0x8f, 0xff, 0xff,
    0xfe, 0xdb, 0xa9, 0x76, 0x41, 0x0, 0x0, 0x1,
    0x11, 0x2d, 0xf6, 0x0, 0x2, 0xa1, 0x0, 0x0,
    0x0, 0x0, 0x5, 0xef, 0x50, 0x0, 0x3e, 0xf5,
    0x0, 0x0, 0x0, 0x2, 0xaf, 0xb2, 0x0, 0x16,
    0xff, 0x50, 0x0, 0x0, 0x0, 0x8f, 0xff, 0xee,
    0xff, 0xff, 0xe3, 0x0, 0x0, 0x0, 0x0, 0x39,
    0x88, 0x87, 0xbf, 0xfb, 0x14, 0x90, 0x0, 0x0,
    0x0, 0x0, 0x0, 0x19, 0xff, 0x70, 0xb, 0xfa,
    0x0, 0x0, 0x0, 0x0, 0x7, 0xef, 0xc2, 0x0,
    0x0, 0xbf, 0x90, 0x0, 0x0, 0x58, 0xef, 0xfb,
    0x56, 0x78, 0x9a, 0xcf, 0xf6, 0x0, 0x0, 0xcf,
    0xff, 0xff, 0xff, 0xff, 0xff, 0xfe, 0xff, 0x40,
    0x0, 0x46, 0x65, 0x54, 0x4c, 0xf3, 0x11, 0x0,
    0x2c, 0x10, 0x0, 0x0, 0x7, 0xb0, 0xb, 0xf1,
    0x1d, 0x60, 0x0, 0x0, 0x0, 0x0, 0x9f, 0xd1,
    0xb, 0xf1, 0x4f, 0xfb, 0x10, 0x0, 0x0, 0x1b,
    0xfc, 0x10, 0xb, 0xf1, 0x2, 0xcf, 0xe4, 0x0,
    0x5, 0xef, 0x90, 0x0, 0xd, 0xf0, 0x0, 0x7,
    0xff, 0x70, 0x1e, 0xe4, 0x0, 0x6e, 0xef, 0xe0,
    0x0, 0x0, 0x2d, 0xc0, 0x3, 0x10, 0x0, 0x4f,
    0xec, 0x40, 0x0, 0x0, 0x1, 0x20,

    /* U+7EDF "统" */
    0x0, 0x0, 0x0, 0x0, 0x0, 0x0, 0x0, 0x0,
    0x0, 0x0, 0x0, 0x2c, 0x40, 0x0, 0x0, 0xbf,
    0x0, 0x0, 0x0, 0x0, 0x9, 0xf5, 0x0, 0x0,
    0x8, 0xf5, 0x0, 0x0, 0x0, 0x1, 0xfd, 0x0,
    0x79, 0x99, 0xbf, 0xd9, 0x99, 0x93, 0x0, 0x8f,
    0x50, 0x1d, 0xff, 0xff, 0xff, 0xff, 0xff, 0x50,
    0x2f, 0xc0, 0x5f, 0x60, 0xb, 0xf6, 0x0, 0x0,
    0x0, 0xb, 0xf2, 0x1d, 0xf1, 0x5, 0xfb, 0x1,
    0xc7, 0x0, 0x5, 0xff, 0xff, 0xf9, 0x1, 0xee,
    0x10, 0xc, 0xf4, 0x0, 0x2c, 0xbb, 0xff, 0x10,
    0xcf, 0x40, 0x0, 0x2f, 0xe1, 0x0, 0x0, 0x9f,
    0x70, 0xcf, 0xd9, 0xab, 0xcd, 0xff, 0xb0, 0x0,
    0x3f, 0xd0, 0xe, 0xff, 0xff, 0xef, 0xea, 0xdf,
    0x40, 0xd, 0xf3, 0x26, 0x21, 0x8f, 0x20, 0xfc,
    0x2, 0x60, 0xc, 0xff, 0xff, 0xf1, 0x8, 0xf2,
    0xf, 0xc0, 0x0, 0x0, 0xde, 0xca, 0x74, 0x0,
    0xaf, 0x10, 0xfc, 0x0, 0x0, 0x0, 0x0, 0x0,
    0x0, 0xe, 0xe0, 0xf, 0xc0, 0x3, 0x10, 0x0,
    0x25, 0x8c, 0x54, 0xfa, 0x0, 0xfc, 0x0, 0xdf,
    0x5c, 0xff, 0xff, 0xf7, 0xdf, 0x30, 0xe, 0xc0,
    0xe, 0xd6, 0xfd, 0xa7, 0x35, 0xef, 0x70, 0x0,
    0xef, 0xbc, 0xfb, 0x0, 0x0, 0x2, 0xff, 0x70,
    0x0, 0x6, 0xef, 0xfd, 0x30, 0x0, 0x0, 0x5,
    0x30, 0x0, 0x0, 0x0, 0x0, 0x0,

    /* U+7F6E "置" */
    0x1, 0x22, 0x22, 0x22, 0x22, 0x22, 0x22, 0x22,
    0x10, 0xa, 0xff, 0xff, 0xff, 0xff, 0xff, 0xff,
    0xff, 0xa0, 0xa, 0xf1, 0x0, 0xfa, 0x0, 0x9f,
    0x10, 0x1f, 0xa0, 0xa, 0xf4, 0x33, 0xfb, 0x33,
    0xaf, 0x33, 0x4f, 0xa0, 0xa, 0xff, 0xff, 0xff,
    0xff, 0xff, 0xff, 0xff, 0xa0, 0x0, 0x0, 0x0,
    0x0, 0xdd, 0x0, 0x0, 0x0, 0x0, 0x3f, 0xff,
    0xff, 0xff, 0xff, 0xff, 0xff, 0xff, 0xf3, 0x3,
    0x33, 0x33, 0x33, 0xee, 0x33, 0x33, 0x33, 0x30,
    0x0, 0x4e, 0xee, 0xee, 0xff, 0xee, 0xee, 0xe5,
    0x0, 0x0, 0x5f, 0x84, 0x44, 0x44, 0x44, 0x48,
    0xf5, 0x0, 0x0, 0x5f, 0xed, 0xdd, 0xdd, 0xdd,
    0xde, 0xf5, 0x0, 0x0, 0x5f, 0x84, 0x44, 0x44,
    0x44, 0x49, 0xf5, 0x0, 0x0, 0x5f, 0x84, 0x44,
    0x44, 0x44, 0x49, 0xf5, 0x0, 0x0, 0x5f, 0xee,
    0xee, 0xee, 0xee, 0xee, 0xf5, 0x0, 0x0, 0x5f,
    0x72, 0x22, 0x22, 0x22, 0x28, 0xf5, 0x0, 0x0,
    0x5f, 0xff, 0xff, 0xff, 0xff, 0xff, 0xf5, 0x0,
    0x55, 0x9f, 0x95, 0x55, 0x55, 0x55, 0x59, 0xf9,
    0x55, 0xff, 0xff, 0xff, 0xff, 0xff, 0xff, 0xff,
    0xff, 0xff,

    /* U+8865 "补" */
    0x0, 0x1, 0x75, 0x0, 0x0, 0x1, 0x96, 0x0,
    0x0, 0x0, 0x0, 0x0, 0xfd, 0x0, 0x0, 0x3,
    0xfb, 0x0, 0x0, 0x0, 0x0, 0x0, 0xaf, 0x30,
    0x0, 0x3, 0xfb, 0x0, 0x0, 0x0, 0x6, 0xcc,
    0xef, 0xdc, 0x0, 0x3, 0xfb, 0x0, 0x0, 0x0,
    0x7, 0xff, 0xff, 0xff, 0x0, 0x3, 0xfb, 0x0,
    0x0, 0x0, 0x0, 0x0, 0x8, 0xf8, 0x0, 0x3,
    0xfc, 0x0, 0x0, 0x0, 0x0, 0x0, 0x3f, 0xd0,
    0x0, 0x3, 0xff, 0xd2, 0x0, 0x0, 0x0, 0x0,
    0xdf, 0x31, 0xc3, 0x3, 0xff, 0xff, 0x60, 0x0,
    0x0, 0xb, 0xfc, 0xc, 0xf7, 0x3, 0xfb, 0x7f,
    0xfa, 0x0, 0x0, 0x9f, 0xfe, 0xaf, 0x90, 0x3,
    0xfb, 0x4, 0xef, 0xc1, 0x9, 0xfd, 0xff, 0xfc,
    0x0, 0x3, 0xfb, 0x0, 0x2d, 0xf4, 0x5f, 0xd1,
    0xff, 0xff, 0x70, 0x3, 0xfb, 0x0, 0x1, 0x60,
    0x8, 0x10, 0xfc, 0x3e, 0xf9, 0x3, 0xfb, 0x0,
    0x0, 0x0, 0x0, 0x0, 0xfc, 0x1, 0xd3, 0x3,
    0xfb, 0x0, 0x0, 0x0, 0x0, 0x0, 0xfc, 0x0,
    0x0, 0x3, 0xfb, 0x0, 0x0, 0x0, 0x0, 0x0,
    0xfc, 0x0, 0x0, 0x3, 0xfb, 0x0, 0x0, 0x0,
    0x0, 0x0, 0xfc, 0x0, 0x0, 0x3, 0xfb, 0x0,
    0x0, 0x0, 0x0, 0x0, 0xfc, 0x0, 0x0, 0x3,
    0xfb, 0x0, 0x0, 0x0, 0x0, 0x0, 0xfc, 0x0,
    0x0, 0x3, 0xfb, 0x0, 0x0, 0x0, 0x0, 0x0,
    0x0, 0x0, 0x0, 0x0, 0x0, 0x0, 0x0, 0x0,

    /* U+8BBE "设" */
    0x0, 0x8, 0x0, 0x0, 0x0, 0x0, 0x0, 0x0,
    0x0, 0x0, 0x9, 0xfa, 0x0, 0x2, 0xff, 0xff,
    0xff, 0xf0, 0x0, 0x0, 0x1d, 0xf8, 0x0, 0x2f,
    0xeb, 0xbb, 0xff, 0x0, 0x0, 0x0, 0x2f, 0xf4,
    0x2, 0xfa, 0x0, 0xc, 0xf0, 0x0, 0x0, 0x0,
    0x6c, 0x10, 0x5f, 0x80, 0x0, 0xcf, 0x0, 0x0,
    0x0, 0x0, 0x0, 0xd, 0xf4, 0x0, 0xc, 0xfb,
    0xa7, 0x28, 0x88, 0x80, 0x2d, 0xfa, 0x0, 0x0,
    0x5f, 0xff, 0x84, 0xff, 0xff, 0x11, 0xdb, 0x0,
    0x0, 0x0, 0x1, 0x20, 0x14, 0x4c, 0xf1, 0xb,
    0xbb, 0xbb, 0xbb, 0xbb, 0xb3, 0x0, 0x0, 0xbf,
    0x10, 0xef, 0xff, 0xff, 0xff, 0xff, 0x40, 0x0,
    0xb, 0xf1, 0x0, 0xdf, 0x10, 0x0, 0xe, 0xf1,
    0x0, 0x0, 0xbf, 0x10, 0x5, 0xfa, 0x0, 0x8,
    0xf8, 0x0, 0x0, 0xb, 0xf1, 0x0, 0xc, 0xf5,
    0x4, 0xfe, 0x0, 0x0, 0x0, 0xbf, 0x18, 0x60,
    0x1e, 0xf7, 0xff, 0x30, 0x0, 0x0, 0xb, 0xf9,
    0xfb, 0x0, 0x3f, 0xff, 0x40, 0x0, 0x0, 0x0,
    0xcf, 0xfc, 0x10, 0x4c, 0xff, 0xfd, 0x40, 0x0,
    0x0, 0x1f, 0xfa, 0x15, 0xcf, 0xfa, 0x2a, 0xff,
    0xc6, 0x10, 0x0, 0xb6, 0xd, 0xff, 0xc4, 0x0,
    0x3, 0xcf, 0xfb, 0x0, 0x0, 0x0, 0x6a, 0x40,
    0x0, 0x0, 0x0, 0x3a, 0x40,

    /* U+8FDE "连" */
    0x0, 0x0, 0x0, 0x0, 0x0, 0x0, 0x0, 0x0,
    0x0, 0x0, 0x2, 0x20, 0x0, 0x0, 0xc, 0xd0,
    0x0, 0x0, 0x0, 0x1, 0xfd, 0x0, 0x0, 0x3,
    0xfb, 0x0, 0x0, 0x0, 0x0, 0x9, 0xf9, 0x9,
    0xcc, 0xdf, 0xdc, 0xcc, 0xcc, 0xc1, 0x0, 0xd,
    0xf4, 0xbf, 0xff, 0xff, 0xff, 0xff, 0xff, 0x20,
    0x0, 0x4f, 0x80, 0x8, 0xf8, 0x0, 0x0, 0x0,
    0x0, 0x0, 0x0, 0x40, 0x1, 0xff, 0x16, 0xf5,
    0x0, 0x0, 0x0, 0x22, 0x22, 0x0, 0x8f, 0x80,
    0x6f, 0x50, 0x0, 0x0, 0x2f, 0xff, 0xf1, 0x1f,
    0xf6, 0x6a, 0xf9, 0x66, 0x63, 0x1, 0xaa, 0xef,
    0x13, 0xff, 0xff, 0xff, 0xff, 0xff, 0x90, 0x0,
    0xb, 0xf1, 0x4, 0x44, 0x49, 0xf8, 0x44, 0x42,
    0x0, 0x0, 0xbf, 0x10, 0x0, 0x0, 0x6f, 0x50,
    0x0, 0x0, 0x0, 0xb, 0xf2, 0x55, 0x55, 0x59,
    0xf9, 0x55, 0x55, 0x20, 0x0, 0xbf, 0x5f, 0xff,
    0xff, 0xff, 0xff, 0xff, 0xf8, 0x0, 0xb, 0xf2,
    0x66, 0x66, 0x6a, 0xf9, 0x66, 0x66, 0x30, 0x2,
    0xef, 0x70, 0x0, 0x0, 0x6f, 0x50, 0x0, 0x0,
    0x2, 0xef, 0xef, 0xc5, 0x20, 0x6, 0xf5, 0x0,
    0x0, 0x2, 0xef, 0x71, 0xbf, 0xff, 0xfe, 0xcb,
    0xbb, 0xbc, 0xca, 0x9, 0x90, 0x0, 0x38, 0xbe,
    0xff, 0xff, 0xff, 0xff, 0x90, 0x0, 0x0, 0x0,
    0x0, 0x0, 0x0, 0x11, 0x0, 0x0,

    /* U+91C7 "采" */
    0x0, 0x0, 0x0, 0x0, 0x0, 0x1, 0x34, 0x68,
    0xb0, 0x0, 0x1, 0xaa, 0xbb, 0xcd, 0xef, 0xff,
    0xff, 0xff, 0xf5, 0x0, 0x0, 0xef, 0xff, 0xff,
    0xed, 0xba, 0x87, 0x54, 0x10, 0x0, 0x0, 0x13,
    0x30, 0x0, 0x5c, 0x0, 0x0, 0xd, 0x90, 0x0,
    0x0, 0x1e, 0xc0, 0x0, 0x9f, 0x80, 0x0, 0x6f,
    0xc0, 0x0, 0x0, 0xb, 0xf7, 0x0, 0x1f, 0xf1,
    0x1, 0xef, 0x30, 0x0, 0x0, 0x1, 0xff, 0x10,
    0x8, 0xf7, 0xb, 0xf8, 0x0, 0x0, 0x0, 0x0,
    0x7f, 0x40, 0x4, 0x80, 0x2e, 0xd0, 0x0, 0x0,
    0x0, 0x0, 0x1, 0x0, 0x2f, 0xa0, 0x1, 0x20,
    0x0, 0x0, 0x8, 0xbb, 0xbb, 0xbb, 0xbf, 0xeb,
    0xbb, 0xbb, 0xbb, 0x30, 0xc, 0xff, 0xff, 0xff,
    0xff, 0xff, 0xff, 0xff, 0xff, 0x40, 0x0, 0x0,
    0x0, 0x5f, 0xdf, 0xcf, 0xc1, 0x0, 0x0, 0x0,
    0x0, 0x0, 0x3, 0xff, 0x4f, 0xa7, 0xfa, 0x0,
    0x0, 0x0, 0x0, 0x0, 0x4f, 0xf4, 0x2f, 0xa0,
    0xbf, 0xa0, 0x0, 0x0, 0x0, 0x7, 0xff, 0x50,
    0x2f, 0xa0, 0xc, 0xfd, 0x20, 0x0, 0x3, 0xcf,
    0xf4, 0x0, 0x2f, 0xa0, 0x0, 0xaf, 0xf8, 0x10,
    0x5f, 0xfc, 0x20, 0x0, 0x2f, 0xa0, 0x0, 0x7,
    0xff, 0xe0, 0xd, 0x60, 0x0, 0x0, 0x2f, 0xa0,
    0x0, 0x0, 0x1a, 0x70, 0x0, 0x0, 0x0, 0x0,
    0x2f, 0xa0, 0x0, 0x0, 0x0, 0x0,

    /* U+957F "长" */
    0x0, 0x8, 0x90, 0x0, 0x0, 0x0, 0x0, 0x0,
    0x0, 0x0, 0x0, 0xdf, 0x0, 0x0, 0x0, 0x0,
    0x3c, 0x90, 0x0, 0x0, 0xd, 0xf0, 0x0, 0x0,
    0x1, 0xaf, 0xfc, 0x0, 0x0, 0x0, 0xdf, 0x0,
    0x0, 0x29, 0xff, 0xe6, 0x0, 0x0, 0x0, 0xd,
    0xf0, 0x4, 0xbf, 0xfe, 0x70, 0x0, 0x0, 0x0,
    0x0, 0xdf, 0x1d, 0xff, 0xd6, 0x0, 0x0, 0x0,
    0x0, 0x0, 0xd, 0xf0, 0x9b, 0x50, 0x0, 0x0,
    0x0, 0x0, 0x1, 0x11, 0xdf, 0x11, 0x11, 0x11,
    0x11, 0x11, 0x11, 0x10, 0xff, 0xff, 0xff, 0xff,
    0xff, 0xff, 0xff, 0xff, 0xfd, 0xb, 0xbb, 0xff,
    0xbb, 0xcf, 0xfb, 0xbb, 0xbb, 0xbb, 0xa0, 0x0,
    0xd, 0xf0, 0x0, 0xcf, 0x50, 0x0, 0x0, 0x0,
    0x0, 0x0, 0xdf, 0x0, 0x4, 0xfe, 0x0, 0x0,
    0x0, 0x0, 0x0, 0xd, 0xf0, 0x0, 0xa, 0xfb,
    0x0, 0x0, 0x0, 0x0, 0x0, 0xdf, 0x0, 0x0,
    0xd, 0xfa, 0x0, 0x0, 0x0, 0x0, 0xd, 0xf0,
    0x0, 0x3, 0x2e, 0xfc, 0x20, 0x0, 0x0, 0x0,
    0xdf, 0x1, 0x7e, 0xc0, 0x1c, 0xff, 0x91, 0x0,
    0x0, 0xe, 0xfb, 0xff, 0xfa, 0x0, 0x8, 0xff,
    0xfa, 0x0, 0x7, 0xff, 0xfe, 0x81, 0x0, 0x0,
    0x2, 0xaf, 0xb0, 0x0, 0x2e, 0x94, 0x0, 0x0,
    0x0, 0x0, 0x0, 0x12, 0x0, 0x0, 0x0, 0x0,
    0x0, 0x0, 0x0, 0x0, 0x0, 0x0,

    /* U+95F4 "间" */
    0x0, 0x0, 0x0, 0x0, 0x0, 0x0, 0x0, 0x0,
    0x1, 0xc4, 0x0, 0x0, 0x0, 0x0, 0x0, 0x0,
    0x0, 0x4f, 0xf4, 0x9, 0xcc, 0xcc, 0xcc, 0xcc,
    0xcc, 0x0, 0x6f, 0xf3, 0xcf, 0xff, 0xff, 0xff,
    0xff, 0xf0, 0x0, 0x8f, 0x60, 0x0, 0x0, 0x0,
    0x0, 0xdf, 0xe, 0xb0, 0x50, 0x0, 0x0, 0x0,
    0x0, 0xd, 0xf0, 0xfd, 0x0, 0xcc, 0xcc, 0xcc,
    0xcc, 0x0, 0xdf, 0xf, 0xd0, 0xf, 0xff, 0xff,
    0xff, 0xf0, 0xd, 0xf0, 0xfd, 0x0, 0xfc, 0x0,
    0x0, 0xcf, 0x0, 0xdf, 0xf, 0xd0, 0xf, 0xc0,
    0x0, 0xc, 0xf0, 0xd, 0xf0, 0xfd, 0x0, 0xfe,
    0xaa, 0xaa, 0xef, 0x0, 0xdf, 0xf, 0xd0, 0xf,
    0xff, 0xff, 0xff, 0xf0, 0xd, 0xf0, 0xfd, 0x0,
    0xfc, 0x0, 0x0, 0xcf, 0x0, 0xdf, 0xf, 0xd0,
    0xf, 0xc0, 0x0, 0xc, 0xf0, 0xd, 0xf0, 0xfd,
    0x0, 0xfc, 0x11, 0x11, 0xcf, 0x0, 0xdf, 0xf,
    0xd0, 0xf, 0xff, 0xff, 0xff, 0xf0, 0xd, 0xf0,
    0xfd, 0x0, 0xbb, 0xbb, 0xbb, 0xbb, 0x0, 0xdf,
    0xf, 0xd0, 0x0, 0x0, 0x0, 0x0, 0x0, 0xe,
    0xf0, 0xfd, 0x0, 0x0, 0x0, 0x0, 0x1e, 0xef,
    0xfe, 0xf, 0xd0, 0x0, 0x0, 0x0, 0x0, 0xef,
    0xec, 0x40,

    /* U+9694 "隔" */
    0x0, 0x0, 0x0, 0x0, 0x0, 0x0, 0x0, 0x0,
    0x0, 0x7f, 0xff, 0xfa, 0x9f, 0xff, 0xff, 0xff,
    0xff, 0xf6, 0x8f, 0xaa, 0xfa, 0x47, 0x77, 0x77,
    0x77, 0x77, 0x72, 0x8f, 0x11, 0xf7, 0x4, 0x66,
    0x66, 0x66, 0x66, 0x0, 0x8f, 0x15, 0xf3, 0xc,
    0xff, 0xff, 0xff, 0xff, 0x0, 0x8f, 0x19, 0xf0,
    0xc, 0xe0, 0x0, 0x0, 0xbf, 0x0, 0x8f, 0x1e,
    0xa0, 0xc, 0xf7, 0x77, 0x77, 0xdf, 0x0, 0x8f,
    0x3f, 0x70, 0xb, 0xff, 0xff, 0xff, 0xff, 0x0,
    0x8f, 0x1c, 0xd0, 0x12, 0x22, 0x22, 0x22, 0x22,
    0x20, 0x8f, 0x15, 0xf4, 0xbf, 0xff, 0xff, 0xff,
    0xff, 0xf0, 0x8f, 0x10, 0xf9, 0xbe, 0x59, 0x65,
    0x5a, 0x5c, 0xf0, 0x8f, 0x10, 0xcb, 0xbd, 0xe,
    0xb0, 0x4f, 0x4a, 0xf0, 0x8f, 0x10, 0xcc, 0xbd,
    0x4, 0xe2, 0xdb, 0xa, 0xf0, 0x8f, 0x69, 0xfa,
    0xbd, 0x7c, 0xdd, 0xfd, 0xaa, 0xf0, 0x8f, 0x8f,
    0xe3, 0xbd, 0x6a, 0xaf, 0xca, 0x8a, 0xf0, 0x8f,
    0x21, 0x0, 0xbd, 0x0, 0x1f, 0x70, 0xa, 0xf0,
    0x8f, 0x10, 0x0, 0xbd, 0x0, 0x1f, 0x70, 0xa,
    0xf0, 0x8f, 0x10, 0x0, 0xbd, 0x0, 0x1f, 0x77,
    0xbf, 0xe0, 0x8f, 0x10, 0x0, 0xac, 0x0, 0x0,
    0x6, 0xdc, 0x50
};


/*---------------------
 *  GLYPH DESCRIPTION
 *--------------------*/

static const lv_font_fmt_txt_glyph_dsc_t glyph_dsc[] = {
    {.bitmap_index = 0, .adv_w = 0, .box_w = 0, .box_h = 0, .ofs_x = 0, .ofs_y = 0} /* id = 0 reserved */,
    {.bitmap_index = 0, .adv_w = 80, .box_w = 0, .box_h = 0, .ofs_x = 0, .ofs_y = 0},
    {.bitmap_index = 0, .adv_w = 84, .box_w = 3, .box_h = 15, .ofs_x = 1, .ofs_y = 0},
    {.bitmap_index = 23, .adv_w = 111, .box_w = 7, .box_h = 6, .ofs_x = 0, .ofs_y = 11},
    {.bitmap_index = 44, .adv_w = 192, .box_w = 12, .box_h = 15, .ofs_x = 0, .ofs_y = 0},
    {.bitmap_index = 134, .adv_w = 188, .box_w = 11, .box_h = 19, .ofs_x = 0, .ofs_y = -2},
    {.bitmap_index = 239, .adv_w = 262, .box_w = 16, .box_h = 15, .ofs_x = 0, .ofs_y = 0},
    {.bitmap_index = 359, .adv_w = 231, .box_w = 15, .box_h = 15, .ofs_x = 0, .ofs_y = 0},
    {.bitmap_index = 472, .adv_w = 61, .box_w = 4, .box_h = 6, .ofs_x = 0, .ofs_y = 11},
    {.bitmap_index = 484, .adv_w = 109, .box_w = 6, .box_h = 18, .ofs_x = 1, .ofs_y = -2},
    {.bitmap_index = 538, .adv_w = 110, .box_w = 6, .box_h = 18, .ofs_x = 0, .ofs_y = -2},
    {.bitmap_index = 592, .adv_w = 171, .box_w = 10, .box_h = 9, .ofs_x = 0, .ofs_y = 6},
    {.bitmap_index = 637, .adv_w = 188, .box_w = 10, .box_h = 9, .ofs_x = 1, .ofs_y = 3},
    {.bitmap_index = 682, .adv_w = 79, .box_w = 3, .box_h = 6, .ofs_x = 1, .ofs_y = -3},
    {.bitmap_index = 691, .adv_w = 110, .box_w = 5, .box_h = 2, .ofs_x = 1, .ofs_y = 6},
    {.bitmap_index = 696, .adv_w = 77, .box_w = 3, .box_h = 3, .ofs_x = 1, .ofs_y = 0},
    {.bitmap_index = 701, .adv_w = 108, .box_w = 7, .box_h = 18, .ofs_x = 0, .ofs_y = -2},
    {.bitmap_index = 764, .adv_w = 200, .box_w = 11, .box_h = 15, .ofs_x = 1, .ofs_y = 0},
    {.bitmap_index = 847, .adv_w = 137, .box_w = 7, .box_h = 15, .ofs_x = 0, .ofs_y = 0},
    {.bitmap_index = 900, .adv_w = 177, .box_w = 11, .box_h = 15, .ofs_x = 0, .ofs_y = 0},
    {.bitmap_index = 983, .adv_w = 178, .box_w = 11, .box_h = 15, .ofs_x = 0, .ofs_y = 0},
    {.bitmap_index = 1066, .adv_w = 191, .box_w = 12, .box_h = 15, .ofs_x = 0, .ofs_y = 0},
    {.bitmap_index = 1156, .adv_w = 188, .box_w = 10, .box_h = 15, .ofs_x = 1, .ofs_y = 0},
    {.bitmap_index = 1231, .adv_w = 188, .box_w = 12, .box_h = 15, .ofs_x = 0, .ofs_y = 0},
    {.bitmap_index = 1321, .adv_w = 180, .box_w = 11, .box_h = 15, .ofs_x = 0, .ofs_y = 0},
    {.bitmap_index = 1404, .adv_w = 196, .box_w = 12, .box_h = 15, .ofs_x = 0, .ofs_y = 0},
    {.bitmap_index = 1494, .adv_w = 188, .box_w = 11, .box_h = 15, .ofs_x = 0, .ofs_y = 0},
    {.bitmap_index = 1577, .adv_w = 84, .box_w = 3, .box_h = 10, .ofs_x = 1, .ofs_y = 0},
    {.bitmap_index = 1592, .adv_w = 85, .box_w = 3, .box_h = 13, .ofs_x = 1, .ofs_y = -2},
    {.bitmap_index = 1612, .adv_w = 188, .box_w = 10, .box_h = 10, .ofs_x = 1, .ofs_y = 3},
    {.bitmap_index = 1662, .adv_w = 188, .box_w = 10, .box_h = 6, .ofs_x = 1, .ofs_y = 5},
    {.bitmap_index = 1692, .adv_w = 188, .box_w = 10, .box_h = 10, .ofs_x = 1, .ofs_y = 3},
    {.bitmap_index = 1742, .adv_w = 162, .box_w = 10, .box_h = 15, .ofs_x = 0, .ofs_y = 0},
    {.bitmap_index = 1817, .adv_w = 317, .box_w = 20, .box_h = 20, .ofs_x = 0, .ofs_y = -4},
    {.bitmap_index = 2017, .adv_w = 224, .box_w = 14, .box_h = 15, .ofs_x = 0, .ofs_y = 0},
    {.bitmap_index = 2122, .adv_w = 206, .box_w = 12, .box_h = 15, .ofs_x = 1, .ofs_y = 0},
    {.bitmap_index = 2212, .adv_w = 216, .box_w = 14, .box_h = 15, .ofs_x = 0, .ofs_y = 0},
    {.bitmap_index = 2317, .adv_w = 232, .box_w = 13, .box_h = 15, .ofs_x = 1, .ofs_y = 0},
    {.bitmap_index = 2415, .adv_w = 181, .box_w = 10, .box_h = 15, .ofs_x = 1, .ofs_y = 0},
    {.bitmap_index = 2490, .adv_w = 174, .box_w = 10, .box_h = 15, .ofs_x = 1, .ofs_y = 0},
    {.bitmap_index = 2565, .adv_w = 227, .box_w = 14, .box_h = 15, .ofs_x = 0, .ofs_y = 0},
    {.bitmap_index = 2670, .adv_w = 236, .box_w = 13, .box_h = 15, .ofs_x = 1, .ofs_y = 0},
    {.bitmap_index = 2768, .adv_w = 77, .box_w = 3, .box_h = 15, .ofs_x = 1, .ofs_y = 0},
    {.bitmap_index = 2791, .adv_w = 154, .box_w = 9, .box_h = 15, .ofs_x = 0, .ofs_y = 0},
    {.bitmap_index = 2859, .adv_w = 210, .box_w = 12, .box_h = 15, .ofs_x = 1, .ofs_y = 0},
    {.bitmap_index = 2949, .adv_w = 173, .box_w = 10, .box_h = 15, .ofs_x = 1, .ofs_y = 0},
    {.bitmap_index = 3024, .adv_w = 283, .box_w = 16, .box_h = 15, .ofs_x = 1, .ofs_y = 0},
    {.bitmap_index = 3144, .adv_w = 236, .box_w = 13, .box_h = 15, .ofs_x = 1, .ofs_y = 0},
    {.bitmap_index = 3242, .adv_w = 245, .box_w = 15, .box_h = 15, .ofs_x = 0, .ofs_y = 0},
    {.bitmap_index = 3355, .adv_w = 195, .box_w = 11, .box_h = 15, .ofs_x = 1, .ofs_y = 0},
    {.bitmap_index = 3438, .adv_w = 245, .box_w = 15, .box_h = 17, .ofs_x = 0, .ofs_y = -2},
    {.bitmap_index = 3566, .adv_w = 206, .box_w = 12, .box_h = 15, .ofs_x = 1, .ofs_y = 0},
    {.bitmap_index = 3656, .adv_w = 188, .box_w = 12, .box_h = 15, .ofs_x = 0, .ofs_y = 0},
    {.bitmap_index = 3746, .adv_w = 182, .box_w = 11, .box_h = 15, .ofs_x = 0, .ofs_y = 0},
    {.bitmap_index = 3829, .adv_w = 234, .box_w = 13, .box_h = 15, .ofs_x = 1, .ofs_y = 0},
    {.bitmap_index = 3927, .adv_w = 221, .box_w = 14, .box_h = 15, .ofs_x = 0, .ofs_y = 0},
    {.bitmap_index = 4032, .adv_w = 324, .box_w = 20, .box_h = 15, .ofs_x = 0, .ofs_y = 0},
    {.bitmap_index = 4182, .adv_w = 208, .box_w = 13, .box_h = 15, .ofs_x = 0, .ofs_y = 0},
    {.bitmap_index = 4280, .adv_w = 207, .box_w = 13, .box_h = 15, .ofs_x = 0, .ofs_y = 0},
    {.bitmap_index = 4378, .adv_w = 202, .box_w = 13, .box_h = 15, .ofs_x = 0, .ofs_y = 0},
    {.bitmap_index = 4476, .adv_w = 110, .box_w = 6, .box_h = 18, .ofs_x = 1, .ofs_y = -2},
    {.bitmap_index = 4530, .adv_w = 108, .box_w = 7, .box_h = 18, .ofs_x = 0, .ofs_y = -2},
    {.bitmap_index = 4593, .adv_w = 110, .box_w = 6, .box_h = 18, .ofs_x = 0, .ofs_y = -2},
    {.bitmap_index = 4647, .adv_w = 188, .box_w = 10, .box_h = 9, .ofs_x = 1, .ofs_y = 7},
    {.bitmap_index = 4692, .adv_w = 110, .box_w = 7, .box_h = 2, .ofs_x = 0, .ofs_y = -4},
    {.bitmap_index = 4699, .adv_w = 88, .box_w = 4, .box_h = 4, .ofs_x = 1, .ofs_y = 12},
    {.bitmap_index = 4707, .adv_w = 183, .box_w = 10, .box_h = 11, .ofs_x = 1, .ofs_y = 0},
    {.bitmap_index = 4762, .adv_w = 199, .box_w = 11, .box_h = 15, .ofs_x = 1, .ofs_y = 0},
    {.bitmap_index = 4845, .adv_w = 169, .box_w = 11, .box_h = 11, .ofs_x = 0, .ofs_y = 0},
    {.bitmap_index = 4906, .adv_w = 199, .box_w = 12, .box_h = 15, .ofs_x = 0, .ofs_y = 0},
    {.bitmap_index = 4996, .adv_w = 183, .box_w = 11, .box_h = 11, .ofs_x = 0, .ofs_y = 0},
    {.bitmap_index = 5057, .adv_w = 111, .box_w = 8, .box_h = 15, .ofs_x = 0, .ofs_y = 0},
    {.bitmap_index = 5117, .adv_w = 198, .box_w = 12, .box_h = 15, .ofs_x = 0, .ofs_y = -4},
    {.bitmap_index = 5207, .adv_w = 193, .box_w = 10, .box_h = 15, .ofs_x = 1, .ofs_y = 0},
    {.bitmap_index = 5282, .adv_w = 77, .box_w = 3, .box_h = 15, .ofs_x = 1, .ofs_y = 0},
    {.bitmap_index = 5305, .adv_w = 78, .box_w = 6, .box_h = 19, .ofs_x = -2, .ofs_y = -4},
    {.bitmap_index = 5362, .adv_w = 170, .box_w = 10, .box_h = 15, .ofs_x = 1, .ofs_y = 0},
    {.bitmap_index = 5437, .adv_w = 69, .box_w = 3, .box_h = 15, .ofs_x = 1, .ofs_y = 0},
    {.bitmap_index = 5460, .adv_w = 291, .box_w = 16, .box_h = 11, .ofs_x = 1, .ofs_y = 0},
    {.bitmap_index = 5548, .adv_w = 194, .box_w = 10, .box_h = 11, .ofs_x = 1, .ofs_y = 0},
    {.bitmap_index = 5603, .adv_w = 193, .box_w = 12, .box_h = 11, .ofs_x = 0, .ofs_y = 0},
    {.bitmap_index = 5669, .adv_w = 198, .box_w = 11, .box_h = 15, .ofs_x = 1, .ofs_y = -4},
    {.bitmap_index = 5752, .adv_w = 199, .box_w = 12, .box_h = 15, .ofs_x = 0, .ofs_y = -4},
    {.bitmap_index = 5842, .adv_w = 118, .box_w = 6, .box_h = 11, .ofs_x = 1, .ofs_y = 0},
    {.bitmap_index = 5875, .adv_w = 151, .box_w = 10, .box_h = 11, .ofs_x = 0, .ofs_y = 0},
    {.bitmap_index = 5930, .adv_w = 116, .box_w = 7, .box_h = 13, .ofs_x = 0, .ofs_y = 0},
    {.bitmap_index = 5976, .adv_w = 194, .box_w = 10, .box_h = 11, .ofs_x = 1, .ofs_y = 0},
    {.bitmap_index = 6031, .adv_w = 180, .box_w = 12, .box_h = 11, .ofs_x = 0, .ofs_y = 0},
    {.bitmap_index = 6097, .adv_w = 273, .box_w = 17, .box_h = 11, .ofs_x = 0, .ofs_y = 0},
    {.bitmap_index = 6191, .adv_w = 168, .box_w = 11, .box_h = 11, .ofs_x = 0, .ofs_y = 0},
    {.bitmap_index = 6252, .adv_w = 180, .box_w = 12, .box_h = 15, .ofs_x = 0, .ofs_y = -4},
    {.bitmap_index = 6342, .adv_w = 167, .box_w = 10, .box_h = 11, .ofs_x = 0, .ofs_y = 0},
    {.bitmap_index = 6397, .adv_w = 112, .box_w = 7, .box_h = 18, .ofs_x = 0, .ofs_y = -2},
    {.bitmap_index = 6460, .adv_w = 85, .box_w = 3, .box_h = 18, .ofs_x = 1, .ofs_y = -2},
    {.bitmap_index = 6487, .adv_w = 112, .box_w = 7, .box_h = 18, .ofs_x = 0, .ofs_y = -2},
    {.bitmap_index = 6550, .adv_w = 188, .box_w = 10, .box_h = 4, .ofs_x = 1, .ofs_y = 6},
    {.bitmap_index = 6570, .adv_w = 316, .box_w = 20, .box_h = 17, .ofs_x = 0, .ofs_y = 0},
    {.bitmap_index = 6740, .adv_w = 320, .box_w = 19, .box_h = 20, .ofs_x = 0, .ofs_y = -3},
    {.bitmap_index = 6930, .adv_w = 320, .box_w = 19, .box_h = 19, .ofs_x = 0, .ofs_y = -2},
    {.bitmap_index = 7111, .adv_w = 320, .box_w = 19, .box_h = 19, .ofs_x = 0, .ofs_y = -2},
    {.bitmap_index = 7292, .adv_w = 320, .box_w = 19, .box_h = 20, .ofs_x = 0, .ofs_y = -3},
    {.bitmap_index = 7482, .adv_w = 320, .box_w = 18, .box_h = 20, .ofs_x = 0, .ofs_y = -3},
    {.bitmap_index = 7662, .adv_w = 320, .box_w = 20, .box_h = 21, .ofs_x = 0, .ofs_y = -3},
    {.bitmap_index = 7872, .adv_w = 320, .box_w = 19, .box_h = 19, .ofs_x = 1, .ofs_y = -2},
    {.bitmap_index = 8053, .adv_w = 320, .box_w = 18, .box_h = 18, .ofs_x = 1, .ofs_y = -1},
    {.bitmap_index = 8215, .adv_w = 320, .box_w = 18, .box_h = 21, .ofs_x = 1, .ofs_y = -3},
    {.bitmap_index = 8404, .adv_w = 320, .box_w = 20, .box_h = 19, .ofs_x = 0, .ofs_y = -2},
    {.bitmap_index = 8594, .adv_w = 320, .box_w = 19, .box_h = 20, .ofs_x = 0, .ofs_y = -2},
    {.bitmap_index = 8784, .adv_w = 320, .box_w = 19, .box_h = 20, .ofs_x = 0, .ofs_y = -2},
    {.bitmap_index = 8974, .adv_w = 320, .box_w = 20, .box_h = 20, .ofs_x = 0, .ofs_y = -3},
    {.bitmap_index = 9174, .adv_w = 320, .box_w = 20, .box_h = 20, .ofs_x = 0, .ofs_y = -2},
    {.bitmap_index = 9374, .adv_w = 320, .box_w = 14, .box_h = 17, .ofs_x = 3, .ofs_y = -1},
    {.bitmap_index = 9493, .adv_w = 320, .box_w = 19, .box_h = 19, .ofs_x = 1, .ofs_y = -2},
    {.bitmap_index = 9674, .adv_w = 320, .box_w = 19, .box_h = 19, .ofs_x = 0, .ofs_y = -2},
    {.bitmap_index = 9855, .adv_w = 320, .box_w = 20, .box_h = 19, .ofs_x = 0, .ofs_y = -2},
    {.bitmap_index = 10045, .adv_w = 320, .box_w = 20, .box_h = 19, .ofs_x = 0, .ofs_y = -2},
    {.bitmap_index = 10235, .adv_w = 320, .box_w = 20, .box_h = 19, .ofs_x = 0, .ofs_y = -2},
    {.bitmap_index = 10425, .adv_w = 320, .box_w = 19, .box_h = 19, .ofs_x = 0, .ofs_y = -2},
    {.bitmap_index = 10606, .adv_w = 320, .box_w = 20, .box_h = 20, .ofs_x = 0, .ofs_y = -3},
    {.bitmap_index = 10806, .adv_w = 320, .box_w = 20, .box_h = 20, .ofs_x = 0, .ofs_y = -2},
    {.bitmap_index = 11006, .adv_w = 320, .box_w = 17, .box_h = 19, .ofs_x = 2, .ofs_y = -2},
    {.bitmap_index = 11168, .adv_w = 320, .box_w = 20, .box_h = 20, .ofs_x = 0, .ofs_y = -3},
    {.bitmap_index = 11368, .adv_w = 320, .box_w = 20, .box_h = 19, .ofs_x = 0, .ofs_y = -2},
    {.bitmap_index = 11558, .adv_w = 320, .box_w = 19, .box_h = 20, .ofs_x = 0, .ofs_y = -2},
    {.bitmap_index = 11748, .adv_w = 320, .box_w = 18, .box_h = 18, .ofs_x = 1, .ofs_y = -1},
    {.bitmap_index = 11910, .adv_w = 320, .box_w = 20, .box_h = 20, .ofs_x = 0, .ofs_y = -3},
    {.bitmap_index = 12110, .adv_w = 320, .box_w = 19, .box_h = 19, .ofs_x = 0, .ofs_y = -2},
    {.bitmap_index = 12291, .adv_w = 320, .box_w = 19, .box_h = 20, .ofs_x = 0, .ofs_y = -2},
    {.bitmap_index = 12481, .adv_w = 320, .box_w = 20, .box_h = 19, .ofs_x = 0, .ofs_y = -2},
    {.bitmap_index = 12671, .adv_w = 320, .box_w = 19, .box_h = 20, .ofs_x = 1, .ofs_y = -3},
    {.bitmap_index = 12861, .adv_w = 320, .box_w = 17, .box_h = 20, .ofs_x = 2, .ofs_y = -2},
    {.bitmap_index = 13031, .adv_w = 320, .box_w = 18, .box_h = 19, .ofs_x = 1, .ofs_y = -2}
};

/*---------------------
 *  CHARACTER MAPPING
 *--------------------*/

static const uint16_t unicode_list_1[] = {
    0x0, 0x2df3, 0x2ede, 0x2f73, 0x2f7c, 0x312d, 0x32bf, 0x3463,
    0x35f7, 0x3a9b, 0x3d92, 0x3da3, 0x3f6c, 0x42a2, 0x446d, 0x44e2,
    0x44f3, 0x461c, 0x4627, 0x4629, 0x4734, 0x4d26, 0x4fea, 0x5145,
    0x5432, 0x58cf, 0x5bf8, 0x5ddc, 0x5e6b, 0x6762, 0x6abb, 0x6edb,
    0x70c4, 0x747c, 0x74f1, 0x7591
};

/*Collect the unicode lists and glyph_id offsets*/
static const lv_font_fmt_txt_cmap_t cmaps[] =
{
    {
        .range_start = 32, .range_length = 95, .glyph_id_start = 1,
        .unicode_list = NULL, .glyph_id_ofs_list = NULL, .list_length = 0, .type = LV_FONT_FMT_TXT_CMAP_FORMAT0_TINY
    },
    {
        .range_start = 8451, .range_length = 30098, .glyph_id_start = 96,
        .unicode_list = unicode_list_1, .glyph_id_ofs_list = NULL, .list_length = 36, .type = LV_FONT_FMT_TXT_CMAP_SPARSE_TINY
    }
};

/*-----------------
 *    KERNING
 *----------------*/


/*Map glyph_ids to kern left classes*/
static const uint8_t kern_left_class_mapping[] =
{
    0, 1, 0, 2, 3, 0, 0, 4,
    2, 5, 0, 6, 0, 7, 8, 7,
    9, 10, 11, 12, 13, 14, 15, 16,
    17, 18, 19, 0, 0, 0, 0, 0,
    20, 21, 22, 23, 24, 21, 25, 26,
    27, 0, 0, 28, 29, 30, 0, 0,
    21, 31, 21, 32, 33, 34, 28, 9,
    35, 36, 37, 38, 5, 22, 0, 0,
    7, 0, 39, 40, 41, 42, 43, 44,
    45, 39, 46, 0, 47, 42, 39, 39,
    40, 40, 45, 48, 49, 50, 45, 51,
    51, 52, 51, 53, 5, 0, 0, 0,
    24, 0, 0, 0, 0, 0, 0, 0,
    0, 0, 0, 0, 0, 0, 0, 0,
    0, 0, 0, 0, 0, 0, 0, 0,
    0, 0, 0, 0, 0, 0, 0, 0,
    0, 0, 0, 0
};

/*Map glyph_ids to kern right classes*/
static const uint8_t kern_right_class_mapping[] =
{
    0, 1, 0, 2, 3, 0, 0, 4,
    2, 0, 5, 6, 0, 7, 8, 7,
    9, 10, 11, 12, 13, 14, 15, 16,
    17, 18, 19, 0, 0, 0, 0, 0,
    20, 21, 9, 0, 21, 0, 0, 0,
    21, 0, 0, 22, 0, 0, 0, 0,
    21, 0, 21, 0, 23, 24, 25, 26,
    27, 28, 29, 30, 0, 26, 5, 0,
    7, 0, 0, 31, 32, 32, 32, 33,
    32, 31, 34, 34, 31, 31, 35, 35,
    32, 35, 32, 35, 36, 37, 38, 39,
    39, 40, 39, 41, 0, 0, 5, 0,
    0, 0, 0, 0, 0, 0, 0, 0,
    0, 0, 0, 0, 0, 0, 0, 0,
    0, 0, 0, 0, 0, 0, 0, 0,
    0, 0, 0, 0, 0, 0, 0, 0,
    0, 0, 0, 0
};

/*Kern values between classes*/
static const int8_t kern_class_values[] =
{
    0, 0, 0, 0, 0, 0, 0, 0,
    -10, 0, 0, 0, 0, 0, 0, 0,
    0, 0, 0, 0, 0, 0, 0, -10,
    0, -10, -10, -6, -10, 0, 0, 0,
    0, 0, 0, 0, 0, 0, 0, 0,
    0, 0, 0, 0, 0, 0, 0, 0,
    0, -32, -9, 4, 2, -1, -30, -9,
    -23, 3, -10, 0, 0, -14, -41, 0,
    3, 0, 3, 3, 0, 3, 0, 0,
    -14, 0, 0, -3, -7, 0, -6, 0,
    0, 0, 0, 0, 0, 0, 0, 0,
    0, 0, 0, 0, 0, 0, -4, -9,
    -5, -8, 0, 0, 0, 0, 0, 0,
    0, 0, 0, 0, 0, 0, 0, 0,
    0, 0, 0, 0, 0, 0, 0, 0,
    0, 0, 0, 0, 0, 0, 0, 0,
    0, 0, 0, 0, 0, -14, 0, -4,
    -4, -9, -6, -28, -4, -8, 0, 0,
    0, 0, 0, 0, 0, 0, 0, 0,
    0, 0, 0, 0, 0, 0, 0, 0,
    0, 0, 0, 0, 0, 0, 0, 0,
    0, 0, 0, 0, 0, 0, 0, 0,
    0, 0, 0, 0, 5, 0, 0, 0,
    0, 0, 0, 0, 0, 0, 0, 0,
    0, 0, 0, 0, 0, 0, 0, 0,
    0, 0, 0, 0, 0, 0, 0, 0,
    0, 0, 0, 0, 0, 0, 0, 0,
    0, -8, -31, -10, -19, 0, -6, 2,
    0, 0, 0, 0, 0, 0, 0, 0,
    0, 0, 0, 0, 0, 0, 0, 0,
    0, 0, 0, 0, 0, 0, 0, 0,
    0, 0, 0, 0, 0, 0, 0, 0,
    -26, 0, 0, -5, 0, -4, -16, 0,
    -12, 0, 0, 0, 0, 0, 0, 0,
    0, 0, 0, 0, 0, 0, 0, 0,
    0, 0, 0, 0, 0, 0, 0, 0,
    0, 0, 0, 0, 0, 0, 0, 0,
    0, -17, -12, -7, 0, 0, 0, -32,
    0, -6, 0, 0, 0, 0, 0, 0,
    0, 0, 0, 0, 0, 0, 0, 0,
    0, 0, 0, 0, 0, 0, 0, 0,
    -10, 3, 0, -20, 0, 0, -38, -19,
    -36, -3, 0, 0, 0, -27, -5, -14,
    0, -8, -1, 0, -12, -44, 0, 6,
    0, 7, 4, 0, 8, -4, 0, -26,
    -7, 0, -13, -20, -6, -12, -10, -13,
    -17, 0, 0, 0, 0, 0, 0, 0,
    0, -3, 0, 0, 0, 0, 0, 0,
    0, -11, 0, 0, -8, 0, -9, 0,
    -13, 0, -3, 0, 0, -8, 0, 0,
    0, 0, 0, 0, 0, 0, 0, 0,
    0, 0, 0, 0, 0, 0, 0, 0,
    0, 0, 0, 0, 0, 0, 0, 0,
    0, 0, -4, 0, 0, -7, 0, 0,
    0, 0, 0, 0, 0, 0, -9, 0,
    0, 0, 0, 0, 0, 0, 0, 0,
    0, 0, 0, 0, 2, 0, -9, 0,
    0, 0, -10, 0, 0, 0, 0, 0,
    0, 0, 0, 0, 0, 0, 0, 0,
    0, 0, 0, 0, -1, 0, 0, -3,
    0, 0, 0, 0, 0, 0, 0, 0,
    0, 0, 0, 0, 0, -6, 0, 0,
    0, -12, 0, 0, 0, 0, -6, 0,
    0, 0, -3, 0, -8, 0, -5, -11,
    0, 0, 0, 0, 0, -3, 0, -3,
    -6, 0, 0, 0, 0, 0, 0, 0,
    0, -1, -10, -6, -5, 0, -4, 0,
    0, 0, -13, 0, 0, 0, 0, -6,
    0, 0, 0, -5, 0, -15, 0, -6,
    -19, 0, 0, 0, -12, 0, -11, -9,
    -5, -12, 0, 0, 0, -6, 0, 0,
    0, -4, 0, -12, -6, -5, 0, -2,
    0, 0, 0, -13, 0, 0, 0, 0,
    -6, 0, 0, 0, 0, -2, -10, 0,
    -6, -14, 0, 0, 0, -8, 0, -5,
    -4, -5, -8, 0, 0, 0, -5, 0,
    0, 0, -4, -2, -9, -9, -3, 0,
    -13, 0, 0, 0, -19, 0, 0, 0,
    0, -16, 0, 0, 0, 0, 0, -21,
    0, -10, -30, 0, 0, 0, -21, 0,
    -20, -17, -4, -25, 0, 0, 0, -2,
    0, 0, 0, -2, 0, -7, -8, -4,
    0, 4, -21, -20, 5, 0, -33, -28,
    -36, -8, 0, 0, 0, -29, -6, -20,
    2, -7, 0, 0, -11, -49, -3, 0,
    0, 0, 0, 0, 0, 0, 0, -18,
    -6, 0, -8, -18, -2, -12, -9, -6,
    -12, 0, -6, 0, 0, 0, -6, 0,
    0, -3, 0, -5, 0, 0, 0, 0,
    0, -13, 0, -3, -10, 0, 0, 0,
    -12, 0, -8, -4, 0, -15, 0, 0,
    0, 0, 0, 0, 0, 0, 0, 0,
    0, 0, 0, 0, -9, -13, 0, 0,
    -19, -9, -21, 0, 0, 0, -3, -12,
    -3, -9, -9, -2, 0, -5, 0, -30,
    0, 0, 0, -5, 0, -9, -8, 0,
    0, 0, 3, 0, 0, 0, 6, 0,
    3, 2, 1, 0, 0, 0, 0, 0,
    0, 0, 0, 0, -7, 0, 0, -6,
    -25, -14, -16, -2, -9, 0, 0, 0,
    0, 0, 0, 0, 0, 0, 0, 0,
    0, 0, 0, 0, 0, 0, 0, 0,
    0, 0, 0, 0, 0, -8, 0, -3,
    0, 0, -13, 0, -12, 0, 0, -2,
    0, 0, 0, 0, -14, 0, 0, -13,
    0, -13, 0, -18, 0, -12, -9, -13,
    -18, -12, 0, 0, 0, 0, 0, 0,
    0, 0, 0, -5, 0, -10, -25, 0,
    -3, 0, 0, 6, -14, 0, -3, -19,
    0, 0, -3, 0, 0, -16, -3, -21,
    -29, -12, 0, 0, -36, -13, -36, -27,
    0, -42, 0, 0, -5, -10, 0, 0,
    1, -11, -5, -24, 3, 0, 0, 0,
    0, 0, 0, 0, 0, 0, -2, 0,
    0, 0, 0, 0, 0, 0, 0, 0,
    0, -9, 0, 0, 0, -10, 0, -9,
    -10, -6, -12, -2, 0, 0, 0, 0,
    0, 0, 0, 0, -3, 0, 0, 0,
    8, 0, 0, 0, 0, 0, -13, 0,
    0, 0, 0, 0, 0, 0, 0, 0,
    0, 0, 2, -4, 0, 0, 1, 0,
    -3, -1, -5, -4, 0, 0, -2, 3,
    0, 0, 2, 3, 0, 0, 0, 0,
    0, 3, 0, -4, 0, 0, 0, 0,
    0, 0, 0, 0, 0, -7, 0, 0,
    0, 0, 0, 0, -5, 0, 0, 0,
    0, 0, 0, 0, 0, 0, 0, -7,
    -2, 0, 0, 0, -1, 0, -8, 0,
    0, -3, 8, 0, -12, 0, 0, -35,
    0, -28, 0, 0, 0, 0, -11, 0,
    -5, 0, 0, 0, 0, -2, -49, 0,
    0, 0, 2, 3, 0, 0, -4, 0,
    -8, -3, 0, -3, -3, -3, -2, -5,
    -5, -10, 0, 0, 0, 0, 0, 0,
    0, 3, -7, 0, -2, 0, 0, 0,
    0, 0, -9, 0, 0, -4, 0, -2,
    0, -8, 0, -7, -4, -10, -11, -4,
    0, 0, 0, 0, 0, 0, 0, 0,
    0, 0, -3, 0, 0, 0, -4, 0,
    0, -8, 0, -13, 0, 0, 0, 0,
    0, 0, 0, 0, 0, 0, 0, 0,
    -8, 0, 0, 0, 0, 0, -6, 0,
    -4, 0, 0, 0, 0, 0, 0, 0,
    0, 0, 0, 0, -13, 0, 0, -14,
    0, 0, 0, -31, 0, 0, -17, 0,
    0, -21, 0, 0, -5, 0, -17, -11,
    -24, 0, -11, -4, -13, -5, -30, 0,
    -6, 0, 0, -19, -13, 0, -4, -7,
    -15, -14, -31, 0, 0, -13, -42, 0,
    -8, 0, 0, 8, -35, 0, 0, -34,
    0, 0, -23, 0, 0, -21, 0, -33,
    -34, -20, 0, -4, -50, -15, -49, -36,
    0, -58, 0, 0, -11, -8, 0, 0,
    -4, -18, -9, -33, 0, 0, 0, 0,
    0, -14, 0, 0, -36, -3, -28, 0,
    0, 0, 0, -18, 0, 0, 0, 0,
    0, 0, 1, -62, 0, 0, 0, 0,
    0, -10, -6, -12, 0, -8, 4, 0,
    -2, -3, 7, -2, 4, 3, -2, 0,
    0, 0, -9, 0, 0, 11, -14, -1,
    0, -6, 0, 0, -10, 0, 0, -11,
    0, 0, -9, -8, 0, -2, -14, -7,
    -12, -11, 0, -13, 0, 0, -10, -2,
    0, 0, -4, -2, -8, -5, 4, 0,
    0, 2, 0, 4, 0, 0, 2, 1,
    -4, 0, -3, 0, 0, 0, 0, 0,
    -6, 0, 0, -3, 0, 0, 0, -8,
    0, -3, 0, -8, -8, -2, 0, 2,
    -3, 0, 0, 0, -5, 0, -10, 0,
    0, -10, 3, 0, -25, 0, 0, -32,
    -33, -36, -13, 0, 0, 0, -35, -11,
    -28, 0, -12, 0, 3, -18, -52, -2,
    2, 0, 6, 4, 0, 3, -3, 0,
    -40, -19, 0, -28, -36, -14, -30, -37,
    -34, -30, -10, 0, 0, -14, 0, 0,
    -24, -17, -27, 0, 0, 0, 0, -20,
    -5, -15, 0, -4, 0, 0, -9, -31,
    0, 4, 0, 4, 5, 0, 3, -5,
    0, -18, -6, 0, -9, -15, -4, -9,
    -7, -9, -13, -6, 0, 0, -10, 0,
    0, 5, -25, 0, 0, 0, 0, 0,
    -14, -8, -11, 0, 0, -5, -3, -13,
    -4, -10, 0, -6, 0, 0, 0, 0,
    0, 0, -14, -10, 0, -1, -4, -12,
    -12, -21, 0, 0, -10, 3, 0, -24,
    0, 0, -35, -32, -38, -8, -6, -3,
    -1, -39, -11, -28, 0, -15, -5, -3,
    -17, -57, -6, 3, 0, 8, 3, 0,
    4, -5, 0, -42, -16, -5, -28, -36,
    -16, -29, -22, -25, -30, 0, 0, 0,
    -6, 0, 0, 4, -22, 0, 0, 0,
    0, 0, -22, 0, 0, 0, 0, 0,
    0, -14, -2, 0, 2, -1, 3, 2,
    0, 3, 0, 0, -9, -4, 0, 0,
    -2, -6, -5, -14, 0, 0, 0, -6,
    0, 0, 0, 0, 0, 0, 0, 0,
    0, 0, 0, 0, 0, 0, -9, 0,
    0, -19, 0, 0, 0, -31, 0, -21,
    -18, 0, -35, 0, 0, 0, 0, 0,
    0, 0, -1, 0, -5, 0, -2, 0,
    -11, 0, 0, 0, 0, -8, 0, -5,
    0, 0, 0, 0, 0, 0, 0, -16,
    0, 0, -25, 0, -6, 0, -40, 0,
    -26, -18, -14, -42, -6, 0, 0, -3,
    0, 0, 0, -4, 0, -10, -10, -7,
    0, 6, 0, -2, 0, 0, 3, -2,
    4, 0, 0, 0, 0, 0, 0, 0,
    -15, 0, 0, -14, 0, 0, 0, -33,
    0, -14, -12, -2, -28, 0, 0, -3,
    6, 0, 0, 0, 5, 0, 1, -1,
    0, 0, 0, 0, 0, 6, 0, 0,
    0, 0, 0, 0, 0, 0, 0, 0,
    0, 0, 0, 0, 0, 0, 0, 0,
    0, 0, 0, 0, 0, 0, 0, 0,
    0, 0, 0, 0, 0, 0, 0, 0,
    0, 0, 0, 0, 0, -2, 0, 0,
    -5, 0, -3, 0, 0, 0, 0, 0,
    0, 0, -23, 0, 0, -21, 0, -2,
    0, -33, 0, -22, -10, -10, -35, 0,
    0, 0, -1, 0, 0, 0, -1, 0,
    -5, -5, 0, 0, 12, 0, -14, 13,
    0, -24, -10, -20, 0, 0, 0, 0,
    -15, 0, -5, 5, 0, 6, 9, 0,
    -28, 0, 12, 0, 16, 14, 10, 15,
    4, 5, -9, 4, 0, 0, 0, 7,
    0, 0, 0, 0, 0, 0, 0, 0,
    0, 0, 0, 0, 0, 0, 0, 0,
    0, 0, 0, 0, -14, 0, 0, -12,
    0, 0, 0, -29, 0, -13, -9, -1,
    -28, 0, 0, 0, -2, 0, 0, 0,
    0, 0, -2, 0, 0, 0, 0, 0,
    0, 0, 0, 0, 0, 0, 0, 0,
    0, 0, 0, 0, 0, 0, 0, 0,
    0, 0, 0, 0, 0, 0, 0, 0,
    0, -5, 0, 0, 0, 0, 0, 0,
    0, 0, 0, 0, 0, 0, 0, 0,
    0, -18, 0, 0, 0, -23, 0, 0,
    0, 0, -6, -19, -10, -13, -17, 0,
    -2, -17, 0, -9, 0, -39, 0, -17,
    -13, -7, -25, 0, 0, -14, 0, 0,
    0, -7, 0, -4, 0, 0, 0, 0,
    10, 0, -16, 0, 0, -30, -9, -26,
    0, 0, 0, -11, -18, -4, -9, -15,
    0, 8, -6, 0, -35, 0, -31, 0,
    -6, -4, -20, -17, -17, 0, -11, 6,
    0, 0, -3, 8, 0, 0, 0, -4,
    0, 0, 0, 0, 0, 0, 0, -2,
    1, 0, 0, 0, 0, 4, 0, 0,
    -16, 0, 0, -20, 0, 0, 0, -37,
    0, -21, -15, -2, -31, 0, 0, 0,
    0, 0, 0, 0, 3, 0, -3, 0,
    0, 0, 0, 0, -4, 0, 0, 0,
    -12, 0, 0, 0, 0, 0, -9, -5,
    -4, -14, 0, 3, -12, 0, 0, 0,
    -32, 0, -14, -9, -2, -24, 0, 0,
    -6, 0, 0, 0, 0, 4, 0, 0,
    0, 0, 0, 0, 0, -14, 0, 0,
    -28, -9, -24, 0, 0, 0, -10, -12,
    -4, -6, -17, 0, 6, -17, 0, -30,
    4, -33, 0, -10, -7, -21, -22, -17,
    0, -10, 0, 0, 0, -5, 0, 0,
    0, 0, -3, 0, 0, 0, -9, 0,
    0, 0, -15, 3, 0, 0, 0, -4,
    -12, -8, -8, -14, 0, 4, -16, -5,
    0, 0, -34, 0, -13, -9, 0, -25,
    0, 0, -10, 0, 0, 0, 0, 0,
    0, 0, 0, 0, 0, 0, 0, -13,
    0, 0, 0, -8, 0, 0, 0, 0,
    -2, -15, -3, -5, -15, 0, 3, -13,
    0, 0, 0, -31, 0, -17, -12, 0,
    -27, 0, 0, -7, 0, 0, 0, 0,
    0, 0, 0, 0, 0
};


/*Collect the kern class' data in one place*/
static const lv_font_fmt_txt_kern_classes_t kern_classes =
{
    .class_pair_values   = kern_class_values,
    .left_class_mapping  = kern_left_class_mapping,
    .right_class_mapping = kern_right_class_mapping,
    .left_class_cnt      = 53,
    .right_class_cnt     = 41,
};

/*--------------------
 *  ALL CUSTOM DATA
 *--------------------*/

#if LVGL_VERSION_MAJOR == 8
/*Store all the custom data of the font*/
static  lv_font_fmt_txt_glyph_cache_t cache;
#endif

#if LVGL_VERSION_MAJOR >= 8
static const lv_font_fmt_txt_dsc_t font_dsc = {
#else
static lv_font_fmt_txt_dsc_t font_dsc = {
#endif
    .glyph_bitmap = glyph_bitmap,
    .glyph_dsc = glyph_dsc,
    .cmaps = cmaps,
    .kern_dsc = &kern_classes,
    .kern_scale = 16,
    .cmap_num = 2,
    .bpp = 4,
    .kern_classes = 1,
    .bitmap_format = 0,
#if LVGL_VERSION_MAJOR == 8
    .cache = &cache
#endif
};



/*-----------------
 *  PUBLIC FONT
 *----------------*/

/*Initialize a public general font descriptor*/
#if LVGL_VERSION_MAJOR >= 8
const lv_font_t OPPOSans_20px = {
#else
lv_font_t OPPOSans_20px = {
#endif
    .get_glyph_dsc = lv_font_get_glyph_dsc_fmt_txt,    /*Function pointer to get glyph's data*/
    .get_glyph_bitmap = lv_font_get_bitmap_fmt_txt,    /*Function pointer to get glyph's bitmap*/
    .line_height = 22,          /*The maximum line height required by the font*/
    .base_line = 4,             /*Baseline measured from the bottom of the line*/
#if !(LVGL_VERSION_MAJOR == 6 && LVGL_VERSION_MINOR == 0)
    .subpx = LV_FONT_SUBPX_NONE,
#endif
#if LV_VERSION_CHECK(7, 4, 0) || LVGL_VERSION_MAJOR >= 8
    .underline_position = -1,
    .underline_thickness = 1,
#endif
    .dsc = &font_dsc,          /*The custom font data. Will be accessed by `get_glyph_bitmap/dsc` */
#if LV_VERSION_CHECK(8, 2, 0) || LVGL_VERSION_MAJOR >= 9
    .fallback = NULL,
#endif
    .user_data = NULL,
};



#endif /*#if OPPOSANS_20PX*/

