/*******************************************************************************
 * Size: 30 px
 * Bpp: 4
 * Opts: --bpp 4 --size 30 --no-compress --font OPlusSans3-Medium.ttf --symbols 实时温度未连接热电偶参数补偿采样间隔系统版本℃日期时长固件信息秒设置到底啦 --range 32-127 --format lvgl -o OPPOSans_30px.c
 ******************************************************************************/

#ifdef LV_LVGL_H_INCLUDE_SIMPLE
#include "lvgl.h"
#else
#include "lvgl/lvgl.h"
#endif

#ifndef OPPOSANS_30PX
#define OPPOSANS_30PX 1
#endif

#if OPPOSANS_30PX

/*-----------------
 *    BITMAPS
 *----------------*/

/*Store the image of the glyphs*/
static LV_ATTRIBUTE_LARGE_CONST const uint8_t glyph_bitmap[] = {
    /* U+0020 " " */

    /* U+0021 "!" */
    0xd, 0xff, 0xb0, 0xcf, 0xfa, 0xc, 0xff, 0x90,
    0xbf, 0xf8, 0xa, 0xff, 0x80, 0x9f, 0xf7, 0x9,
    0xff, 0x60, 0x8f, 0xf5, 0x7, 0xff, 0x40, 0x6f,
    0xf4, 0x5, 0xff, 0x30, 0x5f, 0xf2, 0x4, 0xff,
    0x10, 0x3f, 0xf0, 0x2, 0xff, 0x0, 0x2f, 0xf0,
    0x0, 0x21, 0x0, 0x0, 0x0, 0x4, 0xcb, 0x20,
    0xef, 0xfc, 0xe, 0xff, 0xc0, 0x5e, 0xe4,

    /* U+0022 "\"" */
    0xc, 0xc6, 0x3, 0xcc, 0x22, 0xff, 0x60, 0x6f,
    0xf1, 0x4f, 0xf3, 0x8, 0xff, 0x5, 0xff, 0x10,
    0xaf, 0xc0, 0x7f, 0xe0, 0xb, 0xfa, 0x9, 0xfc,
    0x0, 0xdf, 0x80, 0xbf, 0xa0, 0xf, 0xf5, 0xc,
    0xf7, 0x1, 0xff, 0x30,

    /* U+0023 "#" */
    0x0, 0x0, 0x0, 0x3f, 0xf8, 0x0, 0xb, 0xff,
    0x0, 0x0, 0x0, 0x0, 0x6f, 0xf4, 0x0, 0xf,
    0xfc, 0x0, 0x0, 0x0, 0x0, 0xaf, 0xf1, 0x0,
    0x3f, 0xf8, 0x0, 0x0, 0x0, 0x0, 0xef, 0xc0,
    0x0, 0x7f, 0xf4, 0x0, 0x0, 0x0, 0x2, 0xff,
    0x80, 0x0, 0xbf, 0xf0, 0x0, 0x0, 0x7f, 0xff,
    0xff, 0xff, 0xff, 0xff, 0xff, 0xf6, 0x0, 0x7f,
    0xff, 0xff, 0xff, 0xff, 0xff, 0xff, 0xf6, 0x0,
    0x49, 0x9f, 0xfe, 0x99, 0x9c, 0xff, 0xa9, 0x93,
    0x0, 0x0, 0x1f, 0xfa, 0x0, 0xa, 0xff, 0x10,
    0x0, 0x0, 0x0, 0x5f, 0xf6, 0x0, 0xe, 0xfd,
    0x0, 0x0, 0x0, 0x0, 0x9f, 0xf2, 0x0, 0x2f,
    0xf9, 0x0, 0x0, 0x0, 0x0, 0xdf, 0xe0, 0x0,
    0x6f, 0xf5, 0x0, 0x0, 0x0, 0x1, 0xff, 0xa0,
    0x0, 0xaf, 0xf1, 0x0, 0x0, 0x6f, 0xff, 0xff,
    0xff, 0xff, 0xff, 0xff, 0xf8, 0x0, 0x6f, 0xff,
    0xff, 0xff, 0xff, 0xff, 0xff, 0xf8, 0x0, 0x39,
    0x9f, 0xfe, 0x99, 0x9c, 0xff, 0xb9, 0x94, 0x0,
    0x0, 0xf, 0xfb, 0x0, 0x9, 0xff, 0x20, 0x0,
    0x0, 0x0, 0x4f, 0xf7, 0x0, 0xd, 0xfe, 0x0,
    0x0, 0x0, 0x0, 0x7f, 0xf3, 0x0, 0x1f, 0xfb,
    0x0, 0x0, 0x0, 0x0, 0xbf, 0xf0, 0x0, 0x4f,
    0xf7, 0x0, 0x0, 0x0, 0x0, 0xef, 0xc0, 0x0,
    0x8f, 0xf3, 0x0, 0x0, 0x0,

    /* U+0024 "$" */
    0x0, 0x0, 0x0, 0x2, 0x87, 0x0, 0x0, 0x0,
    0x0, 0x0, 0x0, 0x0, 0x5f, 0xf0, 0x0, 0x0,
    0x0, 0x0, 0x0, 0x0, 0x5, 0xff, 0x0, 0x0,
    0x0, 0x0, 0x0, 0x0, 0x0, 0x5f, 0xf0, 0x0,
    0x0, 0x0, 0x0, 0x0, 0x17, 0xbe, 0xff, 0xc9,
    0x40, 0x0, 0x0, 0x0, 0x6f, 0xff, 0xff, 0xff,
    0xff, 0xc1, 0x0, 0x0, 0x7f, 0xff, 0xfd, 0xff,
    0xef, 0xff, 0xd1, 0x0, 0x1f, 0xff, 0xa1, 0x5f,
    0xf0, 0x5e, 0xff, 0x90, 0x7, 0xff, 0xd0, 0x5,
    0xff, 0x0, 0x3f, 0xf9, 0x0, 0x9f, 0xf9, 0x0,
    0x5f, 0xf0, 0x0, 0x51, 0x0, 0x9, 0xff, 0xa0,
    0x5, 0xff, 0x0, 0x0, 0x0, 0x0, 0x7f, 0xff,
    0x20, 0x5f, 0xf0, 0x0, 0x0, 0x0, 0x1, 0xff,
    0xfe, 0x65, 0xff, 0x0, 0x0, 0x0, 0x0, 0x5,
    0xff, 0xff, 0xff, 0xf1, 0x0, 0x0, 0x0, 0x0,
    0x3, 0xcf, 0xff, 0xff, 0xfc, 0x61, 0x0, 0x0,
    0x0, 0x0, 0x38, 0xdf, 0xff, 0xff, 0xe5, 0x0,
    0x0, 0x0, 0x0, 0x5, 0xff, 0xcf, 0xff, 0xf5,
    0x0, 0x0, 0x0, 0x0, 0x5f, 0xf0, 0x5e, 0xff,
    0xe0, 0x0, 0x0, 0x0, 0x5, 0xff, 0x0, 0x4f,
    0xff, 0x50, 0x0, 0x0, 0x0, 0x5f, 0xf0, 0x0,
    0xef, 0xf7, 0x0, 0x27, 0x0, 0x5, 0xff, 0x0,
    0xd, 0xff, 0x70, 0xbf, 0xf4, 0x0, 0x5f, 0xf0,
    0x0, 0xff, 0xf5, 0xa, 0xff, 0xe2, 0x5, 0xff,
    0x0, 0x9f, 0xff, 0x0, 0x1e, 0xff, 0xf9, 0x8f,
    0xf6, 0xcf, 0xff, 0x70, 0x0, 0x3e, 0xff, 0xff,
    0xff, 0xff, 0xff, 0x80, 0x0, 0x0, 0x18, 0xef,
    0xff, 0xff, 0xfb, 0x40, 0x0, 0x0, 0x0, 0x0,
    0x38, 0xff, 0x41, 0x0, 0x0, 0x0, 0x0, 0x0,
    0x0, 0x5f, 0xf0, 0x0, 0x0, 0x0, 0x0, 0x0,
    0x0, 0x5, 0xff, 0x0, 0x0, 0x0, 0x0, 0x0,
    0x0, 0x0, 0x5f, 0xf0, 0x0, 0x0, 0x0,

    /* U+0025 "%" */
    0x0, 0x8, 0xdf, 0xeb, 0x30, 0x0, 0x0, 0x0,
    0xc, 0xfe, 0x0, 0x0, 0x0, 0xcf, 0xff, 0xff,
    0xf5, 0x0, 0x0, 0x0, 0x6f, 0xf4, 0x0, 0x0,
    0x8, 0xff, 0xd7, 0x9f, 0xff, 0x10, 0x0, 0x1,
    0xff, 0xa0, 0x0, 0x0, 0xd, 0xfe, 0x0, 0x6,
    0xff, 0x60, 0x0, 0xa, 0xff, 0x10, 0x0, 0x0,
    0xf, 0xfa, 0x0, 0x1, 0xff, 0x80, 0x0, 0x5f,
    0xf6, 0x0, 0x0, 0x0, 0xf, 0xf9, 0x0, 0x1,
    0xff, 0x80, 0x0, 0xef, 0xc0, 0x0, 0x0, 0x0,
    0xd, 0xfe, 0x0, 0x6, 0xff, 0x60, 0x9, 0xff,
    0x20, 0x0, 0x0, 0x0, 0x8, 0xff, 0xc7, 0x8f,
    0xff, 0x10, 0x3f, 0xf8, 0x0, 0x0, 0x0, 0x0,
    0x0, 0xcf, 0xff, 0xff, 0xf6, 0x0, 0xdf, 0xd0,
    0x0, 0x0, 0x0, 0x0, 0x0, 0x8, 0xdf, 0xfb,
    0x40, 0x7, 0xff, 0x40, 0x4, 0x76, 0x20, 0x0,
    0x0, 0x0, 0x0, 0x0, 0x0, 0x2f, 0xfa, 0x2,
    0xdf, 0xff, 0xfa, 0x0, 0x0, 0x0, 0x0, 0x0,
    0x0, 0xbf, 0xe1, 0x1e, 0xff, 0xff, 0xff, 0x90,
    0x0, 0x0, 0x0, 0x0, 0x5, 0xff, 0x60, 0x7f,
    0xf8, 0x12, 0xdf, 0xf2, 0x0, 0x0, 0x0, 0x0,
    0x1e, 0xfc, 0x0, 0xcf, 0xe0, 0x0, 0x4f, 0xf6,
    0x0, 0x0, 0x0, 0x0, 0x9f, 0xf2, 0x0, 0xef,
    0xb0, 0x0, 0x1f, 0xf8, 0x0, 0x0, 0x0, 0x3,
    0xff, 0x80, 0x0, 0xff, 0xa0, 0x0, 0xf, 0xf9,
    0x0, 0x0, 0x0, 0xd, 0xfd, 0x0, 0x0, 0xef,
    0xc0, 0x0, 0x2f, 0xf8, 0x0, 0x0, 0x0, 0x7f,
    0xf3, 0x0, 0x0, 0xaf, 0xf1, 0x0, 0x7f, 0xf4,
    0x0, 0x0, 0x2, 0xff, 0x90, 0x0, 0x0, 0x4f,
    0xfd, 0x79, 0xff, 0xe0, 0x0, 0x0, 0xb, 0xfe,
    0x10, 0x0, 0x0, 0x9, 0xff, 0xff, 0xff, 0x40,
    0x0, 0x0, 0x6f, 0xf5, 0x0, 0x0, 0x0, 0x0,
    0x6d, 0xfe, 0xb3, 0x0,

    /* U+0026 "&" */
    0x0, 0x0, 0x0, 0x3, 0x55, 0x20, 0x0, 0x0,
    0x0, 0x0, 0x0, 0x0, 0x0, 0x9f, 0xff, 0xff,
    0xe6, 0x0, 0x0, 0x0, 0x0, 0x0, 0x1, 0xdf,
    0xff, 0xff, 0xff, 0xf8, 0x0, 0x0, 0x0, 0x0,
    0x0, 0xaf, 0xfd, 0x40, 0x18, 0xff, 0xf4, 0x0,
    0x0, 0x0, 0x0, 0x1f, 0xff, 0x30, 0x0, 0xa,
    0xff, 0x90, 0x0, 0x0, 0x0, 0x4, 0xff, 0xe0,
    0x0, 0x0, 0x6f, 0xfc, 0x0, 0x0, 0x0, 0x0,
    0x4f, 0xfe, 0x0, 0x0, 0x7, 0xff, 0xb0, 0x0,
    0x0, 0x0, 0x2, 0xff, 0xf3, 0x0, 0x0, 0xdf,
    0xf8, 0x0, 0x0, 0x0, 0x0, 0xc, 0xff, 0xc0,
    0x1, 0xbf, 0xff, 0x20, 0x0, 0x0, 0x0, 0x0,
    0x3f, 0xff, 0x97, 0xef, 0xff, 0x50, 0x0, 0x0,
    0x0, 0x0, 0x0, 0x8f, 0xff, 0xff, 0xfd, 0x30,
    0x0, 0x0, 0x0, 0x0, 0x0, 0x7, 0xff, 0xff,
    0xe6, 0x0, 0x0, 0x5, 0x99, 0x50, 0x0, 0x2d,
    0xff, 0xff, 0xff, 0x40, 0x0, 0x0, 0xbf, 0xf6,
    0x0, 0x4f, 0xff, 0xd5, 0xcf, 0xff, 0x40, 0x0,
    0xe, 0xff, 0x30, 0x1e, 0xff, 0xc0, 0x1, 0xdf,
    0xff, 0x30, 0x2, 0xff, 0xe0, 0x7, 0xff, 0xe1,
    0x0, 0x1, 0xdf, 0xff, 0x30, 0x8f, 0xf9, 0x0,
    0xbf, 0xf9, 0x0, 0x0, 0x1, 0xef, 0xfe, 0x2e,
    0xff, 0x30, 0xc, 0xff, 0x60, 0x0, 0x0, 0x2,
    0xef, 0xff, 0xff, 0xc0, 0x0, 0xbf, 0xf8, 0x0,
    0x0, 0x0, 0x2, 0xef, 0xff, 0xf3, 0x0, 0x8,
    0xff, 0xe0, 0x0, 0x0, 0x0, 0x4, 0xff, 0xfe,
    0x10, 0x0, 0x1f, 0xff, 0xb1, 0x0, 0x0, 0x4,
    0xef, 0xff, 0xfc, 0x0, 0x0, 0x6f, 0xff, 0xea,
    0x77, 0x9d, 0xff, 0xfc, 0xff, 0xfa, 0x0, 0x0,
    0x5e, 0xff, 0xff, 0xff, 0xff, 0xe7, 0x6, 0xff,
    0xf8, 0x0, 0x0, 0x16, 0xbd, 0xff, 0xeb, 0x60,
    0x0, 0xa, 0xff, 0xf6,

    /* U+0027 "'" */
    0xc, 0xc6, 0x2f, 0xf6, 0x4f, 0xf3, 0x5f, 0xf1,
    0x7f, 0xe0, 0x9f, 0xc0, 0xbf, 0xa0, 0xcf, 0x70,

    /* U+0028 "(" */
    0x0, 0x0, 0x3, 0x88, 0x40, 0x0, 0x1, 0xef,
    0xf1, 0x0, 0x0, 0xbf, 0xf6, 0x0, 0x0, 0x5f,
    0xfd, 0x0, 0x0, 0xd, 0xff, 0x50, 0x0, 0x5,
    0xff, 0xd0, 0x0, 0x0, 0xbf, 0xf7, 0x0, 0x0,
    0x1f, 0xff, 0x20, 0x0, 0x5, 0xff, 0xd0, 0x0,
    0x0, 0x8f, 0xfa, 0x0, 0x0, 0xb, 0xff, 0x70,
    0x0, 0x0, 0xdf, 0xf5, 0x0, 0x0, 0xf, 0xff,
    0x30, 0x0, 0x0, 0xff, 0xf3, 0x0, 0x0, 0xf,
    0xff, 0x30, 0x0, 0x0, 0xff, 0xf3, 0x0, 0x0,
    0xe, 0xff, 0x40, 0x0, 0x0, 0xcf, 0xf6, 0x0,
    0x0, 0xa, 0xff, 0x80, 0x0, 0x0, 0x7f, 0xfb,
    0x0, 0x0, 0x3, 0xff, 0xf0, 0x0, 0x0, 0xe,
    0xff, 0x40, 0x0, 0x0, 0x8f, 0xfa, 0x0, 0x0,
    0x1, 0xff, 0xf1, 0x0, 0x0, 0x9, 0xff, 0x90,
    0x0, 0x0, 0x1e, 0xff, 0x20, 0x0, 0x0, 0x5f,
    0xfb, 0x0, 0x0, 0x0, 0x9f, 0xf6,

    /* U+0029 ")" */
    0x28, 0x85, 0x0, 0x0, 0x0, 0xcf, 0xf4, 0x0,
    0x0, 0x2, 0xff, 0xe0, 0x0, 0x0, 0x9, 0xff,
    0x90, 0x0, 0x0, 0x1f, 0xff, 0x20, 0x0, 0x0,
    0x9f, 0xf9, 0x0, 0x0, 0x3, 0xff, 0xf0, 0x0,
    0x0, 0xe, 0xff, 0x40, 0x0, 0x0, 0x9f, 0xf9,
    0x0, 0x0, 0x6, 0xff, 0xc0, 0x0, 0x0, 0x3f,
    0xff, 0x0, 0x0, 0x1, 0xff, 0xf1, 0x0, 0x0,
    0xf, 0xff, 0x30, 0x0, 0x0, 0xff, 0xf4, 0x0,
    0x0, 0xf, 0xff, 0x40, 0x0, 0x0, 0xff, 0xf3,
    0x0, 0x0, 0xf, 0xff, 0x20, 0x0, 0x2, 0xff,
    0xf0, 0x0, 0x0, 0x4f, 0xfe, 0x0, 0x0, 0x7,
    0xff, 0xb0, 0x0, 0x0, 0xbf, 0xf7, 0x0, 0x0,
    0x1f, 0xff, 0x20, 0x0, 0x6, 0xff, 0xc0, 0x0,
    0x0, 0xdf, 0xf5, 0x0, 0x0, 0x4f, 0xfd, 0x0,
    0x0, 0xd, 0xff, 0x40, 0x0, 0x7, 0xff, 0x90,
    0x0, 0x2, 0xff, 0xc0, 0x0, 0x0,

    /* U+002A "*" */
    0x0, 0x0, 0x8, 0xff, 0x80, 0x0, 0x0, 0x0,
    0x0, 0x7, 0xff, 0x70, 0x0, 0x0, 0x0, 0x0,
    0x5, 0xff, 0x50, 0x0, 0x0, 0x18, 0x20, 0x4,
    0xff, 0x40, 0x1, 0x81, 0x6f, 0xfb, 0x42, 0xff,
    0x33, 0xaf, 0xf6, 0xbf, 0xff, 0xfd, 0xff, 0xdf,
    0xff, 0xfc, 0x59, 0xdf, 0xff, 0xff, 0xff, 0xfd,
    0x95, 0x0, 0x1, 0x5f, 0xff, 0xf5, 0x10, 0x0,
    0x0, 0x0, 0xaf, 0xff, 0xfb, 0x0, 0x0, 0x0,
    0x8, 0xff, 0xa8, 0xff, 0x90, 0x0, 0x0, 0x6f,
    0xff, 0x10, 0xef, 0xf7, 0x0, 0x1, 0xef, 0xf7,
    0x0, 0x5f, 0xff, 0x10, 0x0, 0x1c, 0xd0, 0x0,
    0xc, 0xd2, 0x0, 0x0, 0x0, 0x20, 0x0, 0x1,
    0x0, 0x0,

    /* U+002B "+" */
    0x0, 0x0, 0x1, 0x22, 0x0, 0x0, 0x0, 0x0,
    0x0, 0x8, 0xff, 0x20, 0x0, 0x0, 0x0, 0x0,
    0x8, 0xff, 0x20, 0x0, 0x0, 0x0, 0x0, 0x8,
    0xff, 0x20, 0x0, 0x0, 0x0, 0x0, 0x8, 0xff,
    0x20, 0x0, 0x0, 0x0, 0x0, 0x8, 0xff, 0x20,
    0x0, 0x0, 0xbf, 0xff, 0xff, 0xff, 0xff, 0xff,
    0xf5, 0xbf, 0xff, 0xff, 0xff, 0xff, 0xff, 0xf5,
    0x7b, 0xbb, 0xbd, 0xff, 0xbb, 0xbb, 0xb3, 0x0,
    0x0, 0x8, 0xff, 0x20, 0x0, 0x0, 0x0, 0x0,
    0x8, 0xff, 0x20, 0x0, 0x0, 0x0, 0x0, 0x8,
    0xff, 0x20, 0x0, 0x0, 0x0, 0x0, 0x8, 0xff,
    0x20, 0x0, 0x0, 0x0, 0x0, 0x8, 0xff, 0x20,
    0x0, 0x0,

    /* U+002C "," */
    0x5, 0xca, 0x10, 0xff, 0xf9, 0x1f, 0xff, 0xb0,
    0x8f, 0xfa, 0x0, 0x7f, 0x50, 0xd, 0xf0, 0x5,
    0xf8, 0x0, 0xed, 0x0,

    /* U+002D "-" */
    0x37, 0x77, 0x77, 0x75, 0x8f, 0xff, 0xff, 0xfd,
    0x8f, 0xff, 0xff, 0xfd,

    /* U+002E "." */
    0x7, 0xc9, 0x3, 0xff, 0xf6, 0x3f, 0xff, 0x70,
    0xaf, 0xc1,

    /* U+002F "/" */
    0x0, 0x0, 0x0, 0x7f, 0xf8, 0x0, 0x0, 0x0,
    0xaf, 0xf5, 0x0, 0x0, 0x0, 0xef, 0xf1, 0x0,
    0x0, 0x1, 0xff, 0xe0, 0x0, 0x0, 0x5, 0xff,
    0xa0, 0x0, 0x0, 0x8, 0xff, 0x70, 0x0, 0x0,
    0xc, 0xff, 0x30, 0x0, 0x0, 0xf, 0xff, 0x0,
    0x0, 0x0, 0x3f, 0xfc, 0x0, 0x0, 0x0, 0x7f,
    0xf8, 0x0, 0x0, 0x0, 0xaf, 0xf5, 0x0, 0x0,
    0x0, 0xef, 0xf1, 0x0, 0x0, 0x1, 0xff, 0xe0,
    0x0, 0x0, 0x5, 0xff, 0xa0, 0x0, 0x0, 0x8,
    0xff, 0x70, 0x0, 0x0, 0xc, 0xff, 0x30, 0x0,
    0x0, 0xf, 0xff, 0x0, 0x0, 0x0, 0x3f, 0xfc,
    0x0, 0x0, 0x0, 0x6f, 0xf9, 0x0, 0x0, 0x0,
    0xaf, 0xf5, 0x0, 0x0, 0x0, 0xdf, 0xf2, 0x0,
    0x0, 0x1, 0xff, 0xe0, 0x0, 0x0, 0x4, 0xff,
    0xb0, 0x0, 0x0, 0x8, 0xff, 0x70, 0x0, 0x0,
    0xb, 0xff, 0x40, 0x0, 0x0, 0xf, 0xff, 0x0,
    0x0, 0x0, 0x3f, 0xfd, 0x0, 0x0, 0x0, 0x6f,
    0xf9, 0x0, 0x0, 0x0,

    /* U+0030 "0" */
    0x0, 0x0, 0x28, 0xce, 0xfe, 0xc7, 0x10, 0x0,
    0x0, 0x7, 0xff, 0xff, 0xff, 0xff, 0xe4, 0x0,
    0x0, 0x7f, 0xff, 0xea, 0x9b, 0xff, 0xff, 0x30,
    0x2, 0xff, 0xf9, 0x0, 0x0, 0x1c, 0xff, 0xd0,
    0x8, 0xff, 0xd0, 0x0, 0x0, 0x1, 0xff, 0xf4,
    0xd, 0xff, 0x60, 0x0, 0x0, 0x0, 0xaf, 0xf9,
    0xf, 0xff, 0x30, 0x0, 0x0, 0x0, 0x6f, 0xfc,
    0x1f, 0xff, 0x10, 0x0, 0x0, 0x0, 0x5f, 0xfd,
    0x1f, 0xff, 0x10, 0x0, 0x0, 0x0, 0x4f, 0xfe,
    0x2f, 0xff, 0x0, 0x0, 0x0, 0x0, 0x4f, 0xfe,
    0x2f, 0xff, 0x0, 0x0, 0x0, 0x0, 0x4f, 0xfe,
    0x2f, 0xff, 0x0, 0x0, 0x0, 0x0, 0x4f, 0xfe,
    0x1f, 0xff, 0x10, 0x0, 0x0, 0x0, 0x4f, 0xfe,
    0x1f, 0xff, 0x10, 0x0, 0x0, 0x0, 0x5f, 0xfd,
    0xf, 0xff, 0x30, 0x0, 0x0, 0x0, 0x6f, 0xfc,
    0xc, 0xff, 0x70, 0x0, 0x0, 0x0, 0xaf, 0xf9,
    0x8, 0xff, 0xd0, 0x0, 0x0, 0x1, 0xff, 0xf4,
    0x1, 0xff, 0xfa, 0x0, 0x0, 0x1c, 0xff, 0xd0,
    0x0, 0x6f, 0xff, 0xea, 0x9b, 0xff, 0xff, 0x30,
    0x0, 0x7, 0xff, 0xff, 0xff, 0xff, 0xe4, 0x0,
    0x0, 0x0, 0x28, 0xce, 0xfe, 0xc7, 0x10, 0x0,

    /* U+0031 "1" */
    0x0, 0x0, 0x3b, 0xff, 0x50, 0x2, 0xaf, 0xff,
    0xf5, 0x19, 0xff, 0xff, 0xff, 0x5b, 0xff, 0xfd,
    0xef, 0xf5, 0xbf, 0xe6, 0xc, 0xff, 0x5a, 0x60,
    0x0, 0xcf, 0xf5, 0x0, 0x0, 0xc, 0xff, 0x50,
    0x0, 0x0, 0xcf, 0xf5, 0x0, 0x0, 0xc, 0xff,
    0x50, 0x0, 0x0, 0xcf, 0xf5, 0x0, 0x0, 0xc,
    0xff, 0x50, 0x0, 0x0, 0xcf, 0xf5, 0x0, 0x0,
    0xc, 0xff, 0x50, 0x0, 0x0, 0xcf, 0xf5, 0x0,
    0x0, 0xc, 0xff, 0x50, 0x0, 0x0, 0xcf, 0xf5,
    0x0, 0x0, 0xc, 0xff, 0x50, 0x0, 0x0, 0xcf,
    0xf5, 0x0, 0x0, 0xc, 0xff, 0x50, 0x0, 0x0,
    0xcf, 0xf5, 0x0, 0x0, 0xc, 0xff, 0x50,

    /* U+0032 "2" */
    0x0, 0x1, 0x8c, 0xef, 0xeb, 0x60, 0x0, 0x0,
    0x6, 0xff, 0xff, 0xff, 0xff, 0xd3, 0x0, 0x7,
    0xff, 0xfe, 0xa9, 0xcf, 0xff, 0xe2, 0x3, 0xff,
    0xf8, 0x0, 0x0, 0x3f, 0xff, 0xa0, 0xaf, 0xf9,
    0x0, 0x0, 0x0, 0x7f, 0xff, 0x5, 0xbe, 0x0,
    0x0, 0x0, 0x3, 0xff, 0xf2, 0x0, 0x0, 0x0,
    0x0, 0x0, 0x2f, 0xff, 0x10, 0x0, 0x0, 0x0,
    0x0, 0x5, 0xff, 0xf0, 0x0, 0x0, 0x0, 0x0,
    0x0, 0xbf, 0xf9, 0x0, 0x0, 0x0, 0x0, 0x0,
    0x6f, 0xff, 0x20, 0x0, 0x0, 0x0, 0x0, 0x5f,
    0xff, 0x60, 0x0, 0x0, 0x0, 0x0, 0x5f, 0xff,
    0x80, 0x0, 0x0, 0x0, 0x0, 0x5f, 0xff, 0x80,
    0x0, 0x0, 0x0, 0x0, 0x6f, 0xff, 0x80, 0x0,
    0x0, 0x0, 0x0, 0x6f, 0xff, 0x70, 0x0, 0x0,
    0x0, 0x0, 0x7f, 0xff, 0x60, 0x0, 0x0, 0x0,
    0x0, 0x8f, 0xff, 0x60, 0x0, 0x0, 0x0, 0x0,
    0x9f, 0xff, 0x50, 0x0, 0x0, 0x0, 0x0, 0x9f,
    0xff, 0xc8, 0x88, 0x88, 0x88, 0x88, 0x2e, 0xff,
    0xff, 0xff, 0xff, 0xff, 0xff, 0xf4, 0xef, 0xff,
    0xff, 0xff, 0xff, 0xff, 0xff, 0x40,

    /* U+0033 "3" */
    0x2, 0xff, 0xff, 0xff, 0xff, 0xff, 0xff, 0x40,
    0x2, 0xff, 0xff, 0xff, 0xff, 0xff, 0xff, 0x40,
    0x1, 0x88, 0x88, 0x88, 0x89, 0xff, 0xf9, 0x0,
    0x0, 0x0, 0x0, 0x0, 0x1d, 0xff, 0x60, 0x0,
    0x0, 0x0, 0x0, 0x3, 0xef, 0xe3, 0x0, 0x0,
    0x0, 0x0, 0x0, 0x5f, 0xfc, 0x10, 0x0, 0x0,
    0x0, 0x0, 0x8, 0xff, 0x90, 0x0, 0x0, 0x0,
    0x0, 0x0, 0xbf, 0xff, 0xfe, 0xb5, 0x0, 0x0,
    0x0, 0x1d, 0xff, 0xff, 0xff, 0xff, 0xc2, 0x0,
    0x0, 0xb, 0xfc, 0x64, 0x59, 0xff, 0xfd, 0x0,
    0x0, 0x0, 0x70, 0x0, 0x0, 0x2e, 0xff, 0x90,
    0x0, 0x0, 0x0, 0x0, 0x0, 0x5, 0xff, 0xf0,
    0x0, 0x0, 0x0, 0x0, 0x0, 0x0, 0xff, 0xf3,
    0x0, 0x0, 0x0, 0x0, 0x0, 0x0, 0xdf, 0xf5,
    0x0, 0x0, 0x0, 0x0, 0x0, 0x0, 0xef, 0xf4,
    0x1, 0x92, 0x0, 0x0, 0x0, 0x1, 0xff, 0xf2,
    0x3f, 0xfb, 0x0, 0x0, 0x0, 0x8, 0xff, 0xc0,
    0xe, 0xff, 0xb1, 0x0, 0x0, 0x7f, 0xff, 0x50,
    0x4, 0xff, 0xff, 0xb9, 0xae, 0xff, 0xf9, 0x0,
    0x0, 0x4e, 0xff, 0xff, 0xff, 0xff, 0x70, 0x0,
    0x0, 0x0, 0x6b, 0xef, 0xec, 0x82, 0x0, 0x0,

    /* U+0034 "4" */
    0x0, 0x0, 0x0, 0x0, 0x0, 0xd, 0xff, 0x0,
    0x0, 0x0, 0x0, 0x0, 0x0, 0x0, 0xaf, 0xff,
    0x0, 0x0, 0x0, 0x0, 0x0, 0x0, 0x6, 0xff,
    0xff, 0x0, 0x0, 0x0, 0x0, 0x0, 0x0, 0x3f,
    0xff, 0xff, 0x0, 0x0, 0x0, 0x0, 0x0, 0x1,
    0xdf, 0xff, 0xff, 0x0, 0x0, 0x0, 0x0, 0x0,
    0xb, 0xff, 0x7f, 0xff, 0x0, 0x0, 0x0, 0x0,
    0x0, 0x7f, 0xfa, 0xf, 0xff, 0x0, 0x0, 0x0,
    0x0, 0x3, 0xff, 0xd0, 0xf, 0xff, 0x0, 0x0,
    0x0, 0x0, 0x1e, 0xff, 0x20, 0xf, 0xff, 0x0,
    0x0, 0x0, 0x0, 0xbf, 0xf5, 0x0, 0xf, 0xff,
    0x0, 0x0, 0x0, 0x8, 0xff, 0x90, 0x0, 0xf,
    0xff, 0x0, 0x0, 0x0, 0x4f, 0xfc, 0x0, 0x0,
    0xf, 0xff, 0x0, 0x0, 0x1, 0xef, 0xe1, 0x0,
    0x0, 0xf, 0xff, 0x0, 0x0, 0xc, 0xff, 0xb8,
    0x88, 0x88, 0x8f, 0xff, 0x88, 0x80, 0x2f, 0xff,
    0xff, 0xff, 0xff, 0xff, 0xff, 0xff, 0xf0, 0x2f,
    0xff, 0xff, 0xff, 0xff, 0xff, 0xff, 0xff, 0xf0,
    0x0, 0x0, 0x0, 0x0, 0x0, 0xf, 0xff, 0x0,
    0x0, 0x0, 0x0, 0x0, 0x0, 0x0, 0xf, 0xff,
    0x0, 0x0, 0x0, 0x0, 0x0, 0x0, 0x0, 0xf,
    0xff, 0x0, 0x0, 0x0, 0x0, 0x0, 0x0, 0x0,
    0xf, 0xff, 0x0, 0x0, 0x0, 0x0, 0x0, 0x0,
    0x0, 0xf, 0xff, 0x0, 0x0,

    /* U+0035 "5" */
    0x0, 0x5f, 0xff, 0xff, 0xff, 0xff, 0xff, 0x20,
    0x0, 0x7f, 0xff, 0xff, 0xff, 0xff, 0xff, 0x20,
    0x0, 0x9f, 0xfa, 0x88, 0x88, 0x88, 0x88, 0x10,
    0x0, 0xcf, 0xf2, 0x0, 0x0, 0x0, 0x0, 0x0,
    0x0, 0xef, 0xf0, 0x0, 0x0, 0x0, 0x0, 0x0,
    0x0, 0xff, 0xd0, 0x0, 0x0, 0x0, 0x0, 0x0,
    0x2, 0xff, 0xa0, 0x58, 0x86, 0x30, 0x0, 0x0,
    0x5, 0xff, 0xce, 0xff, 0xff, 0xfd, 0x30, 0x0,
    0x7, 0xff, 0xff, 0xff, 0xff, 0xff, 0xf5, 0x0,
    0x9, 0xff, 0xf9, 0x20, 0x15, 0xef, 0xff, 0x10,
    0x4, 0xae, 0x50, 0x0, 0x0, 0x1e, 0xff, 0x90,
    0x0, 0x0, 0x0, 0x0, 0x0, 0x6, 0xff, 0xe0,
    0x0, 0x0, 0x0, 0x0, 0x0, 0x2, 0xff, 0xf1,
    0x0, 0x0, 0x0, 0x0, 0x0, 0x0, 0xff, 0xf2,
    0x0, 0x0, 0x0, 0x0, 0x0, 0x1, 0xff, 0xf1,
    0x0, 0x54, 0x0, 0x0, 0x0, 0x4, 0xff, 0xf0,
    0x1d, 0xfd, 0x0, 0x0, 0x0, 0xa, 0xff, 0xa0,
    0xd, 0xff, 0xc2, 0x0, 0x0, 0x7f, 0xff, 0x40,
    0x3, 0xff, 0xff, 0xc9, 0xae, 0xff, 0xf9, 0x0,
    0x0, 0x3e, 0xff, 0xff, 0xff, 0xff, 0x80, 0x0,
    0x0, 0x0, 0x6b, 0xef, 0xec, 0x82, 0x0, 0x0,

    /* U+0036 "6" */
    0x0, 0x0, 0x0, 0x1, 0xdf, 0xf9, 0x0, 0x0,
    0x0, 0x0, 0x0, 0xb, 0xff, 0xb0, 0x0, 0x0,
    0x0, 0x0, 0x0, 0x7f, 0xfd, 0x0, 0x0, 0x0,
    0x0, 0x0, 0x4, 0xff, 0xe1, 0x0, 0x0, 0x0,
    0x0, 0x0, 0x1e, 0xff, 0x20, 0x0, 0x0, 0x0,
    0x0, 0x0, 0xcf, 0xf4, 0x0, 0x0, 0x0, 0x0,
    0x0, 0x9, 0xff, 0x60, 0x0, 0x0, 0x0, 0x0,
    0x0, 0x4f, 0xfc, 0x9d, 0xfe, 0xc7, 0x10, 0x0,
    0x0, 0xef, 0xff, 0xff, 0xff, 0xff, 0xe4, 0x0,
    0x7, 0xff, 0xff, 0xc9, 0x9c, 0xff, 0xff, 0x30,
    0xe, 0xff, 0xe4, 0x0, 0x0, 0x2d, 0xff, 0xd0,
    0x3f, 0xff, 0x40, 0x0, 0x0, 0x2, 0xff, 0xf4,
    0x6f, 0xfd, 0x0, 0x0, 0x0, 0x0, 0xbf, 0xf7,
    0x8f, 0xfa, 0x0, 0x0, 0x0, 0x0, 0x8f, 0xf9,
    0x7f, 0xfa, 0x0, 0x0, 0x0, 0x0, 0x8f, 0xf9,
    0x5f, 0xfd, 0x0, 0x0, 0x0, 0x0, 0xbf, 0xf7,
    0x1f, 0xff, 0x40, 0x0, 0x0, 0x2, 0xff, 0xf2,
    0xa, 0xff, 0xe4, 0x0, 0x0, 0x3e, 0xff, 0xb0,
    0x1, 0xdf, 0xff, 0xda, 0xac, 0xff, 0xfe, 0x10,
    0x0, 0x2c, 0xff, 0xff, 0xff, 0xff, 0xc2, 0x0,
    0x0, 0x0, 0x4a, 0xdf, 0xfd, 0xa4, 0x0, 0x0,

    /* U+0037 "7" */
    0xbf, 0xff, 0xff, 0xff, 0xff, 0xff, 0xff, 0xeb,
    0xff, 0xff, 0xff, 0xff, 0xff, 0xff, 0xfe, 0x69,
    0x99, 0x99, 0x99, 0x99, 0x9c, 0xff, 0xa0, 0x0,
    0x0, 0x0, 0x0, 0x0, 0xdf, 0xf2, 0x0, 0x0,
    0x0, 0x0, 0x0, 0x5f, 0xfa, 0x0, 0x0, 0x0,
    0x0, 0x0, 0xd, 0xff, 0x30, 0x0, 0x0, 0x0,
    0x0, 0x5, 0xff, 0xb0, 0x0, 0x0, 0x0, 0x0,
    0x0, 0xdf, 0xf3, 0x0, 0x0, 0x0, 0x0, 0x0,
    0x5f, 0xfc, 0x0, 0x0, 0x0, 0x0, 0x0, 0xd,
    0xff, 0x40, 0x0, 0x0, 0x0, 0x0, 0x5, 0xff,
    0xc0, 0x0, 0x0, 0x0, 0x0, 0x0, 0xcf, 0xf5,
    0x0, 0x0, 0x0, 0x0, 0x0, 0x4f, 0xfd, 0x0,
    0x0, 0x0, 0x0, 0x0, 0xc, 0xff, 0x50, 0x0,
    0x0, 0x0, 0x0, 0x4, 0xff, 0xd0, 0x0, 0x0,
    0x0, 0x0, 0x0, 0xcf, 0xf6, 0x0, 0x0, 0x0,
    0x0, 0x0, 0x4f, 0xfe, 0x0, 0x0, 0x0, 0x0,
    0x0, 0xc, 0xff, 0x60, 0x0, 0x0, 0x0, 0x0,
    0x4, 0xff, 0xe0, 0x0, 0x0, 0x0, 0x0, 0x0,
    0xcf, 0xf7, 0x0, 0x0, 0x0, 0x0, 0x0, 0x4f,
    0xfe, 0x0, 0x0, 0x0, 0x0, 0x0,

    /* U+0038 "8" */
    0x0, 0x0, 0x49, 0xde, 0xfe, 0xb7, 0x0, 0x0,
    0x0, 0x1b, 0xff, 0xff, 0xff, 0xff, 0xe4, 0x0,
    0x0, 0xdf, 0xff, 0xb8, 0x8a, 0xef, 0xff, 0x30,
    0x6, 0xff, 0xf3, 0x0, 0x0, 0xb, 0xff, 0xc0,
    0x9, 0xff, 0x80, 0x0, 0x0, 0x2, 0xff, 0xf0,
    0x9, 0xff, 0x80, 0x0, 0x0, 0x2, 0xff, 0xf0,
    0x4, 0xff, 0xe3, 0x0, 0x0, 0xa, 0xff, 0xa0,
    0x0, 0x9f, 0xff, 0xb8, 0x79, 0xef, 0xfd, 0x10,
    0x0, 0x5, 0xff, 0xff, 0xff, 0xff, 0xa1, 0x0,
    0x0, 0x3c, 0xff, 0xff, 0xff, 0xff, 0xf7, 0x0,
    0x2, 0xef, 0xfb, 0x40, 0x2, 0x7f, 0xff, 0x70,
    0xd, 0xff, 0x80, 0x0, 0x0, 0x2, 0xff, 0xf4,
    0x4f, 0xfe, 0x0, 0x0, 0x0, 0x0, 0x7f, 0xfa,
    0x8f, 0xfa, 0x0, 0x0, 0x0, 0x0, 0x3f, 0xfe,
    0x9f, 0xf9, 0x0, 0x0, 0x0, 0x0, 0x2f, 0xff,
    0x7f, 0xfc, 0x0, 0x0, 0x0, 0x0, 0x5f, 0xfd,
    0x3f, 0xff, 0x30, 0x0, 0x0, 0x0, 0xcf, 0xf9,
    0xb, 0xff, 0xe4, 0x0, 0x0, 0x1a, 0xff, 0xf2,
    0x1, 0xdf, 0xff, 0xc9, 0x9b, 0xff, 0xff, 0x50,
    0x0, 0x1b, 0xff, 0xff, 0xff, 0xff, 0xe5, 0x0,
    0x0, 0x0, 0x39, 0xde, 0xfe, 0xb6, 0x0, 0x0,

    /* U+0039 "9" */
    0x0, 0x1, 0x7c, 0xef, 0xec, 0x82, 0x0, 0x0,
    0x0, 0x7f, 0xff, 0xff, 0xff, 0xff, 0x80, 0x0,
    0x7, 0xff, 0xfe, 0xa9, 0xad, 0xff, 0xf9, 0x0,
    0x2f, 0xff, 0x90, 0x0, 0x0, 0x6f, 0xff, 0x50,
    0x9f, 0xfb, 0x0, 0x0, 0x0, 0x7, 0xff, 0xc0,
    0xdf, 0xf5, 0x0, 0x0, 0x0, 0x1, 0xff, 0xf0,
    0xef, 0xf3, 0x0, 0x0, 0x0, 0x0, 0xff, 0xf2,
    0xdf, 0xf5, 0x0, 0x0, 0x0, 0x1, 0xff, 0xf3,
    0xaf, 0xfb, 0x0, 0x0, 0x0, 0x7, 0xff, 0xf1,
    0x4f, 0xff, 0x90, 0x0, 0x0, 0x6f, 0xff, 0xe0,
    0xa, 0xff, 0xff, 0xb9, 0xae, 0xff, 0xff, 0x90,
    0x0, 0xaf, 0xff, 0xff, 0xff, 0xff, 0xff, 0x20,
    0x0, 0x4, 0x9d, 0xfe, 0xc8, 0xef, 0xf9, 0x0,
    0x0, 0x0, 0x0, 0x0, 0x9, 0xff, 0xd0, 0x0,
    0x0, 0x0, 0x0, 0x0, 0x5f, 0xff, 0x30, 0x0,
    0x0, 0x0, 0x0, 0x2, 0xff, 0xf7, 0x0, 0x0,
    0x0, 0x0, 0x0, 0xd, 0xff, 0xb0, 0x0, 0x0,
    0x0, 0x0, 0x0, 0xaf, 0xfd, 0x10, 0x0, 0x0,
    0x0, 0x0, 0x6, 0xff, 0xf3, 0x0, 0x0, 0x0,
    0x0, 0x0, 0x3f, 0xff, 0x60, 0x0, 0x0, 0x0,
    0x0, 0x1, 0xef, 0xfa, 0x0, 0x0, 0x0, 0x0,

    /* U+003A ":" */
    0x4, 0xcb, 0x20, 0xef, 0xfc, 0xe, 0xff, 0xc0,
    0x6e, 0xe4, 0x0, 0x0, 0x0, 0x0, 0x0, 0x0,
    0x0, 0x0, 0x0, 0x0, 0x0, 0x0, 0x0, 0x0,
    0x0, 0x0, 0x0, 0x0, 0x0, 0x0, 0x4, 0xcb,
    0x20, 0xef, 0xfc, 0xe, 0xff, 0xc0, 0x5e, 0xe4,

    /* U+003B ";" */
    0x3c, 0xc3, 0xdf, 0xfd, 0xdf, 0xfd, 0x5e, 0xe5,
    0x0, 0x0, 0x0, 0x0, 0x0, 0x0, 0x0, 0x0,
    0x0, 0x0, 0x0, 0x0, 0x0, 0x0, 0x0, 0x0,
    0x3c, 0xc3, 0xcf, 0xfd, 0xcf, 0xff, 0x4d, 0xfd,
    0x4, 0xf9, 0xa, 0xf3, 0x2f, 0xc0, 0xbf, 0x20,

    /* U+003C "<" */
    0x0, 0x0, 0x0, 0x0, 0x0, 0x0, 0x0, 0x0,
    0x0, 0x0, 0x0, 0x0, 0x4, 0xb5, 0x0, 0x0,
    0x0, 0x0, 0x5, 0xdf, 0xf5, 0x0, 0x0, 0x0,
    0x7, 0xef, 0xff, 0xf4, 0x0, 0x0, 0x18, 0xff,
    0xff, 0xfa, 0x20, 0x0, 0x29, 0xff, 0xff, 0xe8,
    0x10, 0x0, 0x3b, 0xff, 0xff, 0xd6, 0x0, 0x0,
    0x0, 0xbf, 0xff, 0xb4, 0x0, 0x0, 0x0, 0x0,
    0xbf, 0xff, 0x81, 0x0, 0x0, 0x0, 0x0, 0x5d,
    0xff, 0xff, 0xa2, 0x0, 0x0, 0x0, 0x0, 0x5c,
    0xff, 0xff, 0xb4, 0x0, 0x0, 0x0, 0x0, 0x4b,
    0xff, 0xff, 0xd6, 0x0, 0x0, 0x0, 0x0, 0x2a,
    0xff, 0xff, 0xe3, 0x0, 0x0, 0x0, 0x0, 0x18,
    0xff, 0xf5, 0x0, 0x0, 0x0, 0x0, 0x0, 0x7,
    0xe5, 0x0, 0x0, 0x0, 0x0, 0x0, 0x0, 0x1,

    /* U+003D "=" */
    0xbf, 0xff, 0xff, 0xff, 0xff, 0xff, 0xf5, 0xbf,
    0xff, 0xff, 0xff, 0xff, 0xff, 0xf5, 0x7a, 0xaa,
    0xaa, 0xaa, 0xaa, 0xaa, 0xa3, 0x0, 0x0, 0x0,
    0x0, 0x0, 0x0, 0x0, 0x0, 0x0, 0x0, 0x0,
    0x0, 0x0, 0x0, 0x0, 0x0, 0x0, 0x0, 0x0,
    0x0, 0x0, 0x8b, 0xbb, 0xbb, 0xbb, 0xbb, 0xbb,
    0xb4, 0xbf, 0xff, 0xff, 0xff, 0xff, 0xff, 0xf5,
    0xbf, 0xff, 0xff, 0xff, 0xff, 0xff, 0xf5,

    /* U+003E ">" */
    0x0, 0x0, 0x0, 0x0, 0x0, 0x0, 0x0, 0xa9,
    0x10, 0x0, 0x0, 0x0, 0x0, 0x0, 0xbf, 0xfa,
    0x30, 0x0, 0x0, 0x0, 0x0, 0xaf, 0xff, 0xfb,
    0x40, 0x0, 0x0, 0x0, 0x5, 0xcf, 0xff, 0xfd,
    0x50, 0x0, 0x0, 0x0, 0x3, 0xaf, 0xff, 0xfe,
    0x70, 0x0, 0x0, 0x0, 0x2, 0x8f, 0xff, 0xff,
    0x81, 0x0, 0x0, 0x0, 0x0, 0x7e, 0xff, 0xf5,
    0x0, 0x0, 0x0, 0x0, 0x3a, 0xff, 0xf5, 0x0,
    0x0, 0x0, 0x5c, 0xff, 0xff, 0xb2, 0x0, 0x0,
    0x7d, 0xff, 0xff, 0xa2, 0x0, 0x1, 0x8f, 0xff,
    0xff, 0x81, 0x0, 0x0, 0x8f, 0xff, 0xfe, 0x70,
    0x0, 0x0, 0x0, 0xbf, 0xfd, 0x60, 0x0, 0x0,
    0x0, 0x0, 0xac, 0x40, 0x0, 0x0, 0x0, 0x0,
    0x0, 0x10, 0x0, 0x0, 0x0, 0x0, 0x0, 0x0,

    /* U+003F "?" */
    0x0, 0x0, 0x4, 0x79, 0x85, 0x10, 0x0, 0x0,
    0x6, 0xef, 0xff, 0xff, 0xf8, 0x0, 0x0, 0x9f,
    0xff, 0xff, 0xff, 0xff, 0xa0, 0x6, 0xff, 0xf8,
    0x20, 0x2a, 0xff, 0xf5, 0xe, 0xff, 0x60, 0x0,
    0x0, 0xcf, 0xfb, 0x2d, 0xfb, 0x0, 0x0, 0x0,
    0x8f, 0xfe, 0x0, 0x42, 0x0, 0x0, 0x0, 0x7f,
    0xfe, 0x0, 0x0, 0x0, 0x0, 0x0, 0xaf, 0xfc,
    0x0, 0x0, 0x0, 0x0, 0x4, 0xff, 0xf7, 0x0,
    0x0, 0x0, 0x0, 0x3f, 0xff, 0xd0, 0x0, 0x0,
    0x0, 0x3, 0xff, 0xfd, 0x10, 0x0, 0x0, 0x0,
    0x2e, 0xff, 0xc1, 0x0, 0x0, 0x0, 0x0, 0xbf,
    0xfd, 0x10, 0x0, 0x0, 0x0, 0x1, 0xff, 0xf2,
    0x0, 0x0, 0x0, 0x0, 0x5, 0xff, 0xb0, 0x0,
    0x0, 0x0, 0x0, 0x7, 0xff, 0x70, 0x0, 0x0,
    0x0, 0x0, 0x7, 0xff, 0x50, 0x0, 0x0, 0x0,
    0x0, 0x0, 0x0, 0x0, 0x0, 0x0, 0x0, 0x0,
    0x0, 0x0, 0x0, 0x0, 0x0, 0x0, 0x0, 0x0,
    0x0, 0x0, 0x0, 0x0, 0x0, 0x0, 0x4, 0xcb,
    0x20, 0x0, 0x0, 0x0, 0x0, 0xd, 0xff, 0xc0,
    0x0, 0x0, 0x0, 0x0, 0xe, 0xff, 0xc0, 0x0,
    0x0, 0x0, 0x0, 0x5, 0xee, 0x40, 0x0, 0x0,

    /* U+0040 "@" */
    0x0, 0x0, 0x0, 0x0, 0x3, 0x8b, 0xef, 0xfe,
    0xda, 0x62, 0x0, 0x0, 0x0, 0x0, 0x0, 0x0,
    0x0, 0x6, 0xef, 0xff, 0xff, 0xff, 0xff, 0xff,
    0xb3, 0x0, 0x0, 0x0, 0x0, 0x0, 0x3, 0xdf,
    0xff, 0xa6, 0x43, 0x23, 0x58, 0xdf, 0xff, 0x90,
    0x0, 0x0, 0x0, 0x0, 0x5f, 0xfe, 0x70, 0x0,
    0x0, 0x0, 0x0, 0x3, 0xbf, 0xfc, 0x0, 0x0,
    0x0, 0x5, 0xff, 0xb1, 0x0, 0x0, 0x0, 0x0,
    0x0, 0x0, 0x6, 0xff, 0xb0, 0x0, 0x0, 0x2f,
    0xfa, 0x0, 0x0, 0x0, 0x0, 0x0, 0x0, 0x0,
    0x0, 0x5f, 0xf8, 0x0, 0x0, 0xcf, 0xc0, 0x0,
    0x0, 0x1, 0x45, 0x30, 0x0, 0x0, 0x0, 0x8,
    0xff, 0x20, 0x4, 0xff, 0x20, 0x0, 0x2, 0xaf,
    0xff, 0xfd, 0x40, 0xff, 0x70, 0x0, 0xef, 0x90,
    0xb, 0xf9, 0x0, 0x0, 0x3e, 0xff, 0xff, 0xff,
    0xf7, 0xff, 0x60, 0x0, 0x7f, 0xf0, 0x1f, 0xf3,
    0x0, 0x0, 0xdf, 0xfb, 0x20, 0x29, 0xff, 0xff,
    0x50, 0x0, 0x1f, 0xf4, 0x5f, 0xe0, 0x0, 0x7,
    0xff, 0xb0, 0x0, 0x0, 0x9f, 0xff, 0x50, 0x0,
    0xd, 0xf7, 0x8f, 0xa0, 0x0, 0xc, 0xff, 0x30,
    0x0, 0x0, 0xf, 0xff, 0x50, 0x0, 0xa, 0xf9,
    0xaf, 0x80, 0x0, 0xf, 0xfe, 0x0, 0x0, 0x0,
    0xa, 0xff, 0x50, 0x0, 0x8, 0xfa, 0xbf, 0x70,
    0x0, 0x2f, 0xfc, 0x0, 0x0, 0x0, 0x8, 0xff,
    0x50, 0x0, 0x8, 0xfb, 0xbf, 0x70, 0x0, 0x2f,
    0xfb, 0x0, 0x0, 0x0, 0x8, 0xff, 0x50, 0x0,
    0x8, 0xfa, 0xaf, 0x80, 0x0, 0x1f, 0xfd, 0x0,
    0x0, 0x0, 0x9, 0xff, 0x50, 0x0, 0xa, 0xf9,
    0x8f, 0xa0, 0x0, 0xf, 0xff, 0x0, 0x0, 0x0,
    0xd, 0xff, 0x50, 0x0, 0xc, 0xf6, 0x5f, 0xd0,
    0x0, 0xa, 0xff, 0x60, 0x0, 0x0, 0x3f, 0xff,
    0x60, 0x0, 0x1f, 0xf2, 0x1f, 0xf2, 0x0, 0x4,
    0xff, 0xe2, 0x0, 0x1, 0xdf, 0xff, 0x90, 0x0,
    0x7f, 0xc0, 0xc, 0xf9, 0x0, 0x0, 0xbf, 0xff,
    0x97, 0x9e, 0xfd, 0xcf, 0xf6, 0x26, 0xff, 0x40,
    0x5, 0xff, 0x20, 0x0, 0xb, 0xff, 0xff, 0xff,
    0xe2, 0x3f, 0xff, 0xff, 0xf8, 0x0, 0x0, 0xdf,
    0xb0, 0x0, 0x0, 0x5b, 0xef, 0xd8, 0x10, 0x3,
    0xbe, 0xfc, 0x50, 0x0, 0x0, 0x3f, 0xf9, 0x0,
    0x0, 0x0, 0x0, 0x0, 0x0, 0x0, 0x0, 0x0,
    0x0, 0x0, 0x0, 0x6, 0xff, 0xa1, 0x0, 0x0,
    0x0, 0x0, 0x0, 0x0, 0x0, 0x0, 0x0, 0x0,
    0x0, 0x0, 0x6f, 0xfe, 0x60, 0x0, 0x0, 0x0,
    0x0, 0x3, 0x60, 0x0, 0x0, 0x0, 0x0, 0x0,
    0x4, 0xef, 0xfe, 0x96, 0x32, 0x23, 0x58, 0xcf,
    0xf2, 0x0, 0x0, 0x0, 0x0, 0x0, 0x0, 0x8,
    0xef, 0xff, 0xff, 0xff, 0xff, 0xff, 0x70, 0x0,
    0x0, 0x0, 0x0, 0x0, 0x0, 0x0, 0x4, 0x9c,
    0xef, 0xfe, 0xc9, 0x50, 0x0, 0x0, 0x0, 0x0,

    /* U+0041 "A" */
    0x0, 0x0, 0x0, 0x0, 0x9f, 0xff, 0x90, 0x0,
    0x0, 0x0, 0x0, 0x0, 0x0, 0x0, 0xf, 0xff,
    0xff, 0x0, 0x0, 0x0, 0x0, 0x0, 0x0, 0x0,
    0x6, 0xff, 0x9f, 0xf6, 0x0, 0x0, 0x0, 0x0,
    0x0, 0x0, 0x0, 0xcf, 0xd1, 0xff, 0xd0, 0x0,
    0x0, 0x0, 0x0, 0x0, 0x0, 0x3f, 0xf7, 0xa,
    0xff, 0x30, 0x0, 0x0, 0x0, 0x0, 0x0, 0x9,
    0xff, 0x10, 0x4f, 0xf9, 0x0, 0x0, 0x0, 0x0,
    0x0, 0x0, 0xff, 0xc0, 0x0, 0xef, 0xf0, 0x0,
    0x0, 0x0, 0x0, 0x0, 0x6f, 0xf6, 0x0, 0x9,
    0xff, 0x60, 0x0, 0x0, 0x0, 0x0, 0xc, 0xff,
    0x0, 0x0, 0x3f, 0xfc, 0x0, 0x0, 0x0, 0x0,
    0x3, 0xff, 0xa0, 0x0, 0x0, 0xdf, 0xf3, 0x0,
    0x0, 0x0, 0x0, 0x9f, 0xf4, 0x0, 0x0, 0x7,
    0xff, 0x90, 0x0, 0x0, 0x0, 0xf, 0xfe, 0x0,
    0x0, 0x0, 0x1f, 0xff, 0x0, 0x0, 0x0, 0x6,
    0xff, 0xeb, 0xbb, 0xbb, 0xbb, 0xff, 0xf6, 0x0,
    0x0, 0x0, 0xcf, 0xff, 0xff, 0xff, 0xff, 0xff,
    0xff, 0xc0, 0x0, 0x0, 0x3f, 0xff, 0xff, 0xff,
    0xff, 0xff, 0xff, 0xff, 0x30, 0x0, 0x9, 0xff,
    0x70, 0x0, 0x0, 0x0, 0x0, 0xbf, 0xf9, 0x0,
    0x0, 0xff, 0xf1, 0x0, 0x0, 0x0, 0x0, 0x5,
    0xff, 0xf0, 0x0, 0x6f, 0xfb, 0x0, 0x0, 0x0,
    0x0, 0x0, 0xe, 0xff, 0x60, 0xc, 0xff, 0x50,
    0x0, 0x0, 0x0, 0x0, 0x0, 0x9f, 0xfc, 0x3,
    0xff, 0xf0, 0x0, 0x0, 0x0, 0x0, 0x0, 0x3,
    0xff, 0xf3, 0x9f, 0xf9, 0x0, 0x0, 0x0, 0x0,
    0x0, 0x0, 0xd, 0xff, 0x90,

    /* U+0042 "B" */
    0xff, 0xff, 0xff, 0xff, 0xff, 0xc9, 0x30, 0x0,
    0xf, 0xff, 0xff, 0xff, 0xff, 0xff, 0xff, 0x90,
    0x0, 0xff, 0xfa, 0x88, 0x88, 0x9b, 0xff, 0xff,
    0x80, 0xf, 0xff, 0x50, 0x0, 0x0, 0x1, 0xcf,
    0xff, 0x10, 0xff, 0xf5, 0x0, 0x0, 0x0, 0x1,
    0xff, 0xf5, 0xf, 0xff, 0x50, 0x0, 0x0, 0x0,
    0xe, 0xff, 0x50, 0xff, 0xf5, 0x0, 0x0, 0x0,
    0x1, 0xff, 0xf3, 0xf, 0xff, 0x50, 0x0, 0x0,
    0x0, 0xaf, 0xfd, 0x0, 0xff, 0xf9, 0x77, 0x77,
    0x8a, 0xff, 0xfd, 0x20, 0xf, 0xff, 0xff, 0xff,
    0xff, 0xff, 0xf8, 0x0, 0x0, 0xff, 0xff, 0xff,
    0xff, 0xff, 0xff, 0xfb, 0x10, 0xf, 0xff, 0x50,
    0x0, 0x0, 0x15, 0xcf, 0xfe, 0x30, 0xff, 0xf5,
    0x0, 0x0, 0x0, 0x0, 0xbf, 0xfd, 0xf, 0xff,
    0x50, 0x0, 0x0, 0x0, 0x2, 0xff, 0xf3, 0xff,
    0xf5, 0x0, 0x0, 0x0, 0x0, 0xf, 0xff, 0x5f,
    0xff, 0x50, 0x0, 0x0, 0x0, 0x0, 0xff, 0xf5,
    0xff, 0xf5, 0x0, 0x0, 0x0, 0x0, 0x5f, 0xff,
    0x3f, 0xff, 0x50, 0x0, 0x0, 0x0, 0x4e, 0xff,
    0xd0, 0xff, 0xfa, 0x77, 0x77, 0x78, 0xcf, 0xff,
    0xf4, 0xf, 0xff, 0xff, 0xff, 0xff, 0xff, 0xff,
    0xe4, 0x0, 0xff, 0xff, 0xff, 0xff, 0xff, 0xeb,
    0x60, 0x0, 0x0,

    /* U+0043 "C" */
    0x0, 0x0, 0x0, 0x49, 0xce, 0xff, 0xda, 0x50,
    0x0, 0x0, 0x0, 0x4, 0xdf, 0xff, 0xff, 0xff,
    0xff, 0xd3, 0x0, 0x0, 0x8, 0xff, 0xff, 0xeb,
    0x9b, 0xdf, 0xff, 0xf4, 0x0, 0x7, 0xff, 0xfd,
    0x40, 0x0, 0x0, 0x3d, 0xff, 0xe1, 0x3, 0xff,
    0xfb, 0x0, 0x0, 0x0, 0x0, 0xd, 0xff, 0x60,
    0xbf, 0xfe, 0x10, 0x0, 0x0, 0x0, 0x0, 0x38,
    0x30, 0x1f, 0xff, 0x70, 0x0, 0x0, 0x0, 0x0,
    0x0, 0x0, 0x6, 0xff, 0xf1, 0x0, 0x0, 0x0,
    0x0, 0x0, 0x0, 0x0, 0x9f, 0xfd, 0x0, 0x0,
    0x0, 0x0, 0x0, 0x0, 0x0, 0xa, 0xff, 0xc0,
    0x0, 0x0, 0x0, 0x0, 0x0, 0x0, 0x0, 0xbf,
    0xfb, 0x0, 0x0, 0x0, 0x0, 0x0, 0x0, 0x0,
    0xa, 0xff, 0xb0, 0x0, 0x0, 0x0, 0x0, 0x0,
    0x0, 0x0, 0x9f, 0xfd, 0x0, 0x0, 0x0, 0x0,
    0x0, 0x0, 0x0, 0x6, 0xff, 0xf1, 0x0, 0x0,
    0x0, 0x0, 0x0, 0x0, 0x0, 0x1f, 0xff, 0x70,
    0x0, 0x0, 0x0, 0x0, 0x0, 0x0, 0x0, 0xbf,
    0xfe, 0x10, 0x0, 0x0, 0x0, 0x0, 0x39, 0x30,
    0x3, 0xff, 0xfc, 0x0, 0x0, 0x0, 0x0, 0x1d,
    0xff, 0x70, 0x7, 0xff, 0xfd, 0x40, 0x0, 0x0,
    0x4d, 0xff, 0xe1, 0x0, 0x8, 0xff, 0xff, 0xeb,
    0xab, 0xef, 0xff, 0xf4, 0x0, 0x0, 0x4, 0xdf,
    0xff, 0xff, 0xff, 0xff, 0xd3, 0x0, 0x0, 0x0,
    0x0, 0x49, 0xdf, 0xff, 0xda, 0x50, 0x0, 0x0,

    /* U+0044 "D" */
    0xff, 0xff, 0xff, 0xff, 0xfd, 0xb7, 0x20, 0x0,
    0x0, 0xf, 0xff, 0xff, 0xff, 0xff, 0xff, 0xff,
    0xa1, 0x0, 0x0, 0xff, 0xfa, 0x88, 0x89, 0xad,
    0xff, 0xff, 0xe4, 0x0, 0xf, 0xff, 0x40, 0x0,
    0x0, 0x1, 0x9f, 0xff, 0xf3, 0x0, 0xff, 0xf4,
    0x0, 0x0, 0x0, 0x0, 0x4f, 0xff, 0xd0, 0xf,
    0xff, 0x40, 0x0, 0x0, 0x0, 0x0, 0x5f, 0xff,
    0x70, 0xff, 0xf4, 0x0, 0x0, 0x0, 0x0, 0x0,
    0xcf, 0xfd, 0xf, 0xff, 0x40, 0x0, 0x0, 0x0,
    0x0, 0x5, 0xff, 0xf2, 0xff, 0xf4, 0x0, 0x0,
    0x0, 0x0, 0x0, 0x1f, 0xff, 0x5f, 0xff, 0x40,
    0x0, 0x0, 0x0, 0x0, 0x0, 0xff, 0xf7, 0xff,
    0xf4, 0x0, 0x0, 0x0, 0x0, 0x0, 0xe, 0xff,
    0x8f, 0xff, 0x40, 0x0, 0x0, 0x0, 0x0, 0x0,
    0xff, 0xf7, 0xff, 0xf4, 0x0, 0x0, 0x0, 0x0,
    0x0, 0x1f, 0xff, 0x5f, 0xff, 0x40, 0x0, 0x0,
    0x0, 0x0, 0x5, 0xff, 0xf2, 0xff, 0xf4, 0x0,
    0x0, 0x0, 0x0, 0x0, 0xbf, 0xfe, 0xf, 0xff,
    0x40, 0x0, 0x0, 0x0, 0x0, 0x5f, 0xff, 0x70,
    0xff, 0xf4, 0x0, 0x0, 0x0, 0x0, 0x4f, 0xff,
    0xe0, 0xf, 0xff, 0x40, 0x0, 0x0, 0x1, 0x8f,
    0xff, 0xf3, 0x0, 0xff, 0xfa, 0x88, 0x88, 0x9c,
    0xff, 0xff, 0xe4, 0x0, 0xf, 0xff, 0xff, 0xff,
    0xff, 0xff, 0xff, 0xa1, 0x0, 0x0, 0xff, 0xff,
    0xff, 0xff, 0xfe, 0xb7, 0x20, 0x0, 0x0, 0x0,

    /* U+0045 "E" */
    0xff, 0xff, 0xff, 0xff, 0xff, 0xff, 0xfd, 0xff,
    0xff, 0xff, 0xff, 0xff, 0xff, 0xfd, 0xff, 0xfc,
    0xbb, 0xbb, 0xbb, 0xbb, 0xb8, 0xff, 0xf4, 0x0,
    0x0, 0x0, 0x0, 0x0, 0xff, 0xf4, 0x0, 0x0,
    0x0, 0x0, 0x0, 0xff, 0xf4, 0x0, 0x0, 0x0,
    0x0, 0x0, 0xff, 0xf4, 0x0, 0x0, 0x0, 0x0,
    0x0, 0xff, 0xf4, 0x0, 0x0, 0x0, 0x0, 0x0,
    0xff, 0xfb, 0xaa, 0xaa, 0xaa, 0xaa, 0xa1, 0xff,
    0xff, 0xff, 0xff, 0xff, 0xff, 0xf2, 0xff, 0xff,
    0xff, 0xff, 0xff, 0xff, 0xf2, 0xff, 0xf4, 0x0,
    0x0, 0x0, 0x0, 0x0, 0xff, 0xf4, 0x0, 0x0,
    0x0, 0x0, 0x0, 0xff, 0xf4, 0x0, 0x0, 0x0,
    0x0, 0x0, 0xff, 0xf4, 0x0, 0x0, 0x0, 0x0,
    0x0, 0xff, 0xf4, 0x0, 0x0, 0x0, 0x0, 0x0,
    0xff, 0xf4, 0x0, 0x0, 0x0, 0x0, 0x0, 0xff,
    0xf4, 0x0, 0x0, 0x0, 0x0, 0x0, 0xff, 0xfb,
    0xaa, 0xaa, 0xaa, 0xaa, 0xa8, 0xff, 0xff, 0xff,
    0xff, 0xff, 0xff, 0xfd, 0xff, 0xff, 0xff, 0xff,
    0xff, 0xff, 0xfd,

    /* U+0046 "F" */
    0xff, 0xff, 0xff, 0xff, 0xff, 0xff, 0xf6, 0xff,
    0xff, 0xff, 0xff, 0xff, 0xff, 0xf6, 0xff, 0xfc,
    0xbb, 0xbb, 0xbb, 0xbb, 0xb4, 0xff, 0xf4, 0x0,
    0x0, 0x0, 0x0, 0x0, 0xff, 0xf4, 0x0, 0x0,
    0x0, 0x0, 0x0, 0xff, 0xf4, 0x0, 0x0, 0x0,
    0x0, 0x0, 0xff, 0xf4, 0x0, 0x0, 0x0, 0x0,
    0x0, 0xff, 0xf4, 0x0, 0x0, 0x0, 0x0, 0x0,
    0xff, 0xfb, 0xaa, 0xaa, 0xaa, 0xaa, 0x80, 0xff,
    0xff, 0xff, 0xff, 0xff, 0xff, 0xc0, 0xff, 0xff,
    0xff, 0xff, 0xff, 0xff, 0xc0, 0xff, 0xf4, 0x0,
    0x0, 0x0, 0x0, 0x0, 0xff, 0xf4, 0x0, 0x0,
    0x0, 0x0, 0x0, 0xff, 0xf4, 0x0, 0x0, 0x0,
    0x0, 0x0, 0xff, 0xf4, 0x0, 0x0, 0x0, 0x0,
    0x0, 0xff, 0xf4, 0x0, 0x0, 0x0, 0x0, 0x0,
    0xff, 0xf4, 0x0, 0x0, 0x0, 0x0, 0x0, 0xff,
    0xf4, 0x0, 0x0, 0x0, 0x0, 0x0, 0xff, 0xf4,
    0x0, 0x0, 0x0, 0x0, 0x0, 0xff, 0xf4, 0x0,
    0x0, 0x0, 0x0, 0x0, 0xff, 0xf4, 0x0, 0x0,
    0x0, 0x0, 0x0,

    /* U+0047 "G" */
    0x0, 0x0, 0x0, 0x49, 0xce, 0xff, 0xda, 0x50,
    0x0, 0x0, 0x0, 0x0, 0x3d, 0xff, 0xff, 0xff,
    0xff, 0xfd, 0x40, 0x0, 0x0, 0x6, 0xff, 0xff,
    0xeb, 0xab, 0xdf, 0xff, 0xf5, 0x0, 0x0, 0x6f,
    0xff, 0xe5, 0x0, 0x0, 0x3, 0xdf, 0xff, 0x20,
    0x2, 0xff, 0xfc, 0x10, 0x0, 0x0, 0x0, 0xc,
    0xff, 0x60, 0xa, 0xff, 0xf2, 0x0, 0x0, 0x0,
    0x0, 0x2, 0x60, 0x0, 0x1f, 0xff, 0x80, 0x0,
    0x0, 0x0, 0x0, 0x0, 0x0, 0x0, 0x5f, 0xff,
    0x20, 0x0, 0x0, 0x0, 0x0, 0x0, 0x0, 0x0,
    0x9f, 0xfe, 0x0, 0x0, 0x0, 0x0, 0x0, 0x0,
    0x0, 0x0, 0xaf, 0xfc, 0x0, 0x0, 0x0, 0x7,
    0xaa, 0xaa, 0xaa, 0xa1, 0xbf, 0xfb, 0x0, 0x0,
    0x0, 0xb, 0xff, 0xff, 0xff, 0xf2, 0xaf, 0xfc,
    0x0, 0x0, 0x0, 0xb, 0xff, 0xff, 0xff, 0xf2,
    0x9f, 0xfe, 0x0, 0x0, 0x0, 0x0, 0x0, 0x1,
    0xff, 0xf1, 0x6f, 0xff, 0x20, 0x0, 0x0, 0x0,
    0x0, 0x3, 0xff, 0xf0, 0x1f, 0xff, 0x70, 0x0,
    0x0, 0x0, 0x0, 0x6, 0xff, 0xd0, 0xa, 0xff,
    0xf1, 0x0, 0x0, 0x0, 0x0, 0xc, 0xff, 0x90,
    0x2, 0xff, 0xfc, 0x10, 0x0, 0x0, 0x0, 0x5f,
    0xff, 0x30, 0x0, 0x6f, 0xff, 0xd5, 0x0, 0x0,
    0x7, 0xff, 0xf9, 0x0, 0x0, 0x6, 0xff, 0xff,
    0xec, 0xab, 0xff, 0xff, 0xc0, 0x0, 0x0, 0x0,
    0x3d, 0xff, 0xff, 0xff, 0xff, 0xfa, 0x0, 0x0,
    0x0, 0x0, 0x0, 0x49, 0xdf, 0xff, 0xd9, 0x30,
    0x0, 0x0,

    /* U+0048 "H" */
    0xff, 0xf4, 0x0, 0x0, 0x0, 0x0, 0x0, 0x2f,
    0xff, 0xf, 0xff, 0x40, 0x0, 0x0, 0x0, 0x0,
    0x2, 0xff, 0xf0, 0xff, 0xf4, 0x0, 0x0, 0x0,
    0x0, 0x0, 0x2f, 0xff, 0xf, 0xff, 0x40, 0x0,
    0x0, 0x0, 0x0, 0x2, 0xff, 0xf0, 0xff, 0xf4,
    0x0, 0x0, 0x0, 0x0, 0x0, 0x2f, 0xff, 0xf,
    0xff, 0x40, 0x0, 0x0, 0x0, 0x0, 0x2, 0xff,
    0xf0, 0xff, 0xf4, 0x0, 0x0, 0x0, 0x0, 0x0,
    0x2f, 0xff, 0xf, 0xff, 0x40, 0x0, 0x0, 0x0,
    0x0, 0x2, 0xff, 0xf0, 0xff, 0xfb, 0xaa, 0xaa,
    0xaa, 0xaa, 0xaa, 0xbf, 0xff, 0xf, 0xff, 0xff,
    0xff, 0xff, 0xff, 0xff, 0xff, 0xff, 0xf0, 0xff,
    0xff, 0xff, 0xff, 0xff, 0xff, 0xff, 0xff, 0xff,
    0xf, 0xff, 0x40, 0x0, 0x0, 0x0, 0x0, 0x2,
    0xff, 0xf0, 0xff, 0xf4, 0x0, 0x0, 0x0, 0x0,
    0x0, 0x2f, 0xff, 0xf, 0xff, 0x40, 0x0, 0x0,
    0x0, 0x0, 0x2, 0xff, 0xf0, 0xff, 0xf4, 0x0,
    0x0, 0x0, 0x0, 0x0, 0x2f, 0xff, 0xf, 0xff,
    0x40, 0x0, 0x0, 0x0, 0x0, 0x2, 0xff, 0xf0,
    0xff, 0xf4, 0x0, 0x0, 0x0, 0x0, 0x0, 0x2f,
    0xff, 0xf, 0xff, 0x40, 0x0, 0x0, 0x0, 0x0,
    0x2, 0xff, 0xf0, 0xff, 0xf4, 0x0, 0x0, 0x0,
    0x0, 0x0, 0x2f, 0xff, 0xf, 0xff, 0x40, 0x0,
    0x0, 0x0, 0x0, 0x2, 0xff, 0xf0, 0xff, 0xf4,
    0x0, 0x0, 0x0, 0x0, 0x0, 0x2f, 0xff, 0x0,

    /* U+0049 "I" */
    0xff, 0xf4, 0xff, 0xf4, 0xff, 0xf4, 0xff, 0xf4,
    0xff, 0xf4, 0xff, 0xf4, 0xff, 0xf4, 0xff, 0xf4,
    0xff, 0xf4, 0xff, 0xf4, 0xff, 0xf4, 0xff, 0xf4,
    0xff, 0xf4, 0xff, 0xf4, 0xff, 0xf4, 0xff, 0xf4,
    0xff, 0xf4, 0xff, 0xf4, 0xff, 0xf4, 0xff, 0xf4,
    0xff, 0xf4,

    /* U+004A "J" */
    0x0, 0x0, 0x0, 0x0, 0xc, 0xff, 0x70, 0x0,
    0x0, 0x0, 0x0, 0xcf, 0xf7, 0x0, 0x0, 0x0,
    0x0, 0xc, 0xff, 0x70, 0x0, 0x0, 0x0, 0x0,
    0xcf, 0xf7, 0x0, 0x0, 0x0, 0x0, 0xc, 0xff,
    0x70, 0x0, 0x0, 0x0, 0x0, 0xcf, 0xf7, 0x0,
    0x0, 0x0, 0x0, 0xc, 0xff, 0x70, 0x0, 0x0,
    0x0, 0x0, 0xcf, 0xf7, 0x0, 0x0, 0x0, 0x0,
    0xc, 0xff, 0x70, 0x0, 0x0, 0x0, 0x0, 0xcf,
    0xf7, 0x0, 0x0, 0x0, 0x0, 0xc, 0xff, 0x70,
    0x0, 0x0, 0x0, 0x0, 0xcf, 0xf7, 0x0, 0x0,
    0x0, 0x0, 0xc, 0xff, 0x70, 0x0, 0x0, 0x0,
    0x0, 0xcf, 0xf7, 0x0, 0x0, 0x0, 0x0, 0xc,
    0xff, 0x70, 0x0, 0x0, 0x0, 0x0, 0xef, 0xf6,
    0x2, 0x80, 0x0, 0x0, 0x2f, 0xff, 0x47, 0xff,
    0xa0, 0x0, 0xb, 0xff, 0xe0, 0x2f, 0xff, 0xea,
    0xbe, 0xff, 0xf6, 0x0, 0x5f, 0xff, 0xff, 0xff,
    0xf8, 0x0, 0x0, 0x28, 0xdf, 0xfd, 0xa3, 0x0,
    0x0,

    /* U+004B "K" */
    0xff, 0xf5, 0x0, 0x0, 0x0, 0x2, 0xef, 0xfd,
    0x10, 0xff, 0xf5, 0x0, 0x0, 0x0, 0x2e, 0xff,
    0xe1, 0x0, 0xff, 0xf5, 0x0, 0x0, 0x1, 0xef,
    0xfe, 0x20, 0x0, 0xff, 0xf5, 0x0, 0x0, 0x1d,
    0xff, 0xe2, 0x0, 0x0, 0xff, 0xf5, 0x0, 0x1,
    0xdf, 0xfe, 0x20, 0x0, 0x0, 0xff, 0xf5, 0x0,
    0x1d, 0xff, 0xe2, 0x0, 0x0, 0x0, 0xff, 0xf5,
    0x0, 0xcf, 0xfe, 0x20, 0x0, 0x0, 0x0, 0xff,
    0xf5, 0xc, 0xff, 0xe2, 0x0, 0x0, 0x0, 0x0,
    0xff, 0xf5, 0xbf, 0xfe, 0x20, 0x0, 0x0, 0x0,
    0x0, 0xff, 0xfe, 0xff, 0xe2, 0x0, 0x0, 0x0,
    0x0, 0x0, 0xff, 0xff, 0xff, 0xf4, 0x0, 0x0,
    0x0, 0x0, 0x0, 0xff, 0xf6, 0xdf, 0xff, 0x40,
    0x0, 0x0, 0x0, 0x0, 0xff, 0xf5, 0x1e, 0xff,
    0xf3, 0x0, 0x0, 0x0, 0x0, 0xff, 0xf5, 0x2,
    0xef, 0xff, 0x30, 0x0, 0x0, 0x0, 0xff, 0xf5,
    0x0, 0x2e, 0xff, 0xf3, 0x0, 0x0, 0x0, 0xff,
    0xf5, 0x0, 0x3, 0xff, 0xfe, 0x20, 0x0, 0x0,
    0xff, 0xf5, 0x0, 0x0, 0x3f, 0xff, 0xe2, 0x0,
    0x0, 0xff, 0xf5, 0x0, 0x0, 0x4, 0xff, 0xfe,
    0x20, 0x0, 0xff, 0xf5, 0x0, 0x0, 0x0, 0x5f,
    0xff, 0xe2, 0x0, 0xff, 0xf5, 0x0, 0x0, 0x0,
    0x5, 0xff, 0xfe, 0x10, 0xff, 0xf5, 0x0, 0x0,
    0x0, 0x0, 0x6f, 0xff, 0xd1,

    /* U+004C "L" */
    0xff, 0xf4, 0x0, 0x0, 0x0, 0x0, 0x0, 0xff,
    0xf4, 0x0, 0x0, 0x0, 0x0, 0x0, 0xff, 0xf4,
    0x0, 0x0, 0x0, 0x0, 0x0, 0xff, 0xf4, 0x0,
    0x0, 0x0, 0x0, 0x0, 0xff, 0xf4, 0x0, 0x0,
    0x0, 0x0, 0x0, 0xff, 0xf4, 0x0, 0x0, 0x0,
    0x0, 0x0, 0xff, 0xf4, 0x0, 0x0, 0x0, 0x0,
    0x0, 0xff, 0xf4, 0x0, 0x0, 0x0, 0x0, 0x0,
    0xff, 0xf4, 0x0, 0x0, 0x0, 0x0, 0x0, 0xff,
    0xf4, 0x0, 0x0, 0x0, 0x0, 0x0, 0xff, 0xf4,
    0x0, 0x0, 0x0, 0x0, 0x0, 0xff, 0xf4, 0x0,
    0x0, 0x0, 0x0, 0x0, 0xff, 0xf4, 0x0, 0x0,
    0x0, 0x0, 0x0, 0xff, 0xf4, 0x0, 0x0, 0x0,
    0x0, 0x0, 0xff, 0xf4, 0x0, 0x0, 0x0, 0x0,
    0x0, 0xff, 0xf4, 0x0, 0x0, 0x0, 0x0, 0x0,
    0xff, 0xf4, 0x0, 0x0, 0x0, 0x0, 0x0, 0xff,
    0xf4, 0x0, 0x0, 0x0, 0x0, 0x0, 0xff, 0xfb,
    0xaa, 0xaa, 0xaa, 0xaa, 0xa3, 0xff, 0xff, 0xff,
    0xff, 0xff, 0xff, 0xf5, 0xff, 0xff, 0xff, 0xff,
    0xff, 0xff, 0xf5,

    /* U+004D "M" */
    0xff, 0xff, 0x10, 0x0, 0x0, 0x0, 0x0, 0x0,
    0x0, 0xbf, 0xff, 0x8f, 0xff, 0xf7, 0x0, 0x0,
    0x0, 0x0, 0x0, 0x0, 0x1f, 0xff, 0xf8, 0xff,
    0xff, 0xe0, 0x0, 0x0, 0x0, 0x0, 0x0, 0x8,
    0xff, 0xff, 0x8f, 0xff, 0xff, 0x50, 0x0, 0x0,
    0x0, 0x0, 0x0, 0xef, 0xff, 0xf8, 0xff, 0xff,
    0xfb, 0x0, 0x0, 0x0, 0x0, 0x0, 0x5f, 0xff,
    0xff, 0x8f, 0xfe, 0xff, 0xf2, 0x0, 0x0, 0x0,
    0x0, 0xc, 0xff, 0xbf, 0xf8, 0xff, 0xd9, 0xff,
    0x90, 0x0, 0x0, 0x0, 0x2, 0xff, 0xb9, 0xff,
    0x8f, 0xfd, 0x2f, 0xff, 0x0, 0x0, 0x0, 0x0,
    0x9f, 0xf4, 0x9f, 0xf8, 0xff, 0xd0, 0xbf, 0xf6,
    0x0, 0x0, 0x0, 0xf, 0xfd, 0x9, 0xff, 0x8f,
    0xfd, 0x5, 0xff, 0xc0, 0x0, 0x0, 0x6, 0xff,
    0x70, 0x9f, 0xf8, 0xff, 0xd0, 0xe, 0xff, 0x30,
    0x0, 0x0, 0xdf, 0xf1, 0x9, 0xff, 0x8f, 0xfd,
    0x0, 0x7f, 0xfa, 0x0, 0x0, 0x3f, 0xf9, 0x0,
    0x9f, 0xf8, 0xff, 0xd0, 0x1, 0xff, 0xf1, 0x0,
    0xa, 0xff, 0x30, 0x9, 0xff, 0x8f, 0xfd, 0x0,
    0xa, 0xff, 0x70, 0x1, 0xff, 0xc0, 0x0, 0x9f,
    0xf8, 0xff, 0xd0, 0x0, 0x3f, 0xfd, 0x0, 0x7f,
    0xf5, 0x0, 0x9, 0xff, 0x8f, 0xfd, 0x0, 0x0,
    0xdf, 0xf4, 0xe, 0xfe, 0x0, 0x0, 0x9f, 0xf8,
    0xff, 0xd0, 0x0, 0x6, 0xff, 0xb4, 0xff, 0x80,
    0x0, 0x9, 0xff, 0x8f, 0xfd, 0x0, 0x0, 0xf,
    0xff, 0xdf, 0xf1, 0x0, 0x0, 0x9f, 0xf8, 0xff,
    0xd0, 0x0, 0x0, 0x9f, 0xff, 0xfa, 0x0, 0x0,
    0x9, 0xff, 0x8f, 0xfd, 0x0, 0x0, 0x2, 0xff,
    0xff, 0x40, 0x0, 0x0, 0x9f, 0xf8, 0xff, 0xd0,
    0x0, 0x0, 0xb, 0xff, 0xd0, 0x0, 0x0, 0x9,
    0xff, 0x80,

    /* U+004E "N" */
    0xff, 0xfd, 0x0, 0x0, 0x0, 0x0, 0x0, 0xe,
    0xff, 0x1f, 0xff, 0xf9, 0x0, 0x0, 0x0, 0x0,
    0x0, 0xef, 0xf1, 0xff, 0xff, 0xf5, 0x0, 0x0,
    0x0, 0x0, 0xe, 0xff, 0x1f, 0xff, 0xff, 0xf2,
    0x0, 0x0, 0x0, 0x0, 0xef, 0xf1, 0xff, 0xff,
    0xff, 0xc0, 0x0, 0x0, 0x0, 0xe, 0xff, 0x1f,
    0xff, 0x5f, 0xff, 0x90, 0x0, 0x0, 0x0, 0xef,
    0xf1, 0xff, 0xf0, 0x8f, 0xff, 0x50, 0x0, 0x0,
    0xe, 0xff, 0x1f, 0xff, 0x0, 0xcf, 0xfe, 0x10,
    0x0, 0x0, 0xef, 0xf1, 0xff, 0xf0, 0x1, 0xef,
    0xfc, 0x0, 0x0, 0xe, 0xff, 0x1f, 0xff, 0x0,
    0x4, 0xff, 0xf8, 0x0, 0x0, 0xef, 0xf1, 0xff,
    0xf0, 0x0, 0x8, 0xff, 0xf4, 0x0, 0xe, 0xff,
    0x1f, 0xff, 0x0, 0x0, 0xc, 0xff, 0xe1, 0x0,
    0xef, 0xf1, 0xff, 0xf0, 0x0, 0x0, 0x2e, 0xff,
    0xc0, 0xe, 0xff, 0x1f, 0xff, 0x0, 0x0, 0x0,
    0x5f, 0xff, 0x80, 0xef, 0xf1, 0xff, 0xf0, 0x0,
    0x0, 0x0, 0x9f, 0xff, 0x4e, 0xff, 0x1f, 0xff,
    0x0, 0x0, 0x0, 0x0, 0xcf, 0xfe, 0xff, 0xf1,
    0xff, 0xf0, 0x0, 0x0, 0x0, 0x2, 0xff, 0xff,
    0xff, 0x1f, 0xff, 0x0, 0x0, 0x0, 0x0, 0x5,
    0xff, 0xff, 0xf1, 0xff, 0xf0, 0x0, 0x0, 0x0,
    0x0, 0x9, 0xff, 0xff, 0x1f, 0xff, 0x0, 0x0,
    0x0, 0x0, 0x0, 0xc, 0xff, 0xf1, 0xff, 0xf0,
    0x0, 0x0, 0x0, 0x0, 0x0, 0x2f, 0xff, 0x10,

    /* U+004F "O" */
    0x0, 0x0, 0x0, 0x49, 0xdf, 0xfe, 0xc9, 0x40,
    0x0, 0x0, 0x0, 0x0, 0x3, 0xdf, 0xff, 0xff,
    0xff, 0xff, 0xc3, 0x0, 0x0, 0x0, 0x6, 0xff,
    0xff, 0xeb, 0xab, 0xef, 0xff, 0xf6, 0x0, 0x0,
    0x6, 0xff, 0xfd, 0x50, 0x0, 0x0, 0x5d, 0xff,
    0xf5, 0x0, 0x2, 0xff, 0xfc, 0x10, 0x0, 0x0,
    0x0, 0x1c, 0xff, 0xf1, 0x0, 0xaf, 0xff, 0x10,
    0x0, 0x0, 0x0, 0x0, 0x2f, 0xff, 0x90, 0x1f,
    0xff, 0x70, 0x0, 0x0, 0x0, 0x0, 0x0, 0x8f,
    0xff, 0x15, 0xff, 0xf2, 0x0, 0x0, 0x0, 0x0,
    0x0, 0x2, 0xff, 0xf5, 0x9f, 0xfe, 0x0, 0x0,
    0x0, 0x0, 0x0, 0x0, 0xe, 0xff, 0x8a, 0xff,
    0xc0, 0x0, 0x0, 0x0, 0x0, 0x0, 0x0, 0xcf,
    0xfa, 0xbf, 0xfb, 0x0, 0x0, 0x0, 0x0, 0x0,
    0x0, 0xb, 0xff, 0xba, 0xff, 0xc0, 0x0, 0x0,
    0x0, 0x0, 0x0, 0x0, 0xcf, 0xfa, 0x9f, 0xfe,
    0x0, 0x0, 0x0, 0x0, 0x0, 0x0, 0xe, 0xff,
    0x85, 0xff, 0xf2, 0x0, 0x0, 0x0, 0x0, 0x0,
    0x2, 0xff, 0xf5, 0x1f, 0xff, 0x70, 0x0, 0x0,
    0x0, 0x0, 0x0, 0x8f, 0xff, 0x10, 0xaf, 0xff,
    0x10, 0x0, 0x0, 0x0, 0x0, 0x2f, 0xff, 0xa0,
    0x2, 0xff, 0xfc, 0x10, 0x0, 0x0, 0x0, 0x1c,
    0xff, 0xf1, 0x0, 0x6, 0xff, 0xfd, 0x50, 0x0,
    0x0, 0x5d, 0xff, 0xf5, 0x0, 0x0, 0x7, 0xff,
    0xff, 0xeb, 0xab, 0xef, 0xff, 0xf6, 0x0, 0x0,
    0x0, 0x3, 0xdf, 0xff, 0xff, 0xff, 0xff, 0xc3,
    0x0, 0x0, 0x0, 0x0, 0x0, 0x49, 0xdf, 0xff,
    0xd9, 0x40, 0x0, 0x0, 0x0,

    /* U+0050 "P" */
    0xff, 0xff, 0xff, 0xff, 0xec, 0x83, 0x0, 0x0,
    0xff, 0xff, 0xff, 0xff, 0xff, 0xff, 0xa1, 0x0,
    0xff, 0xfa, 0x88, 0x88, 0xae, 0xff, 0xfd, 0x10,
    0xff, 0xf4, 0x0, 0x0, 0x0, 0x7f, 0xff, 0x90,
    0xff, 0xf4, 0x0, 0x0, 0x0, 0x8, 0xff, 0xf1,
    0xff, 0xf4, 0x0, 0x0, 0x0, 0x2, 0xff, 0xf3,
    0xff, 0xf4, 0x0, 0x0, 0x0, 0x0, 0xff, 0xf5,
    0xff, 0xf4, 0x0, 0x0, 0x0, 0x2, 0xff, 0xf3,
    0xff, 0xf4, 0x0, 0x0, 0x0, 0x8, 0xff, 0xf1,
    0xff, 0xf4, 0x0, 0x0, 0x0, 0x7f, 0xff, 0x90,
    0xff, 0xfa, 0x88, 0x88, 0xae, 0xff, 0xfd, 0x10,
    0xff, 0xff, 0xff, 0xff, 0xff, 0xff, 0xb1, 0x0,
    0xff, 0xff, 0xff, 0xff, 0xed, 0x93, 0x0, 0x0,
    0xff, 0xf4, 0x0, 0x0, 0x0, 0x0, 0x0, 0x0,
    0xff, 0xf4, 0x0, 0x0, 0x0, 0x0, 0x0, 0x0,
    0xff, 0xf4, 0x0, 0x0, 0x0, 0x0, 0x0, 0x0,
    0xff, 0xf4, 0x0, 0x0, 0x0, 0x0, 0x0, 0x0,
    0xff, 0xf4, 0x0, 0x0, 0x0, 0x0, 0x0, 0x0,
    0xff, 0xf4, 0x0, 0x0, 0x0, 0x0, 0x0, 0x0,
    0xff, 0xf4, 0x0, 0x0, 0x0, 0x0, 0x0, 0x0,
    0xff, 0xf4, 0x0, 0x0, 0x0, 0x0, 0x0, 0x0,

    /* U+0051 "Q" */
    0x0, 0x0, 0x0, 0x49, 0xdf, 0xfe, 0xc9, 0x40,
    0x0, 0x0, 0x0, 0x0, 0x3, 0xdf, 0xff, 0xff,
    0xff, 0xff, 0xc3, 0x0, 0x0, 0x0, 0x6, 0xff,
    0xff, 0xeb, 0xab, 0xef, 0xff, 0xf6, 0x0, 0x0,
    0x6, 0xff, 0xfe, 0x50, 0x0, 0x0, 0x5e, 0xff,
    0xf5, 0x0, 0x2, 0xff, 0xfc, 0x10, 0x0, 0x0,
    0x0, 0x1d, 0xff, 0xf1, 0x0, 0xaf, 0xff, 0x20,
    0x0, 0x0, 0x0, 0x0, 0x2f, 0xff, 0xa0, 0x1f,
    0xff, 0x80, 0x0, 0x0, 0x0, 0x0, 0x0, 0x8f,
    0xff, 0x15, 0xff, 0xf2, 0x0, 0x0, 0x0, 0x0,
    0x0, 0x2, 0xff, 0xf5, 0x9f, 0xfe, 0x0, 0x0,
    0x0, 0x0, 0x0, 0x0, 0xe, 0xff, 0x8a, 0xff,
    0xc0, 0x0, 0x0, 0x0, 0x0, 0x0, 0x0, 0xcf,
    0xfa, 0xbf, 0xfb, 0x0, 0x0, 0x0, 0x0, 0x0,
    0x0, 0xb, 0xff, 0xba, 0xff, 0xc0, 0x0, 0x0,
    0x0, 0x0, 0x0, 0x0, 0xcf, 0xfa, 0x9f, 0xfe,
    0x0, 0x0, 0x0, 0x0, 0x0, 0x0, 0xe, 0xff,
    0x85, 0xff, 0xf2, 0x0, 0x0, 0x0, 0x0, 0x0,
    0x2, 0xff, 0xf5, 0x1f, 0xff, 0x80, 0x0, 0x0,
    0x0, 0x0, 0x0, 0x8f, 0xff, 0x0, 0xaf, 0xff,
    0x20, 0x0, 0x0, 0x0, 0x0, 0x2f, 0xff, 0x90,
    0x2, 0xff, 0xfc, 0x10, 0x0, 0x0, 0x0, 0x1d,
    0xff, 0xe1, 0x0, 0x6, 0xff, 0xfe, 0x50, 0x0,
    0x0, 0x5e, 0xff, 0xf4, 0x0, 0x0, 0x7, 0xff,
    0xff, 0xeb, 0xab, 0xef, 0xff, 0xf4, 0x0, 0x0,
    0x0, 0x3, 0xdf, 0xff, 0xff, 0xff, 0xff, 0xf2,
    0x0, 0x0, 0x0, 0x0, 0x0, 0x49, 0xdf, 0xfe,
    0xcd, 0xff, 0x80, 0x0, 0x0, 0x0, 0x0, 0x0,
    0x0, 0x0, 0x0, 0x2f, 0xff, 0x40, 0x0, 0x0,
    0x0, 0x0, 0x0, 0x0, 0x0, 0x0, 0x6f, 0xfe,
    0x10, 0x0, 0x0, 0x0, 0x0, 0x0, 0x0, 0x0,
    0x0, 0xbf, 0xfb, 0x0,

    /* U+0052 "R" */
    0xff, 0xff, 0xff, 0xff, 0xfe, 0xb6, 0x0, 0x0,
    0x0, 0xff, 0xff, 0xff, 0xff, 0xff, 0xff, 0xe4,
    0x0, 0x0, 0xff, 0xf9, 0x88, 0x88, 0x9d, 0xff,
    0xff, 0x30, 0x0, 0xff, 0xf3, 0x0, 0x0, 0x0,
    0x4e, 0xff, 0xd0, 0x0, 0xff, 0xf3, 0x0, 0x0,
    0x0, 0x5, 0xff, 0xf3, 0x0, 0xff, 0xf3, 0x0,
    0x0, 0x0, 0x0, 0xff, 0xf5, 0x0, 0xff, 0xf3,
    0x0, 0x0, 0x0, 0x0, 0xff, 0xf5, 0x0, 0xff,
    0xf3, 0x0, 0x0, 0x0, 0x5, 0xff, 0xf3, 0x0,
    0xff, 0xf3, 0x0, 0x0, 0x0, 0x4e, 0xff, 0xd0,
    0x0, 0xff, 0xfa, 0x88, 0x88, 0x9d, 0xff, 0xff,
    0x30, 0x0, 0xff, 0xff, 0xff, 0xff, 0xff, 0xff,
    0xe4, 0x0, 0x0, 0xff, 0xff, 0xff, 0xff, 0xff,
    0xe6, 0x0, 0x0, 0x0, 0xff, 0xf3, 0x0, 0x5,
    0xff, 0xf5, 0x0, 0x0, 0x0, 0xff, 0xf3, 0x0,
    0x0, 0xbf, 0xfe, 0x10, 0x0, 0x0, 0xff, 0xf3,
    0x0, 0x0, 0x1e, 0xff, 0xb0, 0x0, 0x0, 0xff,
    0xf3, 0x0, 0x0, 0x5, 0xff, 0xf6, 0x0, 0x0,
    0xff, 0xf3, 0x0, 0x0, 0x0, 0xaf, 0xff, 0x20,
    0x0, 0xff, 0xf3, 0x0, 0x0, 0x0, 0x1e, 0xff,
    0xc0, 0x0, 0xff, 0xf3, 0x0, 0x0, 0x0, 0x5,
    0xff, 0xf8, 0x0, 0xff, 0xf3, 0x0, 0x0, 0x0,
    0x0, 0xaf, 0xff, 0x40, 0xff, 0xf3, 0x0, 0x0,
    0x0, 0x0, 0x1e, 0xff, 0xe1,

    /* U+0053 "S" */
    0x0, 0x0, 0x38, 0xce, 0xff, 0xdb, 0x60, 0x0,
    0x0, 0x0, 0xaf, 0xff, 0xff, 0xff, 0xff, 0xe4,
    0x0, 0x0, 0xcf, 0xff, 0xfd, 0xbc, 0xef, 0xff,
    0xf4, 0x0, 0x6f, 0xff, 0x91, 0x0, 0x0, 0x3c,
    0xff, 0xe0, 0xb, 0xff, 0xc0, 0x0, 0x0, 0x0,
    0xd, 0xe8, 0x10, 0xdf, 0xf8, 0x0, 0x0, 0x0,
    0x0, 0x10, 0x0, 0xb, 0xff, 0xa0, 0x0, 0x0,
    0x0, 0x0, 0x0, 0x0, 0x8f, 0xff, 0x60, 0x0,
    0x0, 0x0, 0x0, 0x0, 0x1, 0xef, 0xff, 0xc7,
    0x20, 0x0, 0x0, 0x0, 0x0, 0x2, 0xdf, 0xff,
    0xff, 0xeb, 0x72, 0x0, 0x0, 0x0, 0x0, 0x5a,
    0xef, 0xff, 0xff, 0xfc, 0x40, 0x0, 0x0, 0x0,
    0x0, 0x26, 0xaf, 0xff, 0xff, 0x60, 0x0, 0x0,
    0x0, 0x0, 0x0, 0x5, 0xef, 0xff, 0x20, 0x0,
    0x0, 0x0, 0x0, 0x0, 0x2, 0xff, 0xf8, 0x0,
    0x0, 0x0, 0x0, 0x0, 0x0, 0xa, 0xff, 0xa0,
    0x29, 0xb0, 0x0, 0x0, 0x0, 0x0, 0xaf, 0xfa,
    0x1f, 0xff, 0x60, 0x0, 0x0, 0x0, 0x1e, 0xff,
    0x80, 0x9f, 0xff, 0x92, 0x0, 0x0, 0x3c, 0xff,
    0xf3, 0x0, 0xcf, 0xff, 0xfe, 0xcc, 0xef, 0xff,
    0xf8, 0x0, 0x0, 0x9f, 0xff, 0xff, 0xff, 0xff,
    0xf7, 0x0, 0x0, 0x0, 0x27, 0xce, 0xff, 0xeb,
    0x71, 0x0, 0x0,

    /* U+0054 "T" */
    0x5f, 0xff, 0xff, 0xff, 0xff, 0xff, 0xff, 0xff,
    0x65, 0xff, 0xff, 0xff, 0xff, 0xff, 0xff, 0xff,
    0xf6, 0x3b, 0xbb, 0xbb, 0xbf, 0xff, 0xbb, 0xbb,
    0xbb, 0x40, 0x0, 0x0, 0x1, 0xff, 0xf2, 0x0,
    0x0, 0x0, 0x0, 0x0, 0x0, 0x1f, 0xff, 0x20,
    0x0, 0x0, 0x0, 0x0, 0x0, 0x1, 0xff, 0xf2,
    0x0, 0x0, 0x0, 0x0, 0x0, 0x0, 0x1f, 0xff,
    0x20, 0x0, 0x0, 0x0, 0x0, 0x0, 0x1, 0xff,
    0xf2, 0x0, 0x0, 0x0, 0x0, 0x0, 0x0, 0x1f,
    0xff, 0x20, 0x0, 0x0, 0x0, 0x0, 0x0, 0x1,
    0xff, 0xf2, 0x0, 0x0, 0x0, 0x0, 0x0, 0x0,
    0x1f, 0xff, 0x20, 0x0, 0x0, 0x0, 0x0, 0x0,
    0x1, 0xff, 0xf2, 0x0, 0x0, 0x0, 0x0, 0x0,
    0x0, 0x1f, 0xff, 0x20, 0x0, 0x0, 0x0, 0x0,
    0x0, 0x1, 0xff, 0xf2, 0x0, 0x0, 0x0, 0x0,
    0x0, 0x0, 0x1f, 0xff, 0x20, 0x0, 0x0, 0x0,
    0x0, 0x0, 0x1, 0xff, 0xf2, 0x0, 0x0, 0x0,
    0x0, 0x0, 0x0, 0x1f, 0xff, 0x20, 0x0, 0x0,
    0x0, 0x0, 0x0, 0x1, 0xff, 0xf2, 0x0, 0x0,
    0x0, 0x0, 0x0, 0x0, 0x1f, 0xff, 0x20, 0x0,
    0x0, 0x0, 0x0, 0x0, 0x1, 0xff, 0xf2, 0x0,
    0x0, 0x0, 0x0, 0x0, 0x0, 0x1f, 0xff, 0x20,
    0x0, 0x0, 0x0,

    /* U+0055 "U" */
    0x1f, 0xff, 0x0, 0x0, 0x0, 0x0, 0x0, 0x3,
    0xff, 0xf0, 0x1f, 0xff, 0x0, 0x0, 0x0, 0x0,
    0x0, 0x3, 0xff, 0xf0, 0x1f, 0xff, 0x0, 0x0,
    0x0, 0x0, 0x0, 0x3, 0xff, 0xf0, 0x1f, 0xff,
    0x0, 0x0, 0x0, 0x0, 0x0, 0x3, 0xff, 0xf0,
    0x1f, 0xff, 0x0, 0x0, 0x0, 0x0, 0x0, 0x3,
    0xff, 0xf0, 0x1f, 0xff, 0x0, 0x0, 0x0, 0x0,
    0x0, 0x3, 0xff, 0xf0, 0x1f, 0xff, 0x0, 0x0,
    0x0, 0x0, 0x0, 0x3, 0xff, 0xf0, 0x1f, 0xff,
    0x0, 0x0, 0x0, 0x0, 0x0, 0x3, 0xff, 0xf0,
    0x1f, 0xff, 0x0, 0x0, 0x0, 0x0, 0x0, 0x3,
    0xff, 0xf0, 0x1f, 0xff, 0x0, 0x0, 0x0, 0x0,
    0x0, 0x3, 0xff, 0xf0, 0x1f, 0xff, 0x0, 0x0,
    0x0, 0x0, 0x0, 0x3, 0xff, 0xf0, 0x1f, 0xff,
    0x0, 0x0, 0x0, 0x0, 0x0, 0x3, 0xff, 0xf0,
    0x1f, 0xff, 0x10, 0x0, 0x0, 0x0, 0x0, 0x3,
    0xff, 0xf0, 0xf, 0xff, 0x20, 0x0, 0x0, 0x0,
    0x0, 0x5, 0xff, 0xf0, 0xe, 0xff, 0x50, 0x0,
    0x0, 0x0, 0x0, 0x8, 0xff, 0xd0, 0xb, 0xff,
    0xb0, 0x0, 0x0, 0x0, 0x0, 0xd, 0xff, 0x90,
    0x5, 0xff, 0xf5, 0x0, 0x0, 0x0, 0x0, 0x8f,
    0xff, 0x30, 0x0, 0xbf, 0xff, 0x70, 0x0, 0x0,
    0x19, 0xff, 0xfa, 0x0, 0x0, 0xd, 0xff, 0xff,
    0xba, 0xac, 0xff, 0xff, 0xc0, 0x0, 0x0, 0x0,
    0x9f, 0xff, 0xff, 0xff, 0xff, 0xf8, 0x0, 0x0,
    0x0, 0x0, 0x2, 0x7b, 0xdf, 0xfd, 0xb7, 0x10,
    0x0, 0x0,

    /* U+0056 "V" */
    0x9f, 0xfe, 0x0, 0x0, 0x0, 0x0, 0x0, 0x0,
    0x1f, 0xff, 0x43, 0xff, 0xf4, 0x0, 0x0, 0x0,
    0x0, 0x0, 0x6, 0xff, 0xe0, 0xd, 0xff, 0xa0,
    0x0, 0x0, 0x0, 0x0, 0x0, 0xcf, 0xf8, 0x0,
    0x7f, 0xff, 0x0, 0x0, 0x0, 0x0, 0x0, 0x1f,
    0xff, 0x10, 0x1, 0xff, 0xf5, 0x0, 0x0, 0x0,
    0x0, 0x7, 0xff, 0xb0, 0x0, 0xa, 0xff, 0xb0,
    0x0, 0x0, 0x0, 0x0, 0xdf, 0xf5, 0x0, 0x0,
    0x4f, 0xff, 0x10, 0x0, 0x0, 0x0, 0x2f, 0xfe,
    0x0, 0x0, 0x0, 0xef, 0xf6, 0x0, 0x0, 0x0,
    0x8, 0xff, 0x80, 0x0, 0x0, 0x8, 0xff, 0xc0,
    0x0, 0x0, 0x0, 0xef, 0xf2, 0x0, 0x0, 0x0,
    0x2f, 0xff, 0x10, 0x0, 0x0, 0x3f, 0xfc, 0x0,
    0x0, 0x0, 0x0, 0xbf, 0xf7, 0x0, 0x0, 0x9,
    0xff, 0x50, 0x0, 0x0, 0x0, 0x5, 0xff, 0xd0,
    0x0, 0x0, 0xef, 0xf0, 0x0, 0x0, 0x0, 0x0,
    0xe, 0xff, 0x20, 0x0, 0x4f, 0xf9, 0x0, 0x0,
    0x0, 0x0, 0x0, 0x9f, 0xf8, 0x0, 0xa, 0xff,
    0x30, 0x0, 0x0, 0x0, 0x0, 0x2, 0xff, 0xe0,
    0x0, 0xff, 0xc0, 0x0, 0x0, 0x0, 0x0, 0x0,
    0xc, 0xff, 0x30, 0x5f, 0xf6, 0x0, 0x0, 0x0,
    0x0, 0x0, 0x0, 0x6f, 0xf9, 0xb, 0xff, 0x0,
    0x0, 0x0, 0x0, 0x0, 0x0, 0x0, 0xff, 0xe1,
    0xff, 0xa0, 0x0, 0x0, 0x0, 0x0, 0x0, 0x0,
    0xa, 0xff, 0xbf, 0xf3, 0x0, 0x0, 0x0, 0x0,
    0x0, 0x0, 0x0, 0x3f, 0xff, 0xfd, 0x0, 0x0,
    0x0, 0x0, 0x0, 0x0, 0x0, 0x0, 0xdf, 0xff,
    0x70, 0x0, 0x0, 0x0, 0x0,

    /* U+0057 "W" */
    0x7f, 0xfe, 0x0, 0x0, 0x0, 0x0, 0x8, 0xff,
    0xf0, 0x0, 0x0, 0x0, 0x0, 0x6f, 0xfb, 0x2f,
    0xff, 0x30, 0x0, 0x0, 0x0, 0xd, 0xff, 0xf4,
    0x0, 0x0, 0x0, 0x0, 0xbf, 0xf6, 0xd, 0xff,
    0x70, 0x0, 0x0, 0x0, 0x2f, 0xff, 0xf9, 0x0,
    0x0, 0x0, 0x0, 0xff, 0xf2, 0x9, 0xff, 0xb0,
    0x0, 0x0, 0x0, 0x7f, 0xff, 0xfd, 0x0, 0x0,
    0x0, 0x3, 0xff, 0xd0, 0x4, 0xff, 0xf0, 0x0,
    0x0, 0x0, 0xcf, 0xea, 0xff, 0x20, 0x0, 0x0,
    0x7, 0xff, 0x80, 0x0, 0xff, 0xf4, 0x0, 0x0,
    0x1, 0xff, 0xa5, 0xff, 0x70, 0x0, 0x0, 0xc,
    0xff, 0x30, 0x0, 0xbf, 0xf8, 0x0, 0x0, 0x5,
    0xff, 0x50, 0xff, 0xb0, 0x0, 0x0, 0xf, 0xfe,
    0x0, 0x0, 0x6f, 0xfd, 0x0, 0x0, 0xa, 0xff,
    0x10, 0xbf, 0xf0, 0x0, 0x0, 0x4f, 0xfa, 0x0,
    0x0, 0x1f, 0xff, 0x10, 0x0, 0xf, 0xfb, 0x0,
    0x6f, 0xf5, 0x0, 0x0, 0x8f, 0xf5, 0x0, 0x0,
    0xc, 0xff, 0x50, 0x0, 0x4f, 0xf7, 0x0, 0x2f,
    0xf9, 0x0, 0x0, 0xdf, 0xf1, 0x0, 0x0, 0x8,
    0xff, 0xa0, 0x0, 0x9f, 0xf2, 0x0, 0xd, 0xfe,
    0x0, 0x1, 0xff, 0xc0, 0x0, 0x0, 0x3, 0xff,
    0xe0, 0x0, 0xef, 0xd0, 0x0, 0x8, 0xff, 0x20,
    0x5, 0xff, 0x70, 0x0, 0x0, 0x0, 0xef, 0xf3,
    0x2, 0xff, 0x80, 0x0, 0x3, 0xff, 0x70, 0x9,
    0xff, 0x20, 0x0, 0x0, 0x0, 0x9f, 0xf7, 0x7,
    0xff, 0x30, 0x0, 0x0, 0xef, 0xc0, 0xe, 0xfe,
    0x0, 0x0, 0x0, 0x0, 0x5f, 0xfb, 0xc, 0xfe,
    0x0, 0x0, 0x0, 0x9f, 0xf0, 0x2f, 0xf9, 0x0,
    0x0, 0x0, 0x0, 0xf, 0xff, 0x2f, 0xfa, 0x0,
    0x0, 0x0, 0x5f, 0xf5, 0x6f, 0xf4, 0x0, 0x0,
    0x0, 0x0, 0xb, 0xff, 0xaf, 0xf5, 0x0, 0x0,
    0x0, 0xf, 0xf9, 0xaf, 0xf0, 0x0, 0x0, 0x0,
    0x0, 0x7, 0xff, 0xff, 0xf0, 0x0, 0x0, 0x0,
    0xb, 0xfe, 0xef, 0xb0, 0x0, 0x0, 0x0, 0x0,
    0x2, 0xff, 0xff, 0xb0, 0x0, 0x0, 0x0, 0x6,
    0xff, 0xff, 0x60, 0x0, 0x0, 0x0, 0x0, 0x0,
    0xdf, 0xff, 0x60, 0x0, 0x0, 0x0, 0x1, 0xff,
    0xff, 0x10, 0x0, 0x0, 0x0, 0x0, 0x0, 0x8f,
    0xff, 0x20, 0x0, 0x0, 0x0, 0x0, 0xcf, 0xfd,
    0x0, 0x0, 0x0,

    /* U+0058 "X" */
    0x3f, 0xff, 0xa0, 0x0, 0x0, 0x0, 0x0, 0xd,
    0xff, 0xb0, 0x7, 0xff, 0xf4, 0x0, 0x0, 0x0,
    0x0, 0x9f, 0xfe, 0x10, 0x0, 0xbf, 0xfe, 0x10,
    0x0, 0x0, 0x3, 0xff, 0xf4, 0x0, 0x0, 0x1e,
    0xff, 0xa0, 0x0, 0x0, 0xd, 0xff, 0x90, 0x0,
    0x0, 0x5, 0xff, 0xf4, 0x0, 0x0, 0x9f, 0xfd,
    0x0, 0x0, 0x0, 0x0, 0x9f, 0xfe, 0x10, 0x3,
    0xff, 0xf3, 0x0, 0x0, 0x0, 0x0, 0xd, 0xff,
    0xa0, 0xd, 0xff, 0x70, 0x0, 0x0, 0x0, 0x0,
    0x3, 0xff, 0xf4, 0x8f, 0xfc, 0x0, 0x0, 0x0,
    0x0, 0x0, 0x0, 0x7f, 0xfe, 0xff, 0xf1, 0x0,
    0x0, 0x0, 0x0, 0x0, 0x0, 0xc, 0xff, 0xff,
    0x50, 0x0, 0x0, 0x0, 0x0, 0x0, 0x0, 0x6,
    0xff, 0xfe, 0x0, 0x0, 0x0, 0x0, 0x0, 0x0,
    0x0, 0x1f, 0xff, 0xff, 0x80, 0x0, 0x0, 0x0,
    0x0, 0x0, 0x0, 0xcf, 0xfc, 0xff, 0xf3, 0x0,
    0x0, 0x0, 0x0, 0x0, 0x7, 0xff, 0xe1, 0x9f,
    0xfe, 0x10, 0x0, 0x0, 0x0, 0x0, 0x3f, 0xff,
    0x40, 0xd, 0xff, 0xa0, 0x0, 0x0, 0x0, 0x0,
    0xdf, 0xf9, 0x0, 0x3, 0xff, 0xf5, 0x0, 0x0,
    0x0, 0x9, 0xff, 0xd0, 0x0, 0x0, 0x9f, 0xff,
    0x20, 0x0, 0x0, 0x4f, 0xff, 0x30, 0x0, 0x0,
    0xd, 0xff, 0xc0, 0x0, 0x1, 0xef, 0xf8, 0x0,
    0x0, 0x0, 0x3, 0xff, 0xf7, 0x0, 0xb, 0xff,
    0xd0, 0x0, 0x0, 0x0, 0x0, 0x8f, 0xff, 0x30,
    0x6f, 0xff, 0x30, 0x0, 0x0, 0x0, 0x0, 0xd,
    0xff, 0xd0,

    /* U+0059 "Y" */
    0x9f, 0xff, 0x20, 0x0, 0x0, 0x0, 0x0, 0x4,
    0xff, 0xf1, 0x1e, 0xff, 0xb0, 0x0, 0x0, 0x0,
    0x0, 0xd, 0xff, 0x60, 0x5, 0xff, 0xf5, 0x0,
    0x0, 0x0, 0x0, 0x8f, 0xfc, 0x0, 0x0, 0xbf,
    0xfe, 0x10, 0x0, 0x0, 0x2, 0xff, 0xf2, 0x0,
    0x0, 0x1f, 0xff, 0x90, 0x0, 0x0, 0xc, 0xff,
    0x70, 0x0, 0x0, 0x6, 0xff, 0xf3, 0x0, 0x0,
    0x6f, 0xfc, 0x0, 0x0, 0x0, 0x0, 0xcf, 0xfd,
    0x0, 0x1, 0xff, 0xf3, 0x0, 0x0, 0x0, 0x0,
    0x2f, 0xff, 0x70, 0xa, 0xff, 0x80, 0x0, 0x0,
    0x0, 0x0, 0x8, 0xff, 0xf2, 0x5f, 0xfd, 0x0,
    0x0, 0x0, 0x0, 0x0, 0x0, 0xdf, 0xfc, 0xef,
    0xf4, 0x0, 0x0, 0x0, 0x0, 0x0, 0x0, 0x3f,
    0xff, 0xff, 0x90, 0x0, 0x0, 0x0, 0x0, 0x0,
    0x0, 0x9, 0xff, 0xfe, 0x0, 0x0, 0x0, 0x0,
    0x0, 0x0, 0x0, 0x0, 0xff, 0xf6, 0x0, 0x0,
    0x0, 0x0, 0x0, 0x0, 0x0, 0x0, 0xef, 0xf5,
    0x0, 0x0, 0x0, 0x0, 0x0, 0x0, 0x0, 0x0,
    0xef, 0xf5, 0x0, 0x0, 0x0, 0x0, 0x0, 0x0,
    0x0, 0x0, 0xef, 0xf5, 0x0, 0x0, 0x0, 0x0,
    0x0, 0x0, 0x0, 0x0, 0xef, 0xf5, 0x0, 0x0,
    0x0, 0x0, 0x0, 0x0, 0x0, 0x0, 0xef, 0xf5,
    0x0, 0x0, 0x0, 0x0, 0x0, 0x0, 0x0, 0x0,
    0xef, 0xf5, 0x0, 0x0, 0x0, 0x0, 0x0, 0x0,
    0x0, 0x0, 0xef, 0xf5, 0x0, 0x0, 0x0, 0x0,
    0x0, 0x0, 0x0, 0x0, 0xef, 0xf5, 0x0, 0x0,
    0x0, 0x0,

    /* U+005A "Z" */
    0x5, 0xff, 0xff, 0xff, 0xff, 0xff, 0xff, 0xff,
    0xfd, 0x0, 0x5f, 0xff, 0xff, 0xff, 0xff, 0xff,
    0xff, 0xff, 0xc0, 0x3, 0xaa, 0xaa, 0xaa, 0xaa,
    0xaa, 0xac, 0xff, 0xf6, 0x0, 0x0, 0x0, 0x0,
    0x0, 0x0, 0x0, 0xdf, 0xfa, 0x0, 0x0, 0x0,
    0x0, 0x0, 0x0, 0x0, 0xaf, 0xfc, 0x0, 0x0,
    0x0, 0x0, 0x0, 0x0, 0x0, 0x7f, 0xfe, 0x20,
    0x0, 0x0, 0x0, 0x0, 0x0, 0x0, 0x4f, 0xff,
    0x40, 0x0, 0x0, 0x0, 0x0, 0x0, 0x0, 0x2e,
    0xff, 0x70, 0x0, 0x0, 0x0, 0x0, 0x0, 0x0,
    0xc, 0xff, 0xb0, 0x0, 0x0, 0x0, 0x0, 0x0,
    0x0, 0xa, 0xff, 0xd1, 0x0, 0x0, 0x0, 0x0,
    0x0, 0x0, 0x6, 0xff, 0xf2, 0x0, 0x0, 0x0,
    0x0, 0x0, 0x0, 0x3, 0xff, 0xf5, 0x0, 0x0,
    0x0, 0x0, 0x0, 0x0, 0x1, 0xef, 0xf9, 0x0,
    0x0, 0x0, 0x0, 0x0, 0x0, 0x0, 0xcf, 0xfc,
    0x0, 0x0, 0x0, 0x0, 0x0, 0x0, 0x0, 0x9f,
    0xfe, 0x10, 0x0, 0x0, 0x0, 0x0, 0x0, 0x0,
    0x5f, 0xff, 0x40, 0x0, 0x0, 0x0, 0x0, 0x0,
    0x0, 0x2f, 0xff, 0x70, 0x0, 0x0, 0x0, 0x0,
    0x0, 0x0, 0x1d, 0xff, 0xa0, 0x0, 0x0, 0x0,
    0x0, 0x0, 0x0, 0xb, 0xff, 0xfa, 0xaa, 0xaa,
    0xaa, 0xaa, 0xaa, 0xaa, 0x1, 0xff, 0xff, 0xff,
    0xff, 0xff, 0xff, 0xff, 0xff, 0xf0, 0x2f, 0xff,
    0xff, 0xff, 0xff, 0xff, 0xff, 0xff, 0xff, 0x0,

    /* U+005B "[" */
    0x0, 0x0, 0x0, 0x0, 0x6f, 0xff, 0xff, 0xfb,
    0x6f, 0xff, 0xff, 0xfb, 0x6f, 0xff, 0xff, 0xfb,
    0x6f, 0xfa, 0x0, 0x0, 0x6f, 0xfa, 0x0, 0x0,
    0x6f, 0xfa, 0x0, 0x0, 0x6f, 0xfa, 0x0, 0x0,
    0x6f, 0xfa, 0x0, 0x0, 0x6f, 0xfa, 0x0, 0x0,
    0x6f, 0xfa, 0x0, 0x0, 0x6f, 0xfa, 0x0, 0x0,
    0x6f, 0xfa, 0x0, 0x0, 0x6f, 0xfa, 0x0, 0x0,
    0x6f, 0xfa, 0x0, 0x0, 0x6f, 0xfa, 0x0, 0x0,
    0x6f, 0xfa, 0x0, 0x0, 0x6f, 0xfa, 0x0, 0x0,
    0x6f, 0xfa, 0x0, 0x0, 0x6f, 0xfa, 0x0, 0x0,
    0x6f, 0xfa, 0x0, 0x0, 0x6f, 0xfa, 0x0, 0x0,
    0x6f, 0xfa, 0x0, 0x0, 0x6f, 0xfa, 0x0, 0x0,
    0x6f, 0xfa, 0x0, 0x0, 0x6f, 0xff, 0xff, 0xfb,
    0x6f, 0xff, 0xff, 0xfb, 0x6f, 0xff, 0xff, 0xfb,

    /* U+005C "\\" */
    0x6f, 0xf8, 0x0, 0x0, 0x0, 0x3f, 0xfc, 0x0,
    0x0, 0x0, 0xf, 0xff, 0x0, 0x0, 0x0, 0xc,
    0xff, 0x30, 0x0, 0x0, 0x8, 0xff, 0x70, 0x0,
    0x0, 0x5, 0xff, 0xa0, 0x0, 0x0, 0x1, 0xff,
    0xe0, 0x0, 0x0, 0x0, 0xdf, 0xf1, 0x0, 0x0,
    0x0, 0xaf, 0xf5, 0x0, 0x0, 0x0, 0x6f, 0xf8,
    0x0, 0x0, 0x0, 0x3f, 0xfc, 0x0, 0x0, 0x0,
    0xf, 0xff, 0x0, 0x0, 0x0, 0xc, 0xff, 0x30,
    0x0, 0x0, 0x8, 0xff, 0x70, 0x0, 0x0, 0x5,
    0xff, 0xa0, 0x0, 0x0, 0x1, 0xff, 0xe0, 0x0,
    0x0, 0x0, 0xef, 0xf1, 0x0, 0x0, 0x0, 0xaf,
    0xf5, 0x0, 0x0, 0x0, 0x7f, 0xf8, 0x0, 0x0,
    0x0, 0x3f, 0xfc, 0x0, 0x0, 0x0, 0xf, 0xff,
    0x0, 0x0, 0x0, 0xc, 0xff, 0x30, 0x0, 0x0,
    0x9, 0xff, 0x60, 0x0, 0x0, 0x5, 0xff, 0xa0,
    0x0, 0x0, 0x2, 0xff, 0xe0, 0x0, 0x0, 0x0,
    0xef, 0xf1, 0x0, 0x0, 0x0, 0xbf, 0xf5, 0x0,
    0x0, 0x0, 0x7f, 0xf8,

    /* U+005D "]" */
    0x1, 0x11, 0x11, 0x10, 0x7f, 0xff, 0xff, 0xfb,
    0x7f, 0xff, 0xff, 0xfb, 0x7f, 0xff, 0xff, 0xfb,
    0x0, 0x0, 0x5f, 0xfb, 0x0, 0x0, 0x5f, 0xfb,
    0x0, 0x0, 0x5f, 0xfb, 0x0, 0x0, 0x5f, 0xfb,
    0x0, 0x0, 0x5f, 0xfb, 0x0, 0x0, 0x5f, 0xfb,
    0x0, 0x0, 0x5f, 0xfb, 0x0, 0x0, 0x5f, 0xfb,
    0x0, 0x0, 0x5f, 0xfb, 0x0, 0x0, 0x5f, 0xfb,
    0x0, 0x0, 0x5f, 0xfb, 0x0, 0x0, 0x5f, 0xfb,
    0x0, 0x0, 0x5f, 0xfb, 0x0, 0x0, 0x5f, 0xfb,
    0x0, 0x0, 0x5f, 0xfb, 0x0, 0x0, 0x5f, 0xfb,
    0x0, 0x0, 0x5f, 0xfb, 0x0, 0x0, 0x5f, 0xfb,
    0x0, 0x0, 0x5f, 0xfb, 0x0, 0x0, 0x5f, 0xfb,
    0x0, 0x0, 0x5f, 0xfb, 0x7f, 0xff, 0xff, 0xfb,
    0x7f, 0xff, 0xff, 0xfb, 0x7f, 0xff, 0xff, 0xfb,

    /* U+005E "^" */
    0x0, 0x0, 0x0, 0xaf, 0xf4, 0x0, 0x0, 0x0,
    0x0, 0x0, 0x1f, 0xff, 0xc0, 0x0, 0x0, 0x0,
    0x0, 0x8, 0xff, 0xff, 0x30, 0x0, 0x0, 0x0,
    0x0, 0xff, 0xae, 0xfa, 0x0, 0x0, 0x0, 0x0,
    0x7f, 0xf3, 0x8f, 0xf2, 0x0, 0x0, 0x0, 0xe,
    0xfc, 0x1, 0xff, 0x90, 0x0, 0x0, 0x5, 0xff,
    0x40, 0x9, 0xff, 0x10, 0x0, 0x0, 0xdf, 0xd0,
    0x0, 0x2f, 0xf7, 0x0, 0x0, 0x4f, 0xf6, 0x0,
    0x0, 0xbf, 0xe0, 0x0, 0xb, 0xfe, 0x0, 0x0,
    0x4, 0xff, 0x60, 0x2, 0xff, 0x80, 0x0, 0x0,
    0xd, 0xfd, 0x0, 0xaf, 0xf1, 0x0, 0x0, 0x0,
    0x6f, 0xf4, 0x1f, 0xfa, 0x0, 0x0, 0x0, 0x0,
    0xef, 0xc0,

    /* U+005F "_" */
    0x99, 0x99, 0x99, 0x99, 0x99, 0x2f, 0xff, 0xff,
    0xff, 0xff, 0xf4, 0xff, 0xff, 0xff, 0xff, 0xff,
    0x40,

    /* U+0060 "`" */
    0x3, 0x33, 0x0, 0xc, 0xff, 0x20, 0x4, 0xff,
    0x80, 0x0, 0xdf, 0xe0, 0x0, 0x5f, 0xf4, 0x0,
    0xe, 0xfa,

    /* U+0061 "a" */
    0x0, 0x1, 0x6b, 0xef, 0xfd, 0x92, 0x0, 0x0,
    0x5, 0xef, 0xff, 0xff, 0xff, 0xf7, 0x0, 0x5,
    0xff, 0xfd, 0x87, 0x9d, 0xff, 0xf6, 0x0, 0x7f,
    0xf5, 0x0, 0x0, 0x8, 0xff, 0xe0, 0x0, 0x13,
    0x0, 0x0, 0x0, 0xd, 0xff, 0x30, 0x0, 0x0,
    0x0, 0x0, 0x0, 0x9f, 0xf5, 0x0, 0x5, 0xad,
    0xff, 0xff, 0xff, 0xff, 0x60, 0x1c, 0xff, 0xff,
    0xff, 0xff, 0xff, 0xf6, 0xc, 0xff, 0xfa, 0x76,
    0x66, 0x6b, 0xff, 0x63, 0xff, 0xf3, 0x0, 0x0,
    0x0, 0x8f, 0xf6, 0x7f, 0xfb, 0x0, 0x0, 0x0,
    0xa, 0xff, 0x67, 0xff, 0xa0, 0x0, 0x0, 0x1,
    0xff, 0xf6, 0x4f, 0xfe, 0x20, 0x0, 0x2, 0xcf,
    0xff, 0x60, 0xef, 0xff, 0x97, 0x8b, 0xff, 0xef,
    0xf6, 0x3, 0xef, 0xff, 0xff, 0xff, 0xc4, 0xff,
    0x70, 0x0, 0x7c, 0xff, 0xeb, 0x50, 0x2f, 0xf7,

    /* U+0062 "b" */
    0x1f, 0xfd, 0x0, 0x0, 0x0, 0x0, 0x0, 0x0,
    0x1, 0xff, 0xd0, 0x0, 0x0, 0x0, 0x0, 0x0,
    0x0, 0x1f, 0xfd, 0x0, 0x0, 0x0, 0x0, 0x0,
    0x0, 0x1, 0xff, 0xd0, 0x0, 0x0, 0x0, 0x0,
    0x0, 0x0, 0x1f, 0xfd, 0x0, 0x0, 0x0, 0x0,
    0x0, 0x0, 0x1, 0xff, 0xd0, 0x0, 0x0, 0x0,
    0x0, 0x0, 0x0, 0x1f, 0xfd, 0x2, 0x9d, 0xfe,
    0xc8, 0x20, 0x0, 0x1, 0xff, 0xd6, 0xff, 0xff,
    0xff, 0xff, 0x70, 0x0, 0x1f, 0xff, 0xff, 0xe9,
    0x79, 0xdf, 0xff, 0x80, 0x1, 0xff, 0xff, 0x90,
    0x0, 0x0, 0x8f, 0xff, 0x30, 0x1f, 0xff, 0xc0,
    0x0, 0x0, 0x0, 0xaf, 0xfb, 0x1, 0xff, 0xf4,
    0x0, 0x0, 0x0, 0x2, 0xff, 0xf1, 0x1f, 0xff,
    0x0, 0x0, 0x0, 0x0, 0xe, 0xff, 0x41, 0xff,
    0xe0, 0x0, 0x0, 0x0, 0x0, 0xcf, 0xf6, 0x1f,
    0xfe, 0x0, 0x0, 0x0, 0x0, 0xc, 0xff, 0x61,
    0xff, 0xf0, 0x0, 0x0, 0x0, 0x0, 0xef, 0xf4,
    0x1f, 0xff, 0x40, 0x0, 0x0, 0x0, 0x2f, 0xff,
    0x11, 0xff, 0xfc, 0x0, 0x0, 0x0, 0xa, 0xff,
    0xb0, 0x1f, 0xff, 0xf9, 0x0, 0x0, 0x8, 0xff,
    0xf3, 0x2, 0xff, 0xdf, 0xfe, 0x98, 0x9e, 0xff,
    0xf7, 0x0, 0x2f, 0xf8, 0x6f, 0xff, 0xff, 0xff,
    0xf6, 0x0, 0x3, 0xff, 0x60, 0x29, 0xdf, 0xfd,
    0x82, 0x0, 0x0,

    /* U+0063 "c" */
    0x0, 0x0, 0x4a, 0xdf, 0xfe, 0xa5, 0x0, 0x0,
    0x0, 0xaf, 0xff, 0xff, 0xff, 0xfb, 0x0, 0x0,
    0xdf, 0xff, 0xb8, 0x8b, 0xff, 0xfa, 0x0, 0x9f,
    0xfe, 0x30, 0x0, 0x3, 0xff, 0xe1, 0x1f, 0xff,
    0x30, 0x0, 0x0, 0x5, 0x50, 0x7, 0xff, 0xb0,
    0x0, 0x0, 0x0, 0x0, 0x0, 0xaf, 0xf7, 0x0,
    0x0, 0x0, 0x0, 0x0, 0xc, 0xff, 0x50, 0x0,
    0x0, 0x0, 0x0, 0x0, 0xcf, 0xf5, 0x0, 0x0,
    0x0, 0x0, 0x0, 0xa, 0xff, 0x70, 0x0, 0x0,
    0x0, 0x0, 0x0, 0x7f, 0xfb, 0x0, 0x0, 0x0,
    0x0, 0x0, 0x1, 0xff, 0xf3, 0x0, 0x0, 0x0,
    0x55, 0x0, 0x9, 0xff, 0xe3, 0x0, 0x0, 0x4f,
    0xfe, 0x10, 0xd, 0xff, 0xfc, 0x99, 0xbf, 0xff,
    0xa0, 0x0, 0xa, 0xff, 0xff, 0xff, 0xff, 0xb0,
    0x0, 0x0, 0x3, 0x9d, 0xef, 0xeb, 0x50, 0x0,

    /* U+0064 "d" */
    0x0, 0x0, 0x0, 0x0, 0x0, 0x0, 0x4f, 0xfb,
    0x0, 0x0, 0x0, 0x0, 0x0, 0x0, 0x4f, 0xfb,
    0x0, 0x0, 0x0, 0x0, 0x0, 0x0, 0x4f, 0xfb,
    0x0, 0x0, 0x0, 0x0, 0x0, 0x0, 0x4f, 0xfb,
    0x0, 0x0, 0x0, 0x0, 0x0, 0x0, 0x4f, 0xfb,
    0x0, 0x0, 0x0, 0x0, 0x0, 0x0, 0x4f, 0xfb,
    0x0, 0x0, 0x5a, 0xef, 0xec, 0x60, 0x4f, 0xfb,
    0x0, 0x1b, 0xff, 0xff, 0xff, 0xfd, 0x6f, 0xfb,
    0x0, 0xdf, 0xff, 0xc8, 0x8b, 0xff, 0xff, 0xfb,
    0xa, 0xff, 0xe4, 0x0, 0x0, 0x2e, 0xff, 0xfb,
    0x1f, 0xff, 0x40, 0x0, 0x0, 0x3, 0xff, 0xfb,
    0x7f, 0xfc, 0x0, 0x0, 0x0, 0x0, 0xbf, 0xfb,
    0xaf, 0xf7, 0x0, 0x0, 0x0, 0x0, 0x6f, 0xfb,
    0xcf, 0xf5, 0x0, 0x0, 0x0, 0x0, 0x4f, 0xfb,
    0xcf, 0xf6, 0x0, 0x0, 0x0, 0x0, 0x4f, 0xfb,
    0xaf, 0xf7, 0x0, 0x0, 0x0, 0x0, 0x6f, 0xfb,
    0x7f, 0xfc, 0x0, 0x0, 0x0, 0x0, 0xbf, 0xfb,
    0x1f, 0xff, 0x40, 0x0, 0x0, 0x3, 0xff, 0xfb,
    0xa, 0xff, 0xe4, 0x0, 0x0, 0x2e, 0xff, 0xfb,
    0x0, 0xdf, 0xff, 0xb8, 0x8b, 0xff, 0xef, 0xfc,
    0x0, 0x1b, 0xff, 0xff, 0xff, 0xfd, 0x2e, 0xfc,
    0x0, 0x0, 0x5b, 0xef, 0xec, 0x60, 0xc, 0xfd,

    /* U+0065 "e" */
    0x0, 0x0, 0x4a, 0xdf, 0xfd, 0x93, 0x0, 0x0,
    0x0, 0x1b, 0xff, 0xff, 0xff, 0xff, 0x90, 0x0,
    0x0, 0xdf, 0xff, 0xa8, 0x9c, 0xff, 0xfa, 0x0,
    0xa, 0xff, 0xb1, 0x0, 0x0, 0x5f, 0xff, 0x40,
    0x2f, 0xfe, 0x0, 0x0, 0x0, 0x7, 0xff, 0xb0,
    0x7f, 0xf8, 0x0, 0x0, 0x0, 0x1, 0xff, 0xf0,
    0xaf, 0xff, 0xff, 0xff, 0xff, 0xff, 0xff, 0xf2,
    0xcf, 0xff, 0xff, 0xff, 0xff, 0xff, 0xff, 0xf3,
    0xcf, 0xf7, 0x33, 0x33, 0x33, 0x33, 0x33, 0x30,
    0xaf, 0xf7, 0x0, 0x0, 0x0, 0x0, 0x0, 0x0,
    0x7f, 0xfb, 0x0, 0x0, 0x0, 0x0, 0x0, 0x0,
    0x1f, 0xff, 0x40, 0x0, 0x0, 0x1, 0xd7, 0x0,
    0x9, 0xff, 0xf5, 0x0, 0x0, 0x1c, 0xff, 0x90,
    0x0, 0xcf, 0xff, 0xd9, 0x8a, 0xff, 0xfe, 0x10,
    0x0, 0xa, 0xff, 0xff, 0xff, 0xff, 0xd2, 0x0,
    0x0, 0x0, 0x39, 0xce, 0xfd, 0xb6, 0x0, 0x0,

    /* U+0066 "f" */
    0x0, 0x0, 0x4, 0xbe, 0xfe, 0x80, 0x0, 0x9,
    0xff, 0xff, 0xfb, 0x0, 0x4, 0xff, 0xfd, 0x98,
    0x70, 0x0, 0xbf, 0xf9, 0x0, 0x0, 0x0, 0xf,
    0xff, 0x10, 0x0, 0x0, 0x0, 0xff, 0xf0, 0x0,
    0x0, 0x0, 0x1f, 0xfe, 0x0, 0x0, 0xa, 0xff,
    0xff, 0xff, 0xff, 0xf0, 0xaf, 0xff, 0xff, 0xff,
    0xff, 0x4, 0x66, 0xff, 0xf6, 0x66, 0x60, 0x0,
    0x1f, 0xfe, 0x0, 0x0, 0x0, 0x1, 0xff, 0xe0,
    0x0, 0x0, 0x0, 0x1f, 0xfe, 0x0, 0x0, 0x0,
    0x1, 0xff, 0xe0, 0x0, 0x0, 0x0, 0x1f, 0xfe,
    0x0, 0x0, 0x0, 0x1, 0xff, 0xe0, 0x0, 0x0,
    0x0, 0x1f, 0xfe, 0x0, 0x0, 0x0, 0x1, 0xff,
    0xe0, 0x0, 0x0, 0x0, 0x1f, 0xfe, 0x0, 0x0,
    0x0, 0x1, 0xff, 0xe0, 0x0, 0x0, 0x0, 0x1f,
    0xfe, 0x0, 0x0, 0x0, 0x1, 0xff, 0xe0, 0x0,
    0x0, 0x0, 0x1f, 0xfe, 0x0, 0x0, 0x0,

    /* U+0067 "g" */
    0x0, 0x0, 0x5b, 0xef, 0xeb, 0x60, 0xe, 0xfc,
    0x0, 0x1b, 0xff, 0xff, 0xff, 0xfc, 0x1f, 0xfb,
    0x0, 0xdf, 0xff, 0xa7, 0x69, 0xff, 0xdf, 0xfb,
    0xa, 0xff, 0xe2, 0x0, 0x0, 0x2d, 0xff, 0xfb,
    0x1f, 0xff, 0x30, 0x0, 0x0, 0x2, 0xff, 0xfb,
    0x7f, 0xfc, 0x0, 0x0, 0x0, 0x0, 0xbf, 0xfb,
    0xaf, 0xf7, 0x0, 0x0, 0x0, 0x0, 0x7f, 0xfb,
    0xcf, 0xf6, 0x0, 0x0, 0x0, 0x0, 0x5f, 0xfb,
    0xcf, 0xf5, 0x0, 0x0, 0x0, 0x0, 0x5f, 0xfb,
    0xaf, 0xf7, 0x0, 0x0, 0x0, 0x0, 0x7f, 0xfb,
    0x7f, 0xfc, 0x0, 0x0, 0x0, 0x0, 0xbf, 0xfb,
    0x2f, 0xff, 0x30, 0x0, 0x0, 0x2, 0xff, 0xfb,
    0xa, 0xff, 0xe2, 0x0, 0x0, 0x2d, 0xff, 0xfb,
    0x1, 0xdf, 0xff, 0xa7, 0x69, 0xff, 0xff, 0xfb,
    0x0, 0x1c, 0xff, 0xff, 0xff, 0xfd, 0x6f, 0xfb,
    0x0, 0x0, 0x4a, 0xdf, 0xec, 0x60, 0x5f, 0xfa,
    0x0, 0x0, 0x0, 0x0, 0x0, 0x0, 0x6f, 0xf9,
    0x0, 0x20, 0x0, 0x0, 0x0, 0x0, 0xaf, 0xf6,
    0x3b, 0xf6, 0x0, 0x0, 0x0, 0x2, 0xff, 0xf2,
    0x4f, 0xff, 0x40, 0x0, 0x0, 0x2d, 0xff, 0xa0,
    0x9, 0xff, 0xfb, 0x75, 0x6a, 0xff, 0xfd, 0x10,
    0x0, 0x8f, 0xff, 0xff, 0xff, 0xff, 0xc1, 0x0,
    0x0, 0x2, 0x8c, 0xef, 0xfd, 0x94, 0x0, 0x0,

    /* U+0068 "h" */
    0x3f, 0xfc, 0x0, 0x0, 0x0, 0x0, 0x0, 0x0,
    0x3f, 0xfc, 0x0, 0x0, 0x0, 0x0, 0x0, 0x0,
    0x3f, 0xfc, 0x0, 0x0, 0x0, 0x0, 0x0, 0x0,
    0x3f, 0xfc, 0x0, 0x0, 0x0, 0x0, 0x0, 0x0,
    0x3f, 0xfc, 0x0, 0x0, 0x0, 0x0, 0x0, 0x0,
    0x3f, 0xfc, 0x0, 0x0, 0x0, 0x0, 0x0, 0x0,
    0x3f, 0xfc, 0x2, 0x8d, 0xff, 0xea, 0x30, 0x0,
    0x3f, 0xfc, 0x5f, 0xff, 0xff, 0xff, 0xf8, 0x0,
    0x3f, 0xfe, 0xff, 0xea, 0x8a, 0xef, 0xff, 0x60,
    0x3f, 0xff, 0xf7, 0x0, 0x0, 0x1b, 0xff, 0xd0,
    0x3f, 0xff, 0x80, 0x0, 0x0, 0x1, 0xff, 0xf2,
    0x3f, 0xff, 0x10, 0x0, 0x0, 0x0, 0xdf, 0xf4,
    0x3f, 0xfd, 0x0, 0x0, 0x0, 0x0, 0xbf, 0xf4,
    0x3f, 0xfc, 0x0, 0x0, 0x0, 0x0, 0xbf, 0xf4,
    0x3f, 0xfc, 0x0, 0x0, 0x0, 0x0, 0xbf, 0xf4,
    0x3f, 0xfc, 0x0, 0x0, 0x0, 0x0, 0xbf, 0xf4,
    0x3f, 0xfc, 0x0, 0x0, 0x0, 0x0, 0xbf, 0xf4,
    0x3f, 0xfc, 0x0, 0x0, 0x0, 0x0, 0xbf, 0xf4,
    0x3f, 0xfc, 0x0, 0x0, 0x0, 0x0, 0xbf, 0xf4,
    0x3f, 0xfc, 0x0, 0x0, 0x0, 0x0, 0xbf, 0xf4,
    0x3f, 0xfc, 0x0, 0x0, 0x0, 0x0, 0xbf, 0xf4,
    0x3f, 0xfc, 0x0, 0x0, 0x0, 0x0, 0xbf, 0xf4,

    /* U+0069 "i" */
    0xa, 0xfc, 0x14, 0xff, 0xf7, 0x3f, 0xff, 0x60,
    0x7c, 0x90, 0x0, 0x0, 0x0, 0xef, 0xf1, 0xe,
    0xff, 0x10, 0xef, 0xf1, 0xe, 0xff, 0x10, 0xef,
    0xf1, 0xe, 0xff, 0x10, 0xef, 0xf1, 0xe, 0xff,
    0x10, 0xef, 0xf1, 0xe, 0xff, 0x10, 0xef, 0xf1,
    0xe, 0xff, 0x10, 0xef, 0xf1, 0xe, 0xff, 0x10,
    0xef, 0xf1, 0xe, 0xff, 0x10,

    /* U+006A "j" */
    0x0, 0x0, 0xa, 0xfc, 0x10, 0x0, 0x3, 0xff,
    0xf8, 0x0, 0x0, 0x2f, 0xff, 0x70, 0x0, 0x0,
    0x7c, 0x90, 0x0, 0x0, 0x0, 0x0, 0x0, 0x0,
    0x0, 0xef, 0xf2, 0x0, 0x0, 0xe, 0xff, 0x20,
    0x0, 0x0, 0xef, 0xf2, 0x0, 0x0, 0xe, 0xff,
    0x20, 0x0, 0x0, 0xef, 0xf2, 0x0, 0x0, 0xe,
    0xff, 0x20, 0x0, 0x0, 0xef, 0xf2, 0x0, 0x0,
    0xe, 0xff, 0x20, 0x0, 0x0, 0xef, 0xf2, 0x0,
    0x0, 0xe, 0xff, 0x20, 0x0, 0x0, 0xef, 0xf2,
    0x0, 0x0, 0xe, 0xff, 0x20, 0x0, 0x0, 0xef,
    0xf2, 0x0, 0x0, 0xe, 0xff, 0x20, 0x0, 0x0,
    0xef, 0xf2, 0x0, 0x0, 0xe, 0xff, 0x20, 0x0,
    0x0, 0xef, 0xf2, 0x0, 0x0, 0xe, 0xff, 0x10,
    0x0, 0x0, 0xff, 0xf0, 0x0, 0x0, 0x6f, 0xfd,
    0x0, 0x88, 0xbf, 0xff, 0x70, 0xf, 0xff, 0xff,
    0xc0, 0x0, 0xdf, 0xfc, 0x70, 0x0,

    /* U+006B "k" */
    0x3f, 0xfc, 0x0, 0x0, 0x0, 0x0, 0x0, 0x3,
    0xff, 0xc0, 0x0, 0x0, 0x0, 0x0, 0x0, 0x3f,
    0xfc, 0x0, 0x0, 0x0, 0x0, 0x0, 0x3, 0xff,
    0xc0, 0x0, 0x0, 0x0, 0x0, 0x0, 0x3f, 0xfc,
    0x0, 0x0, 0x0, 0x0, 0x0, 0x3, 0xff, 0xc0,
    0x0, 0x0, 0x0, 0x0, 0x0, 0x3f, 0xfc, 0x0,
    0x0, 0x2, 0xef, 0xfa, 0x3, 0xff, 0xc0, 0x0,
    0x1, 0xdf, 0xfa, 0x0, 0x3f, 0xfc, 0x0, 0x1,
    0xdf, 0xfb, 0x0, 0x3, 0xff, 0xc0, 0x1, 0xcf,
    0xfb, 0x0, 0x0, 0x3f, 0xfc, 0x0, 0xcf, 0xfb,
    0x0, 0x0, 0x3, 0xff, 0xc0, 0xbf, 0xfc, 0x0,
    0x0, 0x0, 0x3f, 0xfc, 0xbf, 0xfc, 0x0, 0x0,
    0x0, 0x3, 0xff, 0xff, 0xff, 0x20, 0x0, 0x0,
    0x0, 0x3f, 0xfd, 0xdf, 0xfd, 0x10, 0x0, 0x0,
    0x3, 0xff, 0xc2, 0xef, 0xfc, 0x0, 0x0, 0x0,
    0x3f, 0xfc, 0x3, 0xff, 0xfb, 0x0, 0x0, 0x3,
    0xff, 0xc0, 0x4, 0xff, 0xfa, 0x0, 0x0, 0x3f,
    0xfc, 0x0, 0x5, 0xff, 0xf8, 0x0, 0x3, 0xff,
    0xc0, 0x0, 0x7, 0xff, 0xf7, 0x0, 0x3f, 0xfc,
    0x0, 0x0, 0x9, 0xff, 0xf6, 0x3, 0xff, 0xc0,
    0x0, 0x0, 0xa, 0xff, 0xf4,

    /* U+006C "l" */
    0x3f, 0xfb, 0x3f, 0xfb, 0x3f, 0xfb, 0x3f, 0xfb,
    0x3f, 0xfb, 0x3f, 0xfb, 0x3f, 0xfb, 0x3f, 0xfb,
    0x3f, 0xfb, 0x3f, 0xfb, 0x3f, 0xfb, 0x3f, 0xfb,
    0x3f, 0xfb, 0x3f, 0xfb, 0x3f, 0xfb, 0x3f, 0xfb,
    0x3f, 0xfb, 0x3f, 0xfb, 0x3f, 0xfb, 0x3f, 0xfb,
    0x3f, 0xfb, 0x3f, 0xfb,

    /* U+006D "m" */
    0x2b, 0xb4, 0x3, 0xae, 0xfe, 0xc6, 0x0, 0x2,
    0x8d, 0xff, 0xd8, 0x10, 0x2, 0xff, 0x77, 0xff,
    0xff, 0xff, 0xfa, 0x5, 0xff, 0xff, 0xff, 0xfe,
    0x20, 0x2f, 0xfd, 0xff, 0xb8, 0x9d, 0xff, 0xf9,
    0xff, 0xd8, 0x8b, 0xff, 0xfc, 0x2, 0xff, 0xfe,
    0x30, 0x0, 0xa, 0xff, 0xff, 0x70, 0x0, 0x5,
    0xff, 0xf2, 0x1f, 0xff, 0x60, 0x0, 0x0, 0x1f,
    0xff, 0xb0, 0x0, 0x0, 0xc, 0xff, 0x51, 0xff,
    0xf0, 0x0, 0x0, 0x0, 0xef, 0xf5, 0x0, 0x0,
    0x0, 0x9f, 0xf7, 0x1f, 0xfd, 0x0, 0x0, 0x0,
    0xe, 0xff, 0x30, 0x0, 0x0, 0x9, 0xff, 0x71,
    0xff, 0xd0, 0x0, 0x0, 0x0, 0xef, 0xf2, 0x0,
    0x0, 0x0, 0x9f, 0xf7, 0x1f, 0xfd, 0x0, 0x0,
    0x0, 0xe, 0xff, 0x20, 0x0, 0x0, 0x9, 0xff,
    0x71, 0xff, 0xd0, 0x0, 0x0, 0x0, 0xef, 0xf2,
    0x0, 0x0, 0x0, 0x9f, 0xf7, 0x1f, 0xfd, 0x0,
    0x0, 0x0, 0xe, 0xff, 0x20, 0x0, 0x0, 0x9,
    0xff, 0x71, 0xff, 0xd0, 0x0, 0x0, 0x0, 0xef,
    0xf2, 0x0, 0x0, 0x0, 0x9f, 0xf7, 0x1f, 0xfd,
    0x0, 0x0, 0x0, 0xe, 0xff, 0x20, 0x0, 0x0,
    0x9, 0xff, 0x71, 0xff, 0xd0, 0x0, 0x0, 0x0,
    0xef, 0xf2, 0x0, 0x0, 0x0, 0x9f, 0xf7, 0x1f,
    0xfd, 0x0, 0x0, 0x0, 0xe, 0xff, 0x20, 0x0,
    0x0, 0x9, 0xff, 0x71, 0xff, 0xd0, 0x0, 0x0,
    0x0, 0xef, 0xf2, 0x0, 0x0, 0x0, 0x9f, 0xf7,

    /* U+006E "n" */
    0x3f, 0xf7, 0x1, 0x7c, 0xef, 0xea, 0x40, 0x0,
    0x2f, 0xf8, 0x4e, 0xff, 0xff, 0xff, 0xf9, 0x0,
    0x2f, 0xfb, 0xff, 0xea, 0x8a, 0xef, 0xff, 0x70,
    0x2f, 0xff, 0xf8, 0x0, 0x0, 0xa, 0xff, 0xe0,
    0x2f, 0xff, 0xa0, 0x0, 0x0, 0x0, 0xef, 0xf3,
    0x2f, 0xff, 0x20, 0x0, 0x0, 0x0, 0xbf, 0xf5,
    0x2f, 0xfe, 0x0, 0x0, 0x0, 0x0, 0xaf, 0xf5,
    0x2f, 0xfd, 0x0, 0x0, 0x0, 0x0, 0xaf, 0xf6,
    0x2f, 0xfd, 0x0, 0x0, 0x0, 0x0, 0xaf, 0xf6,
    0x2f, 0xfd, 0x0, 0x0, 0x0, 0x0, 0xaf, 0xf6,
    0x2f, 0xfd, 0x0, 0x0, 0x0, 0x0, 0xaf, 0xf6,
    0x2f, 0xfd, 0x0, 0x0, 0x0, 0x0, 0xaf, 0xf6,
    0x2f, 0xfd, 0x0, 0x0, 0x0, 0x0, 0xaf, 0xf6,
    0x2f, 0xfd, 0x0, 0x0, 0x0, 0x0, 0xaf, 0xf6,
    0x2f, 0xfd, 0x0, 0x0, 0x0, 0x0, 0xaf, 0xf6,
    0x2f, 0xfd, 0x0, 0x0, 0x0, 0x0, 0xaf, 0xf6,

    /* U+006F "o" */
    0x0, 0x0, 0x39, 0xdf, 0xfd, 0xa4, 0x0, 0x0,
    0x0, 0xa, 0xff, 0xff, 0xff, 0xff, 0xa0, 0x0,
    0x0, 0xcf, 0xff, 0xb8, 0x8b, 0xff, 0xfc, 0x0,
    0x9, 0xff, 0xe3, 0x0, 0x0, 0x3e, 0xff, 0x90,
    0x1f, 0xff, 0x30, 0x0, 0x0, 0x3, 0xff, 0xf2,
    0x7f, 0xfb, 0x0, 0x0, 0x0, 0x0, 0xbf, 0xf8,
    0xaf, 0xf7, 0x0, 0x0, 0x0, 0x0, 0x7f, 0xfb,
    0xcf, 0xf5, 0x0, 0x0, 0x0, 0x0, 0x5f, 0xfd,
    0xcf, 0xf5, 0x0, 0x0, 0x0, 0x0, 0x5f, 0xfd,
    0xaf, 0xf7, 0x0, 0x0, 0x0, 0x0, 0x7f, 0xfb,
    0x7f, 0xfc, 0x0, 0x0, 0x0, 0x0, 0xbf, 0xf8,
    0x1f, 0xff, 0x40, 0x0, 0x0, 0x4, 0xff, 0xf2,
    0x9, 0xff, 0xe3, 0x0, 0x0, 0x3e, 0xff, 0x90,
    0x0, 0xcf, 0xff, 0xc8, 0x8c, 0xff, 0xfc, 0x0,
    0x0, 0xa, 0xff, 0xff, 0xff, 0xff, 0xa0, 0x0,
    0x0, 0x0, 0x3a, 0xdf, 0xfd, 0xa4, 0x0, 0x0,

    /* U+0070 "p" */
    0x2a, 0xa4, 0x2, 0x9d, 0xff, 0xd8, 0x20, 0x0,
    0x3, 0xff, 0x76, 0xff, 0xff, 0xff, 0xff, 0x60,
    0x0, 0x2f, 0xfd, 0xff, 0xe9, 0x89, 0xef, 0xff,
    0x80, 0x2, 0xff, 0xff, 0x90, 0x0, 0x0, 0x8f,
    0xff, 0x30, 0x2f, 0xff, 0xb0, 0x0, 0x0, 0x0,
    0xaf, 0xfb, 0x2, 0xff, 0xf4, 0x0, 0x0, 0x0,
    0x2, 0xff, 0xf1, 0x2f, 0xff, 0x0, 0x0, 0x0,
    0x0, 0xe, 0xff, 0x42, 0xff, 0xe0, 0x0, 0x0,
    0x0, 0x0, 0xcf, 0xf6, 0x2f, 0xfe, 0x0, 0x0,
    0x0, 0x0, 0xc, 0xff, 0x62, 0xff, 0xf0, 0x0,
    0x0, 0x0, 0x0, 0xef, 0xf4, 0x2f, 0xff, 0x40,
    0x0, 0x0, 0x0, 0x3f, 0xff, 0x12, 0xff, 0xfc,
    0x0, 0x0, 0x0, 0xb, 0xff, 0xb0, 0x2f, 0xff,
    0xfa, 0x0, 0x0, 0x9, 0xff, 0xf3, 0x2, 0xff,
    0xff, 0xfe, 0xa8, 0x9e, 0xff, 0xf7, 0x0, 0x2f,
    0xfd, 0x6f, 0xff, 0xff, 0xff, 0xf6, 0x0, 0x2,
    0xff, 0xd0, 0x29, 0xdf, 0xfd, 0x82, 0x0, 0x0,
    0x2f, 0xfd, 0x0, 0x0, 0x0, 0x0, 0x0, 0x0,
    0x2, 0xff, 0xd0, 0x0, 0x0, 0x0, 0x0, 0x0,
    0x0, 0x2f, 0xfd, 0x0, 0x0, 0x0, 0x0, 0x0,
    0x0, 0x2, 0xff, 0xd0, 0x0, 0x0, 0x0, 0x0,
    0x0, 0x0, 0x2f, 0xfd, 0x0, 0x0, 0x0, 0x0,
    0x0, 0x0, 0x2, 0xff, 0xd0, 0x0, 0x0, 0x0,
    0x0, 0x0, 0x0, 0x2f, 0xfd, 0x0, 0x0, 0x0,
    0x0, 0x0, 0x0, 0x0,

    /* U+0071 "q" */
    0x0, 0x0, 0x5a, 0xef, 0xec, 0x60, 0xc, 0xfd,
    0x0, 0x1b, 0xff, 0xff, 0xff, 0xfd, 0x2e, 0xfc,
    0x0, 0xdf, 0xff, 0xc8, 0x8b, 0xff, 0xef, 0xfc,
    0xa, 0xff, 0xe4, 0x0, 0x0, 0x2e, 0xff, 0xfb,
    0x1f, 0xff, 0x40, 0x0, 0x0, 0x3, 0xff, 0xfb,
    0x7f, 0xfc, 0x0, 0x0, 0x0, 0x0, 0xbf, 0xfb,
    0xaf, 0xf7, 0x0, 0x0, 0x0, 0x0, 0x6f, 0xfb,
    0xcf, 0xf6, 0x0, 0x0, 0x0, 0x0, 0x4f, 0xfb,
    0xcf, 0xf5, 0x0, 0x0, 0x0, 0x0, 0x4f, 0xfb,
    0xaf, 0xf7, 0x0, 0x0, 0x0, 0x0, 0x6f, 0xfb,
    0x7f, 0xfc, 0x0, 0x0, 0x0, 0x0, 0xbf, 0xfb,
    0x1f, 0xff, 0x40, 0x0, 0x0, 0x3, 0xff, 0xfb,
    0xa, 0xff, 0xf4, 0x0, 0x0, 0x3e, 0xff, 0xfb,
    0x0, 0xdf, 0xff, 0xc9, 0x8b, 0xff, 0xff, 0xfb,
    0x0, 0x1b, 0xff, 0xff, 0xff, 0xfd, 0x6f, 0xfb,
    0x0, 0x0, 0x5b, 0xef, 0xec, 0x60, 0x4f, 0xfb,
    0x0, 0x0, 0x0, 0x0, 0x0, 0x0, 0x4f, 0xfb,
    0x0, 0x0, 0x0, 0x0, 0x0, 0x0, 0x4f, 0xfb,
    0x0, 0x0, 0x0, 0x0, 0x0, 0x0, 0x4f, 0xfb,
    0x0, 0x0, 0x0, 0x0, 0x0, 0x0, 0x4f, 0xfb,
    0x0, 0x0, 0x0, 0x0, 0x0, 0x0, 0x4f, 0xfb,
    0x0, 0x0, 0x0, 0x0, 0x0, 0x0, 0x4f, 0xfb,
    0x0, 0x0, 0x0, 0x0, 0x0, 0x0, 0x4f, 0xfb,

    /* U+0072 "r" */
    0x2b, 0xb4, 0x2, 0x9d, 0xf6, 0x2f, 0xf6, 0x5f,
    0xff, 0xf7, 0x2f, 0xf9, 0xff, 0xfc, 0xa4, 0x2f,
    0xff, 0xf9, 0x10, 0x0, 0x1f, 0xff, 0xa0, 0x0,
    0x0, 0x1f, 0xff, 0x20, 0x0, 0x0, 0x1f, 0xfe,
    0x0, 0x0, 0x0, 0x1f, 0xfd, 0x0, 0x0, 0x0,
    0x1f, 0xfd, 0x0, 0x0, 0x0, 0x1f, 0xfd, 0x0,
    0x0, 0x0, 0x1f, 0xfd, 0x0, 0x0, 0x0, 0x1f,
    0xfd, 0x0, 0x0, 0x0, 0x1f, 0xfd, 0x0, 0x0,
    0x0, 0x1f, 0xfd, 0x0, 0x0, 0x0, 0x1f, 0xfd,
    0x0, 0x0, 0x0, 0x1f, 0xfd, 0x0, 0x0, 0x0,

    /* U+0073 "s" */
    0x0, 0x2, 0x8d, 0xff, 0xdb, 0x50, 0x0, 0x0,
    0x7f, 0xff, 0xff, 0xff, 0xfd, 0x20, 0x4, 0xff,
    0xfc, 0x87, 0x9e, 0xff, 0xd0, 0xb, 0xff, 0x80,
    0x0, 0x0, 0xbf, 0xa1, 0xd, 0xff, 0x30, 0x0,
    0x0, 0x2, 0x0, 0xb, 0xff, 0x90, 0x0, 0x0,
    0x0, 0x0, 0x4, 0xff, 0xfe, 0x95, 0x20, 0x0,
    0x0, 0x0, 0x5e, 0xff, 0xff, 0xfe, 0xa3, 0x0,
    0x0, 0x0, 0x48, 0xbf, 0xff, 0xff, 0x80, 0x0,
    0x0, 0x0, 0x0, 0x4a, 0xff, 0xf4, 0x0, 0x0,
    0x0, 0x0, 0x0, 0x9f, 0xf9, 0x4, 0xa1, 0x0,
    0x0, 0x0, 0x6f, 0xfa, 0x5f, 0xfc, 0x10, 0x0,
    0x0, 0xcf, 0xf7, 0xc, 0xff, 0xfb, 0x88, 0x9e,
    0xff, 0xe1, 0x1, 0xbf, 0xff, 0xff, 0xff, 0xfe,
    0x30, 0x0, 0x3, 0x9d, 0xef, 0xeb, 0x70, 0x0,

    /* U+0074 "t" */
    0x0, 0x8, 0x87, 0x0, 0x0, 0x0, 0x1, 0xff,
    0xe0, 0x0, 0x0, 0x0, 0x1f, 0xfe, 0x0, 0x0,
    0x0, 0x1, 0xff, 0xe0, 0x0, 0x0, 0x0, 0x1f,
    0xfe, 0x0, 0x0, 0xe, 0xff, 0xff, 0xff, 0xff,
    0xf1, 0xef, 0xff, 0xff, 0xff, 0xff, 0x15, 0x67,
    0xff, 0xf6, 0x66, 0x60, 0x0, 0x1f, 0xfe, 0x0,
    0x0, 0x0, 0x1, 0xff, 0xe0, 0x0, 0x0, 0x0,
    0x1f, 0xfe, 0x0, 0x0, 0x0, 0x1, 0xff, 0xe0,
    0x0, 0x0, 0x0, 0x1f, 0xfe, 0x0, 0x0, 0x0,
    0x1, 0xff, 0xe0, 0x0, 0x0, 0x0, 0x1f, 0xfe,
    0x0, 0x0, 0x0, 0x1, 0xff, 0xe0, 0x0, 0x0,
    0x0, 0x1f, 0xff, 0x0, 0x0, 0x0, 0x0, 0xff,
    0xf6, 0x0, 0x0, 0x0, 0xa, 0xff, 0xfb, 0x89,
    0x0, 0x0, 0x1d, 0xff, 0xff, 0xf1, 0x0, 0x0,
    0x18, 0xdf, 0xfd, 0x0,

    /* U+0075 "u" */
    0x3f, 0xfc, 0x0, 0x0, 0x0, 0x0, 0xbf, 0xf4,
    0x3f, 0xfc, 0x0, 0x0, 0x0, 0x0, 0xbf, 0xf4,
    0x3f, 0xfc, 0x0, 0x0, 0x0, 0x0, 0xbf, 0xf4,
    0x3f, 0xfc, 0x0, 0x0, 0x0, 0x0, 0xbf, 0xf4,
    0x3f, 0xfc, 0x0, 0x0, 0x0, 0x0, 0xbf, 0xf4,
    0x3f, 0xfc, 0x0, 0x0, 0x0, 0x0, 0xbf, 0xf4,
    0x3f, 0xfc, 0x0, 0x0, 0x0, 0x0, 0xbf, 0xf4,
    0x3f, 0xfc, 0x0, 0x0, 0x0, 0x0, 0xbf, 0xf4,
    0x3f, 0xfc, 0x0, 0x0, 0x0, 0x0, 0xbf, 0xf4,
    0x3f, 0xfc, 0x0, 0x0, 0x0, 0x0, 0xcf, 0xf4,
    0x3f, 0xfe, 0x0, 0x0, 0x0, 0x0, 0xff, 0xf4,
    0x1f, 0xff, 0x20, 0x0, 0x0, 0x8, 0xff, 0xf4,
    0xc, 0xff, 0xc1, 0x0, 0x0, 0x7f, 0xff, 0xf4,
    0x5, 0xff, 0xfe, 0xb9, 0xae, 0xff, 0xbf, 0xf4,
    0x0, 0x7f, 0xff, 0xff, 0xff, 0xf6, 0x5f, 0xf5,
    0x0, 0x3, 0xad, 0xff, 0xd8, 0x20, 0x4f, 0xf6,

    /* U+0076 "v" */
    0x8f, 0xfd, 0x0, 0x0, 0x0, 0x0, 0xd, 0xff,
    0x51, 0xff, 0xf4, 0x0, 0x0, 0x0, 0x3, 0xff,
    0xe0, 0xb, 0xff, 0xa0, 0x0, 0x0, 0x0, 0x9f,
    0xf8, 0x0, 0x4f, 0xff, 0x0, 0x0, 0x0, 0xe,
    0xff, 0x20, 0x0, 0xef, 0xf6, 0x0, 0x0, 0x5,
    0xff, 0xb0, 0x0, 0x7, 0xff, 0xc0, 0x0, 0x0,
    0xbf, 0xf5, 0x0, 0x0, 0x1f, 0xff, 0x20, 0x0,
    0x1f, 0xfe, 0x0, 0x0, 0x0, 0xaf, 0xf8, 0x0,
    0x7, 0xff, 0x80, 0x0, 0x0, 0x4, 0xff, 0xd0,
    0x0, 0xcf, 0xf2, 0x0, 0x0, 0x0, 0xd, 0xff,
    0x40, 0x2f, 0xfc, 0x0, 0x0, 0x0, 0x0, 0x7f,
    0xfa, 0x8, 0xff, 0x50, 0x0, 0x0, 0x0, 0x1,
    0xff, 0xf1, 0xef, 0xe0, 0x0, 0x0, 0x0, 0x0,
    0xa, 0xff, 0xaf, 0xf8, 0x0, 0x0, 0x0, 0x0,
    0x0, 0x4f, 0xff, 0xff, 0x20, 0x0, 0x0, 0x0,
    0x0, 0x0, 0xdf, 0xff, 0xc0, 0x0, 0x0, 0x0,
    0x0, 0x0, 0x7, 0xff, 0xf5, 0x0, 0x0, 0x0,

    /* U+0077 "w" */
    0x3f, 0xfe, 0x0, 0x0, 0x0, 0xe, 0xff, 0xa0,
    0x0, 0x0, 0x2, 0xff, 0xc0, 0xef, 0xf2, 0x0,
    0x0, 0x3, 0xff, 0xff, 0x0, 0x0, 0x0, 0x6f,
    0xf7, 0x9, 0xff, 0x70, 0x0, 0x0, 0x8f, 0xff,
    0xf5, 0x0, 0x0, 0xb, 0xff, 0x30, 0x4f, 0xfb,
    0x0, 0x0, 0xd, 0xff, 0xff, 0xa0, 0x0, 0x0,
    0xff, 0xe0, 0x0, 0xff, 0xf0, 0x0, 0x2, 0xff,
    0x7e, 0xff, 0x0, 0x0, 0x3f, 0xf9, 0x0, 0xb,
    0xff, 0x40, 0x0, 0x7f, 0xf2, 0x9f, 0xf4, 0x0,
    0x8, 0xff, 0x40, 0x0, 0x6f, 0xf8, 0x0, 0xd,
    0xfd, 0x4, 0xff, 0x90, 0x0, 0xcf, 0xf0, 0x0,
    0x1, 0xff, 0xd0, 0x2, 0xff, 0x80, 0xf, 0xfe,
    0x0, 0x1f, 0xfa, 0x0, 0x0, 0xc, 0xff, 0x10,
    0x7f, 0xf3, 0x0, 0xaf, 0xf3, 0x5, 0xff, 0x50,
    0x0, 0x0, 0x7f, 0xf5, 0xc, 0xfe, 0x0, 0x5,
    0xff, 0x90, 0x9f, 0xf1, 0x0, 0x0, 0x3, 0xff,
    0xa1, 0xff, 0x90, 0x0, 0xf, 0xfe, 0xd, 0xfc,
    0x0, 0x0, 0x0, 0xe, 0xfe, 0x6f, 0xf3, 0x0,
    0x0, 0xaf, 0xf5, 0xff, 0x70, 0x0, 0x0, 0x0,
    0x9f, 0xfe, 0xfe, 0x0, 0x0, 0x5, 0xff, 0xef,
    0xf2, 0x0, 0x0, 0x0, 0x4, 0xff, 0xff, 0x90,
    0x0, 0x0, 0xf, 0xff, 0xfd, 0x0, 0x0, 0x0,
    0x0, 0xf, 0xff, 0xf4, 0x0, 0x0, 0x0, 0xbf,
    0xff, 0x80, 0x0, 0x0, 0x0, 0x0, 0xbf, 0xff,
    0x0, 0x0, 0x0, 0x6, 0xff, 0xf3, 0x0, 0x0,

    /* U+0078 "x" */
    0x4f, 0xff, 0x40, 0x0, 0x0, 0x4, 0xff, 0xd0,
    0x8, 0xff, 0xe0, 0x0, 0x0, 0x1e, 0xff, 0x30,
    0x0, 0xcf, 0xf9, 0x0, 0x0, 0xbf, 0xf7, 0x0,
    0x0, 0x2f, 0xff, 0x40, 0x6, 0xff, 0xb0, 0x0,
    0x0, 0x6, 0xff, 0xe1, 0x2f, 0xfe, 0x10, 0x0,
    0x0, 0x0, 0xaf, 0xfa, 0xcf, 0xf5, 0x0, 0x0,
    0x0, 0x0, 0xe, 0xff, 0xff, 0x90, 0x0, 0x0,
    0x0, 0x0, 0x3, 0xff, 0xfd, 0x0, 0x0, 0x0,
    0x0, 0x0, 0x5, 0xff, 0xff, 0x20, 0x0, 0x0,
    0x0, 0x0, 0x1e, 0xff, 0xff, 0xc0, 0x0, 0x0,
    0x0, 0x0, 0xcf, 0xf7, 0xdf, 0xf8, 0x0, 0x0,
    0x0, 0x8, 0xff, 0xb0, 0x3f, 0xff, 0x40, 0x0,
    0x0, 0x3f, 0xfe, 0x10, 0x7, 0xff, 0xe1, 0x0,
    0x1, 0xef, 0xf5, 0x0, 0x0, 0xcf, 0xfb, 0x0,
    0xa, 0xff, 0xa0, 0x0, 0x0, 0x1f, 0xff, 0x60,
    0x6f, 0xfe, 0x10, 0x0, 0x0, 0x5, 0xff, 0xf2,

    /* U+0079 "y" */
    0x8f, 0xfd, 0x0, 0x0, 0x0, 0x0, 0xd, 0xff,
    0x51, 0xff, 0xf3, 0x0, 0x0, 0x0, 0x3, 0xff,
    0xe0, 0xb, 0xff, 0x90, 0x0, 0x0, 0x0, 0x9f,
    0xf8, 0x0, 0x5f, 0xff, 0x0, 0x0, 0x0, 0xe,
    0xff, 0x10, 0x0, 0xef, 0xf5, 0x0, 0x0, 0x5,
    0xff, 0xb0, 0x0, 0x8, 0xff, 0xb0, 0x0, 0x0,
    0xbf, 0xf4, 0x0, 0x0, 0x2f, 0xff, 0x10, 0x0,
    0x1f, 0xfd, 0x0, 0x0, 0x0, 0xcf, 0xf7, 0x0,
    0x7, 0xff, 0x70, 0x0, 0x0, 0x5, 0xff, 0xd0,
    0x0, 0xdf, 0xf1, 0x0, 0x0, 0x0, 0xe, 0xff,
    0x30, 0x3f, 0xfa, 0x0, 0x0, 0x0, 0x0, 0x9f,
    0xf9, 0x9, 0xff, 0x30, 0x0, 0x0, 0x0, 0x2,
    0xff, 0xf1, 0xff, 0xd0, 0x0, 0x0, 0x0, 0x0,
    0xc, 0xff, 0xbf, 0xf6, 0x0, 0x0, 0x0, 0x0,
    0x0, 0x6f, 0xff, 0xff, 0x0, 0x0, 0x0, 0x0,
    0x0, 0x0, 0xff, 0xff, 0x90, 0x0, 0x0, 0x0,
    0x0, 0x0, 0x9, 0xff, 0xf3, 0x0, 0x0, 0x0,
    0x0, 0x0, 0x0, 0x4f, 0xfc, 0x0, 0x0, 0x0,
    0x0, 0x0, 0x0, 0x9, 0xff, 0x60, 0x0, 0x0,
    0x0, 0x0, 0x0, 0x1, 0xff, 0xf0, 0x0, 0x0,
    0x0, 0x0, 0x0, 0x0, 0x8f, 0xf9, 0x0, 0x0,
    0x0, 0x0, 0x0, 0x0, 0xe, 0xff, 0x20, 0x0,
    0x0, 0x0, 0x0, 0x0, 0x7, 0xff, 0xc0, 0x0,
    0x0, 0x0, 0x0, 0x0, 0x0, 0xef, 0xf5, 0x0,
    0x0, 0x0, 0x0, 0x0,

    /* U+007A "z" */
    0xaf, 0xff, 0xff, 0xff, 0xff, 0xff, 0xf7, 0xaf,
    0xff, 0xff, 0xff, 0xff, 0xff, 0xf7, 0x36, 0x66,
    0x66, 0x66, 0x6c, 0xff, 0xd1, 0x0, 0x0, 0x0,
    0x0, 0x5f, 0xff, 0x20, 0x0, 0x0, 0x0, 0x2,
    0xff, 0xf5, 0x0, 0x0, 0x0, 0x0, 0x1d, 0xff,
    0x80, 0x0, 0x0, 0x0, 0x0, 0xbf, 0xfb, 0x0,
    0x0, 0x0, 0x0, 0x9, 0xff, 0xd0, 0x0, 0x0,
    0x0, 0x0, 0x5f, 0xfe, 0x20, 0x0, 0x0, 0x0,
    0x3, 0xff, 0xf4, 0x0, 0x0, 0x0, 0x0, 0x1e,
    0xff, 0x70, 0x0, 0x0, 0x0, 0x0, 0xcf, 0xfa,
    0x0, 0x0, 0x0, 0x0, 0x9, 0xff, 0xc0, 0x0,
    0x0, 0x0, 0x0, 0x7f, 0xff, 0x75, 0x55, 0x55,
    0x55, 0x53, 0xff, 0xff, 0xff, 0xff, 0xff, 0xff,
    0xfa, 0xff, 0xff, 0xff, 0xff, 0xff, 0xff, 0xfa,

    /* U+007B "{" */
    0x0, 0x0, 0x18, 0xdf, 0xfb, 0x0, 0x2, 0xef,
    0xff, 0xfb, 0x0, 0xb, 0xff, 0xff, 0xfa, 0x0,
    0xf, 0xff, 0xb1, 0x0, 0x0, 0xf, 0xff, 0x30,
    0x0, 0x0, 0xe, 0xff, 0x20, 0x0, 0x0, 0xa,
    0xff, 0x60, 0x0, 0x0, 0x3, 0xff, 0xd0, 0x0,
    0x0, 0x0, 0xef, 0xf3, 0x0, 0x0, 0x0, 0xbf,
    0xf6, 0x0, 0x0, 0x0, 0xcf, 0xf7, 0x0, 0x0,
    0x17, 0xff, 0xf4, 0x0, 0xf, 0xff, 0xff, 0xa0,
    0x0, 0xf, 0xff, 0xf9, 0x0, 0x0, 0xf, 0xff,
    0xff, 0xa0, 0x0, 0x0, 0x6, 0xff, 0xf4, 0x0,
    0x0, 0x0, 0xcf, 0xf7, 0x0, 0x0, 0x0, 0xbf,
    0xf6, 0x0, 0x0, 0x0, 0xef, 0xf3, 0x0, 0x0,
    0x4, 0xff, 0xd0, 0x0, 0x0, 0xa, 0xff, 0x60,
    0x0, 0x0, 0xe, 0xff, 0x20, 0x0, 0x0, 0xf,
    0xff, 0x30, 0x0, 0x0, 0xf, 0xff, 0xb1, 0x0,
    0x0, 0xb, 0xff, 0xff, 0xfa, 0x0, 0x2, 0xef,
    0xff, 0xfb, 0x0, 0x0, 0x18, 0xdf, 0xfb,

    /* U+007C "|" */
    0x7f, 0xf7, 0x7f, 0xf7, 0x7f, 0xf7, 0x7f, 0xf7,
    0x7f, 0xf7, 0x7f, 0xf7, 0x7f, 0xf7, 0x7f, 0xf7,
    0x7f, 0xf7, 0x7f, 0xf7, 0x7f, 0xf7, 0x7f, 0xf7,
    0x7f, 0xf7, 0x7f, 0xf7, 0x7f, 0xf7, 0x7f, 0xf7,
    0x7f, 0xf7, 0x7f, 0xf7, 0x7f, 0xf7, 0x7f, 0xf7,
    0x7f, 0xf7, 0x7f, 0xf7, 0x7f, 0xf7, 0x7f, 0xf7,
    0x7f, 0xf7, 0x7f, 0xf7, 0x7f, 0xf7, 0x7f, 0xf7,

    /* U+007D "}" */
    0x3f, 0xff, 0xb4, 0x0, 0x0, 0x3f, 0xff, 0xff,
    0x80, 0x0, 0x2f, 0xff, 0xff, 0xf3, 0x0, 0x0,
    0x5, 0xff, 0xf7, 0x0, 0x0, 0x0, 0xbf, 0xf8,
    0x0, 0x0, 0x0, 0xaf, 0xf6, 0x0, 0x0, 0x0,
    0xef, 0xf1, 0x0, 0x0, 0x5, 0xff, 0xb0, 0x0,
    0x0, 0xb, 0xff, 0x50, 0x0, 0x0, 0xf, 0xff,
    0x30, 0x0, 0x0, 0xf, 0xff, 0x40, 0x0, 0x0,
    0xc, 0xff, 0xd3, 0x0, 0x0, 0x3, 0xef, 0xff,
    0xf8, 0x0, 0x0, 0x3e, 0xff, 0xf8, 0x0, 0x3,
    0xff, 0xff, 0xf7, 0x0, 0xc, 0xff, 0xc2, 0x0,
    0x0, 0xf, 0xff, 0x40, 0x0, 0x0, 0xf, 0xff,
    0x30, 0x0, 0x0, 0xb, 0xff, 0x50, 0x0, 0x0,
    0x5, 0xff, 0xb0, 0x0, 0x0, 0x0, 0xef, 0xf2,
    0x0, 0x0, 0x0, 0xaf, 0xf6, 0x0, 0x0, 0x0,
    0xbf, 0xf8, 0x0, 0x0, 0x5, 0xff, 0xf7, 0x0,
    0x2e, 0xff, 0xff, 0xf3, 0x0, 0x3f, 0xff, 0xff,
    0x80, 0x0, 0x3f, 0xff, 0xb4, 0x0, 0x0,

    /* U+007E "~" */
    0x0, 0x2b, 0xff, 0xc4, 0x0, 0x0, 0x89, 0x60,
    0x2f, 0xff, 0xff, 0xf8, 0x0, 0x3f, 0xf8, 0xa,
    0xff, 0xa7, 0xdf, 0xfd, 0xae, 0xff, 0x40, 0xff,
    0xc0, 0x0, 0xbf, 0xff, 0xff, 0xb0, 0x8, 0x85,
    0x0, 0x0, 0x7d, 0xfe, 0x80, 0x0,

    /* U+2103 "℃" */
    0x0, 0x4, 0xac, 0xb7, 0x0, 0x0, 0x0, 0x0,
    0x0, 0x0, 0x0, 0x0, 0x0, 0x0, 0x0, 0xa,
    0xff, 0xff, 0xfd, 0x10, 0x0, 0x0, 0x0, 0x0,
    0x0, 0x0, 0x0, 0x0, 0x0, 0x7, 0xff, 0x84,
    0x6e, 0xfc, 0x0, 0x0, 0x0, 0x0, 0x47, 0x99,
    0x85, 0x10, 0x0, 0x0, 0xef, 0x80, 0x0, 0x3f,
    0xf3, 0x0, 0x0, 0x18, 0xff, 0xff, 0xff, 0xff,
    0xa1, 0x0, 0x1f, 0xf3, 0x0, 0x0, 0xdf, 0x60,
    0x0, 0x3e, 0xff, 0xff, 0xff, 0xff, 0xff, 0xe3,
    0x1, 0xff, 0x30, 0x0, 0xd, 0xf6, 0x0, 0x3f,
    0xff, 0xf8, 0x20, 0x2, 0x7e, 0xff, 0xe1, 0xe,
    0xf7, 0x0, 0x2, 0xff, 0x40, 0x1e, 0xff, 0xe3,
    0x0, 0x0, 0x0, 0x2e, 0xff, 0x80, 0x8f, 0xf7,
    0x35, 0xdf, 0xd0, 0x9, 0xff, 0xf3, 0x0, 0x0,
    0x0, 0x0, 0x4f, 0xe7, 0x0, 0xbf, 0xff, 0xff,
    0xe2, 0x1, 0xff, 0xf8, 0x0, 0x0, 0x0, 0x0,
    0x0, 0x30, 0x0, 0x0, 0x6b, 0xdc, 0x81, 0x0,
    0x7f, 0xff, 0x10, 0x0, 0x0, 0x0, 0x0, 0x0,
    0x0, 0x0, 0x0, 0x0, 0x0, 0x0, 0xb, 0xff,
    0xc0, 0x0, 0x0, 0x0, 0x0, 0x0, 0x0, 0x0,
    0x0, 0x0, 0x0, 0x0, 0x0, 0xef, 0xf8, 0x0,
    0x0, 0x0, 0x0, 0x0, 0x0, 0x0, 0x0, 0x0,
    0x0, 0x0, 0x0, 0xf, 0xff, 0x70, 0x0, 0x0,
    0x0, 0x0, 0x0, 0x0, 0x0, 0x0, 0x0, 0x0,
    0x0, 0x0, 0xff, 0xf6, 0x0, 0x0, 0x0, 0x0,
    0x0, 0x0, 0x0, 0x0, 0x0, 0x0, 0x0, 0x0,
    0xf, 0xff, 0x70, 0x0, 0x0, 0x0, 0x0, 0x0,
    0x0, 0x0, 0x0, 0x0, 0x0, 0x0, 0x0, 0xef,
    0xf8, 0x0, 0x0, 0x0, 0x0, 0x0, 0x0, 0x0,
    0x0, 0x0, 0x0, 0x0, 0x0, 0xb, 0xff, 0xc0,
    0x0, 0x0, 0x0, 0x0, 0x0, 0x0, 0x0, 0x0,
    0x0, 0x0, 0x0, 0x0, 0x7f, 0xff, 0x10, 0x0,
    0x0, 0x0, 0x0, 0x0, 0x0, 0x0, 0x0, 0x0,
    0x0, 0x0, 0x2, 0xff, 0xf7, 0x0, 0x0, 0x0,
    0x0, 0x0, 0x20, 0x0, 0x0, 0x0, 0x0, 0x0,
    0x0, 0xa, 0xff, 0xf2, 0x0, 0x0, 0x0, 0x0,
    0x3f, 0xd6, 0x0, 0x0, 0x0, 0x0, 0x0, 0x0,
    0x2f, 0xff, 0xe2, 0x0, 0x0, 0x0, 0x1d, 0xff,
    0x90, 0x0, 0x0, 0x0, 0x0, 0x0, 0x0, 0x5f,
    0xff, 0xe7, 0x10, 0x0, 0x5d, 0xff, 0xf1, 0x0,
    0x0, 0x0, 0x0, 0x0, 0x0, 0x0, 0x5f, 0xff,
    0xff, 0xee, 0xff, 0xff, 0xf4, 0x0, 0x0, 0x0,
    0x0, 0x0, 0x0, 0x0, 0x0, 0x2a, 0xff, 0xff,
    0xff, 0xff, 0xb2, 0x0, 0x0, 0x0, 0x0, 0x0,
    0x0, 0x0, 0x0, 0x0, 0x1, 0x69, 0xab, 0xa7,
    0x20, 0x0, 0x0,

    /* U+4EF6 "件" */
    0x0, 0x0, 0x0, 0xc, 0x84, 0x0, 0x0, 0x0,
    0x0, 0xde, 0xc0, 0x0, 0x0, 0x0, 0x0, 0x0,
    0x0, 0x5, 0xff, 0xb0, 0x0, 0x10, 0x0, 0xe,
    0xfd, 0x0, 0x0, 0x0, 0x0, 0x0, 0x0, 0x0,
    0xaf, 0xf6, 0x0, 0x6f, 0xe5, 0x0, 0xef, 0xd0,
    0x0, 0x0, 0x0, 0x0, 0x0, 0x0, 0xf, 0xff,
    0x10, 0xa, 0xff, 0x40, 0xe, 0xfd, 0x0, 0x0,
    0x0, 0x0, 0x0, 0x0, 0x4, 0xff, 0xc0, 0x0,
    0xef, 0xf1, 0x0, 0xef, 0xd0, 0x0, 0x0, 0x0,
    0x0, 0x0, 0x0, 0xbf, 0xf7, 0x0, 0x2f, 0xfd,
    0x0, 0xe, 0xfd, 0x0, 0x0, 0x0, 0x0, 0x0,
    0x0, 0x1f, 0xff, 0x10, 0x6, 0xff, 0xa0, 0x0,
    0xef, 0xd0, 0x0, 0x0, 0x0, 0x0, 0x0, 0x7,
    0xff, 0xd0, 0x0, 0xbf, 0xff, 0xff, 0xff, 0xff,
    0xff, 0xff, 0xff, 0x70, 0x0, 0x0, 0xdf, 0xfc,
    0x0, 0xf, 0xff, 0xff, 0xff, 0xff, 0xff, 0xff,
    0xff, 0xf7, 0x0, 0x0, 0x5f, 0xff, 0xc0, 0x5,
    0xff, 0xd9, 0x99, 0x9f, 0xfe, 0x99, 0x99, 0x99,
    0x40, 0x0, 0xc, 0xff, 0xfc, 0x0, 0xbf, 0xf6,
    0x0, 0x0, 0xef, 0xd0, 0x0, 0x0, 0x0, 0x0,
    0x4, 0xff, 0xff, 0xc0, 0x1f, 0xff, 0x0, 0x0,
    0xe, 0xfd, 0x0, 0x0, 0x0, 0x0, 0x0, 0xcf,
    0xff, 0xfc, 0x8, 0xff, 0xa0, 0x0, 0x0, 0xef,
    0xd0, 0x0, 0x0, 0x0, 0x0, 0x5f, 0xfe, 0xff,
    0xc0, 0x9f, 0xf3, 0x0, 0x0, 0xe, 0xfd, 0x0,
    0x0, 0x0, 0x0, 0xd, 0xff, 0x6f, 0xfc, 0x0,
    0x15, 0x0, 0x0, 0x0, 0xef, 0xd0, 0x0, 0x0,
    0x0, 0x2, 0xef, 0xd0, 0xff, 0xc0, 0x0, 0x0,
    0x0, 0x0, 0xe, 0xfd, 0x0, 0x0, 0x0, 0x0,
    0x1, 0x94, 0xf, 0xfc, 0xa, 0xbb, 0xbb, 0xbb,
    0xbb, 0xff, 0xfb, 0xbb, 0xbb, 0xbb, 0x50, 0x0,
    0x0, 0xff, 0xc0, 0xef, 0xff, 0xff, 0xff, 0xff,
    0xff, 0xff, 0xff, 0xff, 0xf8, 0x0, 0x0, 0xf,
    0xfc, 0xe, 0xff, 0xff, 0xff, 0xff, 0xff, 0xff,
    0xff, 0xff, 0xff, 0x80, 0x0, 0x0, 0xff, 0xc0,
    0x0, 0x0, 0x0, 0x0, 0xe, 0xfd, 0x0, 0x0,
    0x0, 0x0, 0x0, 0x0, 0xf, 0xfc, 0x0, 0x0,
    0x0, 0x0, 0x0, 0xef, 0xd0, 0x0, 0x0, 0x0,
    0x0, 0x0, 0x0, 0xff, 0xc0, 0x0, 0x0, 0x0,
    0x0, 0xe, 0xfd, 0x0, 0x0, 0x0, 0x0, 0x0,
    0x0, 0xf, 0xfc, 0x0, 0x0, 0x0, 0x0, 0x0,
    0xef, 0xd0, 0x0, 0x0, 0x0, 0x0, 0x0, 0x0,
    0xff, 0xc0, 0x0, 0x0, 0x0, 0x0, 0xe, 0xfd,
    0x0, 0x0, 0x0, 0x0, 0x0, 0x0, 0xf, 0xfc,
    0x0, 0x0, 0x0, 0x0, 0x0, 0xef, 0xd0, 0x0,
    0x0, 0x0, 0x0, 0x0, 0x0, 0xff, 0xc0, 0x0,
    0x0, 0x0, 0x0, 0xe, 0xfd, 0x0, 0x0, 0x0,
    0x0, 0x0, 0x0, 0xf, 0xfc, 0x0, 0x0, 0x0,
    0x0, 0x0, 0xef, 0xd0, 0x0, 0x0, 0x0, 0x0,
    0x0, 0x0, 0xff, 0xc0, 0x0, 0x0, 0x0, 0x0,
    0xe, 0xfd, 0x0, 0x0, 0x0, 0x0, 0x0, 0x0,
    0x0, 0x0, 0x0, 0x0, 0x0, 0x0, 0x0, 0x11,
    0x10, 0x0, 0x0, 0x0, 0x0,

    /* U+4FE1 "信" */
    0x0, 0x0, 0x0, 0x4, 0x10, 0x0, 0x0, 0x0,
    0x0, 0x33, 0x0, 0x0, 0x0, 0x0, 0x0, 0x0,
    0x0, 0x2, 0xff, 0x90, 0x0, 0x0, 0x0, 0xef,
    0xe0, 0x0, 0x0, 0x0, 0x0, 0x0, 0x0, 0x0,
    0x7f, 0xf6, 0x0, 0x0, 0x0, 0x8, 0xff, 0x50,
    0x0, 0x0, 0x0, 0x0, 0x0, 0x0, 0xc, 0xff,
    0x10, 0x0, 0x0, 0x0, 0x3f, 0xfa, 0x0, 0x0,
    0x0, 0x0, 0x0, 0x0, 0x1, 0xff, 0xc5, 0xff,
    0xff, 0xff, 0xff, 0xff, 0xff, 0xff, 0xff, 0xff,
    0xd0, 0x0, 0x0, 0x8f, 0xf6, 0x6f, 0xff, 0xff,
    0xff, 0xff, 0xff, 0xff, 0xff, 0xff, 0xfe, 0x0,
    0x0, 0xe, 0xff, 0x13, 0x88, 0x88, 0x88, 0x88,
    0x88, 0x88, 0x88, 0x88, 0x88, 0x70, 0x0, 0x5,
    0xff, 0xa0, 0x0, 0x0, 0x0, 0x0, 0x0, 0x0,
    0x0, 0x0, 0x0, 0x0, 0x0, 0x0, 0xdf, 0xf9,
    0x0, 0x2, 0x33, 0x33, 0x33, 0x33, 0x33, 0x33,
    0x33, 0x20, 0x0, 0x0, 0x5f, 0xff, 0x90, 0x0,
    0xbf, 0xff, 0xff, 0xff, 0xff, 0xff, 0xff, 0xf9,
    0x0, 0x0, 0xd, 0xff, 0xf9, 0x0, 0xb, 0xff,
    0xff, 0xff, 0xff, 0xff, 0xff, 0xff, 0x90, 0x0,
    0x6, 0xff, 0xff, 0x90, 0x0, 0x11, 0x11, 0x11,
    0x11, 0x11, 0x11, 0x11, 0x10, 0x0, 0x0, 0xef,
    0xff, 0xf9, 0x0, 0x0, 0x0, 0x0, 0x0, 0x0,
    0x0, 0x0, 0x0, 0x0, 0x0, 0x9f, 0xfb, 0xff,
    0x90, 0x0, 0xae, 0xee, 0xee, 0xee, 0xee, 0xee,
    0xee, 0xe8, 0x0, 0xa, 0xff, 0x3f, 0xf9, 0x0,
    0xb, 0xff, 0xff, 0xff, 0xff, 0xff, 0xff, 0xff,
    0x90, 0x0, 0x7, 0x71, 0xff, 0x90, 0x0, 0x47,
    0x77, 0x77, 0x77, 0x77, 0x77, 0x77, 0x74, 0x0,
    0x0, 0x0, 0x1f, 0xf9, 0x0, 0x0, 0x0, 0x0,
    0x0, 0x0, 0x0, 0x0, 0x0, 0x0, 0x0, 0x0,
    0x1, 0xff, 0x90, 0x0, 0x11, 0x11, 0x11, 0x11,
    0x11, 0x11, 0x11, 0x11, 0x0, 0x0, 0x0, 0x1f,
    0xf9, 0x0, 0xf, 0xff, 0xff, 0xff, 0xff, 0xff,
    0xff, 0xff, 0xd0, 0x0, 0x0, 0x1, 0xff, 0x90,
    0x0, 0xff, 0xff, 0xff, 0xff, 0xff, 0xff, 0xff,
    0xfd, 0x0, 0x0, 0x0, 0x1f, 0xf9, 0x0, 0xf,
    0xfd, 0x66, 0x66, 0x66, 0x66, 0x66, 0xef, 0xd0,
    0x0, 0x0, 0x1, 0xff, 0x90, 0x0, 0xff, 0xb0,
    0x0, 0x0, 0x0, 0x0, 0xd, 0xfd, 0x0, 0x0,
    0x0, 0x1f, 0xf9, 0x0, 0xf, 0xfb, 0x0, 0x0,
    0x0, 0x0, 0x0, 0xdf, 0xd0, 0x0, 0x0, 0x1,
    0xff, 0x90, 0x0, 0xff, 0xb0, 0x0, 0x0, 0x0,
    0x0, 0xd, 0xfd, 0x0, 0x0, 0x0, 0x1f, 0xf9,
    0x0, 0xf, 0xfb, 0x0, 0x0, 0x0, 0x0, 0x0,
    0xdf, 0xd0, 0x0, 0x0, 0x1, 0xff, 0x90, 0x0,
    0xff, 0xd8, 0x88, 0x88, 0x88, 0x88, 0x8e, 0xfd,
    0x0, 0x0, 0x0, 0x1f, 0xf9, 0x0, 0xf, 0xff,
    0xff, 0xff, 0xff, 0xff, 0xff, 0xff, 0xd0, 0x0,
    0x0, 0x1, 0xff, 0x90, 0x0, 0xff, 0xff, 0xff,
    0xff, 0xff, 0xff, 0xff, 0xfd, 0x0,

    /* U+5076 "偶" */
    0x0, 0x0, 0x0, 0x1, 0x0, 0x0, 0x0, 0x0,
    0x0, 0x0, 0x0, 0x0, 0x0, 0x0, 0x0, 0x0,
    0x0, 0x5f, 0xd2, 0x0, 0x0, 0x0, 0x0, 0x0,
    0x0, 0x0, 0x0, 0x0, 0x0, 0x0, 0x0, 0xbf,
    0xf0, 0x8f, 0xff, 0xff, 0xff, 0xff, 0xff, 0xff,
    0xff, 0x10, 0x0, 0x0, 0x1, 0xff, 0xa0, 0x8f,
    0xff, 0xff, 0xff, 0xff, 0xff, 0xff, 0xff, 0x10,
    0x0, 0x0, 0x6, 0xff, 0x50, 0x8f, 0xf3, 0x33,
    0x3f, 0xfa, 0x33, 0x38, 0xff, 0x10, 0x0, 0x0,
    0xc, 0xff, 0x0, 0x8f, 0xf0, 0x0, 0xf, 0xf8,
    0x0, 0x7, 0xff, 0x10, 0x0, 0x0, 0x3f, 0xf9,
    0x0, 0x8f, 0xf2, 0x22, 0x2f, 0xf9, 0x22, 0x28,
    0xff, 0x10, 0x0, 0x0, 0xaf, 0xf3, 0x0, 0x8f,
    0xff, 0xff, 0xff, 0xff, 0xff, 0xff, 0xff, 0x10,
    0x0, 0x1, 0xff, 0xf0, 0x0, 0x8f, 0xff, 0xff,
    0xff, 0xff, 0xff, 0xff, 0xff, 0x10, 0x0, 0x9,
    0xff, 0xf0, 0x0, 0x8f, 0xf0, 0x0, 0xf, 0xf8,
    0x0, 0x7, 0xff, 0x10, 0x0, 0x1f, 0xff, 0xf0,
    0x0, 0x8f, 0xf0, 0x0, 0xf, 0xf8, 0x0, 0x7,
    0xff, 0x10, 0x0, 0x9f, 0xff, 0xf0, 0x0, 0x8f,
    0xff, 0xff, 0xff, 0xff, 0xff, 0xff, 0xff, 0x10,
    0x2, 0xff, 0xff, 0xf0, 0x0, 0x8f, 0xff, 0xff,
    0xff, 0xff, 0xff, 0xff, 0xff, 0x10, 0xb, 0xff,
    0xcf, 0xf0, 0x0, 0x25, 0x55, 0x55, 0x5f, 0xfa,
    0x55, 0x55, 0x55, 0x0, 0x4f, 0xfa, 0x9f, 0xf0,
    0x0, 0x0, 0x0, 0x0, 0xf, 0xf8, 0x0, 0x0,
    0x0, 0x0, 0x1d, 0xf1, 0x9f, 0xf0, 0x2, 0x55,
    0x55, 0x55, 0x5f, 0xfa, 0x55, 0x55, 0x55, 0x50,
    0x1, 0x50, 0x9f, 0xf0, 0x7, 0xff, 0xff, 0xff,
    0xff, 0xff, 0xff, 0xff, 0xff, 0xf1, 0x0, 0x0,
    0x9f, 0xf0, 0x7, 0xff, 0xff, 0xff, 0xff, 0xff,
    0xff, 0xff, 0xff, 0xf1, 0x0, 0x0, 0x9f, 0xf0,
    0x7, 0xff, 0x21, 0x11, 0x1f, 0xf9, 0x11, 0x11,
    0x7f, 0xf1, 0x0, 0x0, 0x9f, 0xf0, 0x7, 0xff,
    0x0, 0x0, 0xf, 0xf8, 0x1c, 0xa0, 0x6f, 0xf1,
    0x0, 0x0, 0x9f, 0xf0, 0x7, 0xff, 0x0, 0x0,
    0xf, 0xf8, 0xe, 0xf0, 0x6f, 0xf1, 0x0, 0x0,
    0x9f, 0xf0, 0x7, 0xff, 0x0, 0x11, 0x2f, 0xfb,
    0x8e, 0xf4, 0x6f, 0xf1, 0x0, 0x0, 0x9f, 0xf0,
    0x7, 0xff, 0xf, 0xff, 0xff, 0xff, 0xff, 0xf9,
    0x6f, 0xf1, 0x0, 0x0, 0x9f, 0xf0, 0x7, 0xff,
    0xd, 0xff, 0xff, 0xfe, 0xc9, 0xfd, 0x6f, 0xf1,
    0x0, 0x0, 0x9f, 0xf0, 0x7, 0xff, 0x3, 0x43,
    0x21, 0x0, 0x0, 0xa9, 0x6f, 0xf1, 0x0, 0x0,
    0x9f, 0xf0, 0x7, 0xff, 0x0, 0x0, 0x0, 0x0,
    0x5, 0x55, 0xcf, 0xf0, 0x0, 0x0, 0x9f, 0xf0,
    0x7, 0xff, 0x0, 0x0, 0x0, 0x0, 0xf, 0xff,
    0xff, 0xc0, 0x0, 0x0, 0x9f, 0xf0, 0x6, 0xff,
    0x0, 0x0, 0x0, 0x0, 0xb, 0xff, 0xda, 0x10,

    /* U+507F "偿" */
    0x0, 0x0, 0x0, 0x0, 0x0, 0x0, 0x0, 0x0,
    0x2, 0x33, 0x0, 0x0, 0x0, 0x0, 0x0, 0x0,
    0x0, 0x7, 0xfa, 0x20, 0x6, 0x0, 0x0, 0xbf,
    0xf0, 0x0, 0x3, 0x10, 0x0, 0x0, 0x0, 0x0,
    0xdf, 0xf1, 0x1d, 0xf7, 0x0, 0xb, 0xff, 0x0,
    0x1, 0xee, 0x40, 0x0, 0x0, 0x0, 0x2f, 0xfb,
    0x0, 0x9f, 0xf3, 0x0, 0xbf, 0xf0, 0x0, 0xaf,
    0xf1, 0x0, 0x0, 0x0, 0x8, 0xff, 0x50, 0x0,
    0xef, 0xc0, 0xb, 0xff, 0x0, 0x5f, 0xf7, 0x0,
    0x0, 0x0, 0x0, 0xef, 0xf0, 0x0, 0x5, 0xff,
    0x40, 0xbf, 0xf0, 0x1f, 0xfc, 0x0, 0x0, 0x0,
    0x0, 0x4f, 0xfa, 0x3, 0x33, 0x3d, 0x83, 0x3c,
    0xff, 0x33, 0x7f, 0x53, 0x33, 0x0, 0x0, 0xb,
    0xff, 0x40, 0xff, 0xff, 0xff, 0xff, 0xff, 0xff,
    0xff, 0xff, 0xff, 0xf3, 0x0, 0x2, 0xff, 0xf1,
    0xf, 0xff, 0xff, 0xff, 0xff, 0xff, 0xff, 0xff,
    0xff, 0xff, 0x30, 0x0, 0x9f, 0xff, 0x10, 0xff,
    0xb3, 0x33, 0x33, 0x33, 0x33, 0x33, 0x33, 0xaf,
    0xf3, 0x0, 0x1f, 0xff, 0xf1, 0xf, 0xf9, 0x0,
    0x0, 0x0, 0x0, 0x0, 0x0, 0x8, 0xff, 0x30,
    0x8, 0xff, 0xff, 0x10, 0xff, 0x90, 0x0, 0x0,
    0x0, 0x0, 0x0, 0x0, 0x8f, 0xf3, 0x1, 0xff,
    0xff, 0xf1, 0xf, 0xf9, 0x9f, 0xff, 0xff, 0xff,
    0xff, 0xff, 0xc8, 0xff, 0x30, 0x9f, 0xff, 0xff,
    0x10, 0x0, 0x9, 0xff, 0xff, 0xff, 0xff, 0xff,
    0xfc, 0x0, 0x0, 0x2f, 0xfe, 0x9f, 0xf1, 0x0,
    0x0, 0x46, 0x66, 0x66, 0x66, 0x66, 0x66, 0x50,
    0x0, 0x3, 0xef, 0x78, 0xff, 0x10, 0x0, 0x0,
    0x0, 0x0, 0x0, 0x0, 0x0, 0x0, 0x0, 0x0,
    0x1, 0xa0, 0x8f, 0xf1, 0x0, 0x0, 0x0, 0x0,
    0x0, 0x0, 0x0, 0x0, 0x0, 0x0, 0x0, 0x0,
    0x8, 0xff, 0x11, 0x99, 0x99, 0x99, 0x99, 0x99,
    0x99, 0x99, 0x99, 0x99, 0x92, 0x0, 0x0, 0x8f,
    0xf1, 0x2f, 0xff, 0xff, 0xff, 0xff, 0xff, 0xff,
    0xff, 0xff, 0xff, 0x40, 0x0, 0x8, 0xff, 0x12,
    0xff, 0xff, 0xff, 0xff, 0xff, 0xff, 0xff, 0xff,
    0xff, 0xf4, 0x0, 0x0, 0x8f, 0xf1, 0x0, 0x0,
    0x0, 0xaf, 0xf7, 0x0, 0x1, 0x80, 0x0, 0x0,
    0x0, 0x0, 0x8, 0xff, 0x10, 0x0, 0x0, 0x5f,
    0xfc, 0x0, 0x3, 0xff, 0xb0, 0x0, 0x0, 0x0,
    0x0, 0x8f, 0xf1, 0x0, 0x0, 0x2f, 0xfe, 0x10,
    0x0, 0x9, 0xff, 0x80, 0x0, 0x0, 0x0, 0x8,
    0xff, 0x10, 0x0, 0x1d, 0xff, 0x30, 0x0, 0x0,
    0xc, 0xff, 0x40, 0x0, 0x0, 0x0, 0x8f, 0xf1,
    0x0, 0x1c, 0xff, 0x41, 0x12, 0x34, 0x56, 0x8f,
    0xfe, 0x10, 0x0, 0x0, 0x8, 0xff, 0x10, 0x2f,
    0xff, 0xff, 0xff, 0xff, 0xff, 0xff, 0xff, 0xfc,
    0x0, 0x0, 0x0, 0x8f, 0xf1, 0x0, 0xff, 0xff,
    0xff, 0xff, 0xff, 0xfe, 0xdc, 0xcf, 0xf7, 0x0,
    0x0, 0x8, 0xff, 0x10, 0x7, 0x76, 0x65, 0x43,
    0x21, 0x0, 0x0, 0x0, 0xba, 0x30, 0x0, 0x0,
    0x0, 0x0, 0x0, 0x0, 0x0, 0x0, 0x0, 0x0,
    0x0, 0x0, 0x0, 0x0, 0x0,

    /* U+5230 "到" */
    0x0, 0x0, 0x0, 0x0, 0x0, 0x0, 0x0, 0x0,
    0x0, 0x0, 0x0, 0x7, 0xcc, 0x17, 0x77, 0x77,
    0x77, 0x77, 0x77, 0x77, 0x77, 0x0, 0x0, 0x0,
    0xa, 0xff, 0x3f, 0xff, 0xff, 0xff, 0xff, 0xff,
    0xff, 0xff, 0x1, 0x33, 0x0, 0xa, 0xff, 0x3f,
    0xff, 0xff, 0xff, 0xff, 0xff, 0xff, 0xff, 0x9,
    0xff, 0x10, 0xa, 0xff, 0x3, 0x33, 0x39, 0xff,
    0x93, 0x33, 0x33, 0x32, 0x9, 0xff, 0x10, 0xa,
    0xff, 0x0, 0x0, 0x2f, 0xfe, 0x0, 0x4, 0x10,
    0x0, 0x9, 0xff, 0x10, 0xa, 0xff, 0x0, 0x0,
    0xcf, 0xf4, 0x0, 0x9f, 0xb0, 0x0, 0x9, 0xff,
    0x10, 0xa, 0xff, 0x0, 0x8, 0xff, 0x80, 0x0,
    0x7f, 0xf7, 0x0, 0x9, 0xff, 0x10, 0xa, 0xff,
    0x0, 0x4f, 0xfc, 0x0, 0x0, 0xc, 0xff, 0x30,
    0x9, 0xff, 0x10, 0xa, 0xff, 0x2, 0xef, 0xe1,
    0x0, 0x12, 0x47, 0xff, 0xd0, 0x9, 0xff, 0x10,
    0xa, 0xff, 0xf, 0xff, 0xff, 0xff, 0xff, 0xff,
    0xff, 0xf7, 0x9, 0xff, 0x10, 0xa, 0xff, 0xd,
    0xff, 0xff, 0xff, 0xff, 0xff, 0xee, 0xff, 0x19,
    0xff, 0x10, 0xa, 0xff, 0x6, 0x87, 0x65, 0x4f,
    0xfc, 0x0, 0x3, 0xfb, 0x19, 0xff, 0x10, 0xa,
    0xff, 0x0, 0x0, 0x0, 0xf, 0xfb, 0x0, 0x0,
    0x30, 0x9, 0xff, 0x10, 0xa, 0xff, 0x0, 0x0,
    0x0, 0xf, 0xfb, 0x0, 0x0, 0x0, 0x9, 0xff,
    0x10, 0xa, 0xff, 0x0, 0x0, 0x0, 0xf, 0xfb,
    0x0, 0x0, 0x0, 0x9, 0xff, 0x10, 0xa, 0xff,
    0x8, 0xbb, 0xbb, 0xbf, 0xfe, 0xbb, 0xbb, 0xb6,
    0x9, 0xff, 0x10, 0xa, 0xff, 0xc, 0xff, 0xff,
    0xff, 0xff, 0xff, 0xff, 0xf9, 0x9, 0xff, 0x10,
    0xa, 0xff, 0xb, 0xff, 0xff, 0xff, 0xff, 0xff,
    0xff, 0xf8, 0x9, 0xff, 0x10, 0xa, 0xff, 0x0,
    0x0, 0x0, 0xf, 0xfc, 0x0, 0x0, 0x0, 0x9,
    0xff, 0x10, 0xa, 0xff, 0x0, 0x0, 0x0, 0xf,
    0xfc, 0x0, 0x0, 0x0, 0x7, 0xdd, 0x10, 0xa,
    0xff, 0x0, 0x0, 0x0, 0xf, 0xfc, 0x0, 0x0,
    0x0, 0x0, 0x0, 0x0, 0xa, 0xff, 0x0, 0x0,
    0x0, 0xf, 0xfc, 0x35, 0x68, 0xad, 0x30, 0x0,
    0x0, 0xa, 0xff, 0x69, 0x9a, 0xbc, 0xdf, 0xff,
    0xff, 0xff, 0xff, 0x40, 0x0, 0x0, 0xc, 0xff,
    0xcf, 0xff, 0xff, 0xff, 0xff, 0xff, 0xfc, 0xa7,
    0x10, 0x4d, 0xcc, 0xef, 0xfe, 0xaf, 0xff, 0xdc,
    0xa8, 0x64, 0x31, 0x0, 0x0, 0x0, 0x2f, 0xff,
    0xff, 0xf9, 0x11, 0x0, 0x0, 0x0, 0x0, 0x0,
    0x0, 0x0, 0x0, 0xe, 0xee, 0xdb, 0x70, 0x0,
    0x0, 0x0, 0x0, 0x0, 0x0, 0x0, 0x0, 0x0,
    0x0, 0x0, 0x0, 0x0,

    /* U+53C2 "参" */
    0x0, 0x0, 0x0, 0x0, 0x0, 0x0, 0x94, 0x0,
    0x0, 0x0, 0x0, 0x0, 0x0, 0x0, 0x0, 0x0,
    0x0, 0x0, 0x0, 0x0, 0x2c, 0xff, 0x50, 0x0,
    0x23, 0x0, 0x0, 0x0, 0x0, 0x0, 0x0, 0x0,
    0x0, 0x0, 0x5, 0xef, 0xfa, 0x0, 0x0, 0xcf,
    0x90, 0x0, 0x0, 0x0, 0x0, 0x0, 0x0, 0x0,
    0x0, 0x9f, 0xff, 0x60, 0x0, 0x3, 0xef, 0xfd,
    0x30, 0x0, 0x0, 0x0, 0x0, 0x0, 0x0, 0x3d,
    0xff, 0xb2, 0x0, 0x0, 0x0, 0xa, 0xff, 0xf7,
    0x0, 0x0, 0x0, 0x0, 0x0, 0x5a, 0xff, 0xf7,
    0x22, 0x22, 0x33, 0x45, 0x56, 0xcf, 0xff, 0xb1,
    0x0, 0x0, 0x0, 0x0, 0xcf, 0xff, 0xff, 0xff,
    0xff, 0xff, 0xff, 0xff, 0xff, 0xff, 0xfd, 0x20,
    0x0, 0x0, 0x0, 0xaf, 0xff, 0xff, 0xff, 0xff,
    0xfe, 0xed, 0xdc, 0xcb, 0xab, 0xff, 0xa0, 0x0,
    0x0, 0x0, 0x0, 0x0, 0x0, 0x8, 0xff, 0x80,
    0x0, 0x0, 0x0, 0x0, 0x6d, 0x10, 0x0, 0x0,
    0x0, 0x0, 0x0, 0x0, 0x2f, 0xfe, 0x10, 0x0,
    0x0, 0x0, 0x0, 0x0, 0x0, 0x0, 0x2, 0xff,
    0xff, 0xff, 0xff, 0xff, 0xff, 0xff, 0xff, 0xff,
    0xff, 0xff, 0xff, 0xff, 0x10, 0x2, 0xff, 0xff,
    0xff, 0xff, 0xff, 0xff, 0xff, 0xff, 0xff, 0xff,
    0xff, 0xff, 0xff, 0x10, 0x0, 0x66, 0x66, 0x66,
    0xbf, 0xfe, 0x66, 0x66, 0x67, 0xff, 0xf7, 0x66,
    0x66, 0x66, 0x0, 0x0, 0x0, 0x0, 0x6, 0xff,
    0xf4, 0x0, 0x0, 0x3, 0x7f, 0xfc, 0x10, 0x0,
    0x0, 0x0, 0x0, 0x0, 0x0, 0x9f, 0xff, 0x50,
    0x0, 0x18, 0xee, 0x9, 0xff, 0xe4, 0x0, 0x0,
    0x0, 0x0, 0x0, 0x3d, 0xff, 0xf4, 0x1, 0x6b,
    0xff, 0xff, 0x40, 0x8f, 0xff, 0xa1, 0x0, 0x0,
    0x0, 0x2a, 0xff, 0xfd, 0x57, 0xbf, 0xff, 0xfe,
    0x81, 0x0, 0x26, 0xff, 0xff, 0x92, 0x0, 0x9,
    0xff, 0xff, 0xbf, 0xff, 0xff, 0xfb, 0x50, 0x0,
    0x3b, 0xf3, 0x2c, 0xff, 0xff, 0xa0, 0x9, 0xff,
    0xc3, 0xf, 0xff, 0xb6, 0x10, 0x0, 0x4b, 0xff,
    0xfa, 0x0, 0x6e, 0xff, 0x70, 0x0, 0xc5, 0x0,
    0x4, 0x30, 0x0, 0x2, 0x8e, 0xff, 0xfd, 0x60,
    0x0, 0x0, 0x7d, 0x0, 0x0, 0x0, 0x0, 0x0,
    0x0, 0x38, 0xcf, 0xff, 0xfc, 0x50, 0x0, 0x5,
    0x70, 0x0, 0x0, 0x0, 0x0, 0x0, 0x37, 0xae,
    0xff, 0xff, 0xe8, 0x20, 0x0, 0x5, 0xdf, 0xf2,
    0x0, 0x0, 0x0, 0x0, 0xf, 0xff, 0xff, 0xfd,
    0x83, 0x0, 0x0, 0x16, 0xdf, 0xff, 0xe4, 0x0,
    0x0, 0x0, 0x0, 0xb, 0xfd, 0xa6, 0x20, 0x0,
    0x0, 0x4a, 0xff, 0xff, 0xe7, 0x0, 0x0, 0x0,
    0x0, 0x0, 0x1, 0x10, 0x0, 0x0, 0x25, 0xae,
    0xff, 0xff, 0xc5, 0x0, 0x0, 0x0, 0x0, 0x0,
    0x0, 0x0, 0x1, 0x47, 0xae, 0xff, 0xff, 0xfd,
    0x82, 0x0, 0x0, 0x0, 0x0, 0x0, 0x0, 0x5,
    0x8b, 0xef, 0xff, 0xff, 0xff, 0xc7, 0x20, 0x0,
    0x0, 0x0, 0x0, 0x0, 0x0, 0x0, 0x9, 0xff,
    0xff, 0xff, 0xc8, 0x40, 0x0, 0x0, 0x0, 0x0,
    0x0, 0x0, 0x0, 0x0, 0x0, 0x4, 0xfc, 0x96,
    0x30, 0x0, 0x0, 0x0, 0x0, 0x0, 0x0, 0x0,
    0x0, 0x0, 0x0, 0x0, 0x0, 0x0, 0x0, 0x0,
    0x0, 0x0, 0x0, 0x0, 0x0, 0x0, 0x0, 0x0,
    0x0, 0x0,

    /* U+5566 "啦" */
    0x0, 0x0, 0x0, 0x0, 0x0, 0x29, 0x90, 0x0,
    0x0, 0x5, 0x71, 0x0, 0x0, 0x0, 0x0, 0x0,
    0x0, 0x0, 0x5, 0xff, 0x10, 0x0, 0x2, 0xff,
    0x60, 0x0, 0x0, 0x0, 0x0, 0x0, 0x0, 0x0,
    0x5f, 0xf1, 0x0, 0x0, 0xe, 0xfa, 0x0, 0x0,
    0x3, 0x77, 0x77, 0x77, 0x30, 0x5, 0xff, 0x10,
    0x0, 0x0, 0x9f, 0xd0, 0x0, 0x0, 0x7f, 0xff,
    0xff, 0xf7, 0x0, 0x5f, 0xf1, 0x0, 0x0, 0x6,
    0xff, 0x0, 0x0, 0x7, 0xff, 0xff, 0xff, 0x70,
    0x5, 0xff, 0x10, 0x2a, 0xaa, 0xbf, 0xfa, 0xaa,
    0xa1, 0x7f, 0xe1, 0x1e, 0xf7, 0xbf, 0xff, 0xff,
    0xf7, 0xff, 0xff, 0xff, 0xff, 0xff, 0x27, 0xfe,
    0x0, 0xef, 0x7c, 0xff, 0xff, 0xff, 0x6d, 0xdd,
    0xdd, 0xdd, 0xdd, 0xd2, 0x7f, 0xe0, 0xe, 0xf7,
    0x69, 0xbf, 0xf9, 0x92, 0x0, 0x0, 0x0, 0x0,
    0x0, 0x7, 0xfe, 0x0, 0xef, 0x70, 0x5, 0xff,
    0x10, 0x3, 0x70, 0x0, 0x0, 0xb9, 0x30, 0x7f,
    0xe0, 0xe, 0xf7, 0x0, 0x5f, 0xf1, 0x1, 0xff,
    0x40, 0x0, 0x3f, 0xf4, 0x7, 0xfe, 0x0, 0xef,
    0x70, 0x5, 0xff, 0x10, 0xd, 0xf7, 0x0, 0x5,
    0xff, 0x20, 0x7f, 0xe0, 0xe, 0xf7, 0x0, 0x5f,
    0xf2, 0x82, 0xaf, 0xa0, 0x0, 0x7f, 0xf0, 0x7,
    0xfe, 0x0, 0xef, 0x70, 0x5, 0xff, 0xff, 0x67,
    0xfd, 0x0, 0xa, 0xfc, 0x0, 0x7f, 0xe0, 0xe,
    0xf7, 0x1, 0x9f, 0xff, 0xf8, 0x4f, 0xf0, 0x0,
    0xdf, 0x90, 0x7, 0xfe, 0x0, 0xef, 0x9a, 0xff,
    0xff, 0xd4, 0x1, 0xff, 0x30, 0xf, 0xf6, 0x0,
    0x7f, 0xe0, 0xe, 0xf9, 0xff, 0xff, 0xf1, 0x0,
    0xe, 0xf6, 0x3, 0xff, 0x20, 0x7, 0xfe, 0x0,
    0xef, 0x7b, 0xc9, 0xff, 0x10, 0x0, 0xcf, 0x80,
    0x6f, 0xf0, 0x0, 0x7f, 0xe0, 0xe, 0xf7, 0x10,
    0x5f, 0xf1, 0x0, 0x9, 0xfb, 0x9, 0xfc, 0x0,
    0x7, 0xfe, 0x0, 0xef, 0x70, 0x5, 0xff, 0x10,
    0x0, 0x7f, 0xd0, 0xdf, 0x80, 0x0, 0x7f, 0xe0,
    0xe, 0xf7, 0x0, 0x5f, 0xf1, 0x0, 0x4, 0xff,
    0xf, 0xf5, 0x0, 0x7, 0xff, 0xff, 0xff, 0x70,
    0x5, 0xff, 0x10, 0x0, 0x2f, 0xf6, 0xff, 0x10,
    0x0, 0x7f, 0xff, 0xff, 0xf7, 0x0, 0x5f, 0xf1,
    0x0, 0x0, 0x64, 0x8f, 0xd0, 0x0, 0x4, 0xaa,
    0xaa, 0xaa, 0x40, 0x5, 0xff, 0x10, 0x0, 0x0,
    0xb, 0xf9, 0x0, 0x0, 0x0, 0x0, 0x0, 0x0,
    0x0, 0x5f, 0xf1, 0x44, 0x44, 0x44, 0xef, 0x94,
    0x44, 0x30, 0x0, 0x0, 0x0, 0x5a, 0x9d, 0xff,
    0xe, 0xff, 0xff, 0xff, 0xff, 0xff, 0xfa, 0x0,
    0x0, 0x0, 0x6, 0xff, 0xff, 0xd0, 0xef, 0xff,
    0xff, 0xff, 0xff, 0xff, 0xa0, 0x0, 0x0, 0x0,
    0x2f, 0xed, 0xa2, 0x2, 0x22, 0x22, 0x22, 0x22,
    0x22, 0x21,

    /* U+56FA "固" */
    0x0, 0x0, 0x0, 0x0, 0x0, 0x0, 0x0, 0x0,
    0x0, 0x0, 0x0, 0x0, 0x0, 0x1f, 0xff, 0xff,
    0xff, 0xff, 0xff, 0xff, 0xff, 0xff, 0xff, 0xff,
    0xff, 0xf1, 0x1f, 0xff, 0xff, 0xff, 0xff, 0xff,
    0xff, 0xff, 0xff, 0xff, 0xff, 0xff, 0xf1, 0x1f,
    0xfc, 0x77, 0x77, 0x77, 0x77, 0x77, 0x77, 0x77,
    0x77, 0x77, 0xcf, 0xf1, 0x1f, 0xf9, 0x0, 0x0,
    0x0, 0x1, 0x77, 0x20, 0x0, 0x0, 0x0, 0x9f,
    0xf1, 0x1f, 0xf9, 0x0, 0x0, 0x0, 0x3, 0xff,
    0x50, 0x0, 0x0, 0x0, 0x9f, 0xf1, 0x1f, 0xf9,
    0x0, 0x0, 0x0, 0x3, 0xff, 0x50, 0x0, 0x0,
    0x0, 0x9f, 0xf1, 0x1f, 0xf9, 0x6, 0x66, 0x66,
    0x68, 0xff, 0x96, 0x66, 0x66, 0x60, 0x9f, 0xf1,
    0x1f, 0xf9, 0xf, 0xff, 0xff, 0xff, 0xff, 0xff,
    0xff, 0xff, 0xf1, 0x9f, 0xf1, 0x1f, 0xf9, 0xf,
    0xff, 0xff, 0xff, 0xff, 0xff, 0xff, 0xff, 0xf0,
    0x9f, 0xf1, 0x1f, 0xf9, 0x0, 0x0, 0x0, 0x3,
    0xff, 0x50, 0x0, 0x0, 0x0, 0x9f, 0xf1, 0x1f,
    0xf9, 0x0, 0x0, 0x0, 0x3, 0xff, 0x50, 0x0,
    0x0, 0x0, 0x9f, 0xf1, 0x1f, 0xf9, 0x0, 0x1,
    0x11, 0x14, 0xff, 0x51, 0x11, 0x10, 0x0, 0x9f,
    0xf1, 0x1f, 0xf9, 0x0, 0x3f, 0xff, 0xff, 0xff,
    0xff, 0xff, 0xf3, 0x0, 0x9f, 0xf1, 0x1f, 0xf9,
    0x0, 0x3f, 0xff, 0xff, 0xff, 0xff, 0xff, 0xf3,
    0x0, 0x9f, 0xf1, 0x1f, 0xf9, 0x0, 0x3f, 0xf5,
    0x22, 0x22, 0x22, 0x5f, 0xf3, 0x0, 0x9f, 0xf1,
    0x1f, 0xf9, 0x0, 0x3f, 0xf4, 0x0, 0x0, 0x0,
    0x4f, 0xf3, 0x0, 0x9f, 0xf1, 0x1f, 0xf9, 0x0,
    0x3f, 0xf4, 0x0, 0x0, 0x0, 0x4f, 0xf3, 0x0,
    0x9f, 0xf1, 0x1f, 0xf9, 0x0, 0x3f, 0xf4, 0x0,
    0x0, 0x0, 0x4f, 0xf3, 0x0, 0x9f, 0xf1, 0x1f,
    0xf9, 0x0, 0x3f, 0xf4, 0x11, 0x11, 0x11, 0x4f,
    0xf3, 0x0, 0x9f, 0xf1, 0x1f, 0xf9, 0x0, 0x3f,
    0xff, 0xff, 0xff, 0xff, 0xff, 0xf3, 0x0, 0x9f,
    0xf1, 0x1f, 0xf9, 0x0, 0x3f, 0xff, 0xff, 0xff,
    0xff, 0xff, 0xf3, 0x0, 0x9f, 0xf1, 0x1f, 0xf9,
    0x0, 0x2, 0x22, 0x22, 0x22, 0x22, 0x22, 0x20,
    0x0, 0x9f, 0xf1, 0x1f, 0xf9, 0x0, 0x0, 0x0,
    0x0, 0x0, 0x0, 0x0, 0x0, 0x0, 0x9f, 0xf1,
    0x1f, 0xfc, 0x88, 0x88, 0x88, 0x88, 0x88, 0x88,
    0x88, 0x88, 0x88, 0xcf, 0xf1, 0x1f, 0xff, 0xff,
    0xff, 0xff, 0xff, 0xff, 0xff, 0xff, 0xff, 0xff,
    0xff, 0xf1, 0x1f, 0xff, 0xff, 0xff, 0xff, 0xff,
    0xff, 0xff, 0xff, 0xff, 0xff, 0xff, 0xf1,

    /* U+5B9E "实" */
    0x0, 0x0, 0x0, 0x0, 0x0, 0x0, 0x14, 0x50,
    0x0, 0x0, 0x0, 0x0, 0x0, 0x0, 0x0, 0x0,
    0x0, 0x0, 0x0, 0x0, 0xef, 0xf1, 0x0, 0x0,
    0x0, 0x0, 0x0, 0x0, 0x0, 0x0, 0x0, 0x0,
    0x0, 0x0, 0x8f, 0xf7, 0x0, 0x0, 0x0, 0x0,
    0x0, 0x0, 0x0, 0x0, 0x0, 0x0, 0x0, 0x0,
    0x3f, 0xfd, 0x0, 0x0, 0x0, 0x0, 0x0, 0x0,
    0x4, 0xff, 0xff, 0xff, 0xff, 0xff, 0xff, 0xff,
    0xff, 0xff, 0xff, 0xff, 0xff, 0x50, 0x4, 0xff,
    0xff, 0xff, 0xff, 0xff, 0xff, 0xff, 0xff, 0xff,
    0xff, 0xff, 0xff, 0x50, 0x4, 0xff, 0xa7, 0x77,
    0x77, 0x77, 0x77, 0x77, 0x77, 0x77, 0x77, 0x7b,
    0xff, 0x50, 0x4, 0xff, 0x60, 0x6, 0x50, 0x0,
    0x0, 0x2, 0x88, 0x30, 0x0, 0x7, 0xff, 0x50,
    0x4, 0xff, 0x60, 0x2f, 0xfc, 0x30, 0x0, 0x5,
    0xff, 0x70, 0x0, 0x7, 0xff, 0x50, 0x4, 0xff,
    0x60, 0x4e, 0xff, 0xf9, 0x10, 0x6, 0xff, 0x60,
    0x0, 0x7, 0xff, 0x50, 0x0, 0x11, 0x0, 0x1,
    0x9f, 0xff, 0xe5, 0x6, 0xff, 0x60, 0x0, 0x0,
    0x22, 0x0, 0x0, 0x0, 0x1, 0x0, 0x2, 0xcf,
    0xff, 0x17, 0xff, 0x50, 0x0, 0x0, 0x0, 0x0,
    0x0, 0x0, 0x5f, 0x91, 0x0, 0x8, 0xf7, 0x7,
    0xff, 0x50, 0x0, 0x0, 0x0, 0x0, 0x0, 0x0,
    0xdf, 0xff, 0x70, 0x0, 0x30, 0x8, 0xff, 0x40,
    0x0, 0x0, 0x0, 0x0, 0x0, 0x0, 0x2a, 0xff,
    0xfd, 0x40, 0x0, 0x9, 0xff, 0x30, 0x0, 0x0,
    0x0, 0x0, 0x0, 0x0, 0x0, 0x3c, 0xff, 0xfa,
    0x0, 0xa, 0xff, 0x20, 0x0, 0x0, 0x0, 0x0,
    0x0, 0x0, 0x0, 0x0, 0x6f, 0xfb, 0x0, 0xd,
    0xff, 0x0, 0x0, 0x0, 0x0, 0x0, 0x0, 0x0,
    0x0, 0x0, 0x1, 0xb2, 0x0, 0xf, 0xfc, 0x0,
    0x0, 0x0, 0x0, 0x0, 0x2f, 0xff, 0xff, 0xff,
    0xff, 0xff, 0xff, 0xff, 0xff, 0xff, 0xff, 0xff,
    0xff, 0xf2, 0x2f, 0xff, 0xff, 0xff, 0xff, 0xff,
    0xff, 0xff, 0xff, 0xff, 0xff, 0xff, 0xff, 0xf2,
    0x1a, 0xaa, 0xaa, 0xaa, 0xaa, 0xaa, 0xad, 0xff,
    0xea, 0xaa, 0xaa, 0xaa, 0xaa, 0xa1, 0x0, 0x0,
    0x0, 0x0, 0x0, 0x0, 0x2e, 0xff, 0xd5, 0x0,
    0x0, 0x0, 0x0, 0x0, 0x0, 0x0, 0x0, 0x0,
    0x0, 0x5, 0xef, 0xff, 0xff, 0xe8, 0x10, 0x0,
    0x0, 0x0, 0x0, 0x0, 0x0, 0x0, 0x3, 0xbf,
    0xff, 0xda, 0xff, 0xff, 0xfa, 0x30, 0x0, 0x0,
    0x0, 0x0, 0x0, 0x27, 0xdf, 0xff, 0xfa, 0x0,
    0x17, 0xef, 0xff, 0xfb, 0x40, 0x0, 0x0, 0x36,
    0xae, 0xff, 0xff, 0xfd, 0x40, 0x0, 0x0, 0x5,
    0xdf, 0xff, 0xfc, 0x40, 0xb, 0xff, 0xff, 0xff,
    0xfb, 0x50, 0x0, 0x0, 0x0, 0x0, 0x5, 0xdf,
    0xff, 0xb0, 0x4, 0xff, 0xff, 0xb6, 0x10, 0x0,
    0x0, 0x0, 0x0, 0x0, 0x0, 0x5, 0xef, 0x30,
    0x0, 0xa8, 0x40, 0x0, 0x0, 0x0, 0x0, 0x0,
    0x0, 0x0, 0x0, 0x0, 0x5, 0x0,

    /* U+5E95 "底" */
    0x0, 0x0, 0x0, 0x0, 0x0, 0x0, 0x4, 0x8a,
    0x0, 0x0, 0x0, 0x0, 0x0, 0x0, 0x0, 0x0,
    0x0, 0x0, 0x0, 0x0, 0x9, 0xff, 0x60, 0x0,
    0x0, 0x0, 0x0, 0x0, 0x0, 0x0, 0x0, 0x0,
    0x0, 0x0, 0x3, 0xff, 0xc0, 0x0, 0x0, 0x0,
    0x0, 0x0, 0x0, 0x9, 0xff, 0xff, 0xff, 0xff,
    0xff, 0xff, 0xff, 0xff, 0xff, 0xff, 0xff, 0xf5,
    0x0, 0xa, 0xff, 0xff, 0xff, 0xff, 0xff, 0xff,
    0xff, 0xff, 0xff, 0xff, 0xff, 0xf5, 0x0, 0xa,
    0xff, 0x99, 0x99, 0x99, 0x99, 0x99, 0x99, 0x99,
    0x99, 0x99, 0x99, 0x92, 0x0, 0xa, 0xff, 0x10,
    0x0, 0x0, 0x0, 0x0, 0x0, 0x0, 0x0, 0x0,
    0x0, 0x0, 0x0, 0xa, 0xff, 0x10, 0x0, 0x0,
    0x0, 0x0, 0x0, 0x24, 0x68, 0xad, 0xc0, 0x0,
    0x0, 0xa, 0xff, 0x10, 0x56, 0x78, 0x9b, 0xcd,
    0xef, 0xff, 0xff, 0xff, 0xf0, 0x0, 0x0, 0xa,
    0xff, 0x10, 0xef, 0xff, 0xff, 0xff, 0xff, 0xff,
    0xff, 0xec, 0xa1, 0x0, 0x0, 0xa, 0xff, 0x10,
    0xef, 0xff, 0xfe, 0xdb, 0xcf, 0xf6, 0x20, 0x0,
    0x0, 0x0, 0x0, 0xa, 0xff, 0x10, 0xef, 0xd0,
    0x0, 0x0, 0x5f, 0xf3, 0x0, 0x0, 0x0, 0x0,
    0x0, 0xa, 0xff, 0x10, 0xef, 0xc0, 0x0, 0x0,
    0x4f, 0xf4, 0x0, 0x0, 0x0, 0x0, 0x0, 0xa,
    0xff, 0x10, 0xef, 0xc0, 0x0, 0x0, 0x3f, 0xf5,
    0x0, 0x0, 0x0, 0x0, 0x0, 0xa, 0xff, 0x0,
    0xef, 0xc0, 0x0, 0x0, 0x2f, 0xf6, 0x0, 0x0,
    0x0, 0x0, 0x0, 0xb, 0xff, 0x0, 0xef, 0xff,
    0xff, 0xff, 0xff, 0xff, 0xff, 0xff, 0xff, 0xf2,
    0x0, 0xb, 0xff, 0x0, 0xef, 0xff, 0xff, 0xff,
    0xff, 0xff, 0xff, 0xff, 0xff, 0xf2, 0x0, 0xd,
    0xfe, 0x0, 0xef, 0xea, 0xaa, 0xaa, 0xae, 0xff,
    0xaa, 0xaa, 0xaa, 0xa1, 0x0, 0xe, 0xfc, 0x0,
    0xef, 0xc0, 0x0, 0x0, 0xa, 0xff, 0x0, 0x0,
    0x0, 0x0, 0x0, 0x1f, 0xfb, 0x0, 0xef, 0xc0,
    0x0, 0x0, 0x7, 0xff, 0x40, 0x0, 0x0, 0x0,
    0x0, 0x4f, 0xf8, 0x0, 0xef, 0xc0, 0x0, 0x0,
    0x3, 0xff, 0x80, 0x0, 0x0, 0x0, 0x0, 0x7f,
    0xf5, 0x0, 0xef, 0xc0, 0x0, 0x3b, 0x80, 0xef,
    0xe0, 0x0, 0x9, 0x20, 0x0, 0xcf, 0xf2, 0x0,
    0xef, 0xc0, 0x4b, 0xff, 0xc0, 0x9f, 0xf5, 0x0,
    0x2f, 0xf4, 0x2, 0xff, 0xd0, 0x0, 0xff, 0xee,
    0xff, 0xfe, 0x80, 0x3f, 0xfd, 0x0, 0x7f, 0xf2,
    0x8, 0xff, 0x80, 0x7, 0xff, 0xff, 0xfd, 0xc6,
    0x0, 0xb, 0xff, 0x91, 0xef, 0xc0, 0xf, 0xff,
    0x20, 0x8, 0xff, 0xfb, 0x45, 0xff, 0x90, 0x2,
    0xff, 0xff, 0xff, 0x50, 0x8f, 0xfb, 0x0, 0x2,
    0xe8, 0x10, 0x0, 0xbf, 0xfb, 0x0, 0x5f, 0xff,
    0xfc, 0x0, 0x8f, 0xf3, 0x0, 0x0, 0x0, 0x0,
    0x0, 0x9, 0xfe, 0x20, 0x4, 0xcf, 0xb1, 0x0,
    0x1, 0x60, 0x0, 0x0, 0x0, 0x0, 0x0, 0x0,
    0x83, 0x0, 0x0, 0x0, 0x0, 0x0,

    /* U+5EA6 "度" */
    0x0, 0x0, 0x0, 0x0, 0x0, 0x0, 0x0, 0x36,
    0x70, 0x0, 0x0, 0x0, 0x0, 0x0, 0x0, 0x0,
    0x0, 0x0, 0x0, 0x0, 0x0, 0xd, 0xff, 0x20,
    0x0, 0x0, 0x0, 0x0, 0x0, 0x0, 0x0, 0x0,
    0x0, 0x0, 0x0, 0x0, 0x7f, 0xf7, 0x0, 0x0,
    0x0, 0x0, 0x0, 0x0, 0x0, 0x7, 0x77, 0x77,
    0x77, 0x77, 0x79, 0xff, 0xd7, 0x77, 0x77, 0x77,
    0x77, 0x70, 0x0, 0x1, 0xff, 0xff, 0xff, 0xff,
    0xff, 0xff, 0xff, 0xff, 0xff, 0xff, 0xff, 0xff,
    0x20, 0x0, 0x1f, 0xff, 0xff, 0xff, 0xff, 0xff,
    0xff, 0xff, 0xff, 0xff, 0xff, 0xff, 0xf1, 0x0,
    0x1, 0xff, 0x90, 0x0, 0xa, 0xa5, 0x0, 0x0,
    0x0, 0x5a, 0xa0, 0x0, 0x0, 0x0, 0x0, 0x1f,
    0xf9, 0x0, 0x1, 0xff, 0x80, 0x0, 0x0, 0x8,
    0xff, 0x10, 0x0, 0x0, 0x0, 0x1, 0xff, 0xa4,
    0x44, 0x5f, 0xfa, 0x44, 0x44, 0x44, 0xaf, 0xf5,
    0x44, 0x44, 0x0, 0x0, 0x1f, 0xfe, 0xff, 0xff,
    0xff, 0xff, 0xff, 0xff, 0xff, 0xff, 0xff, 0xff,
    0xf0, 0x0, 0x1, 0xff, 0xef, 0xff, 0xff, 0xff,
    0xff, 0xff, 0xff, 0xff, 0xff, 0xff, 0xff, 0x0,
    0x0, 0x1f, 0xf9, 0x11, 0x12, 0xff, 0x81, 0x11,
    0x11, 0x18, 0xff, 0x21, 0x11, 0x10, 0x0, 0x1,
    0xff, 0x90, 0x0, 0x1f, 0xf8, 0x0, 0x0, 0x0,
    0x8f, 0xf1, 0x0, 0x0, 0x0, 0x0, 0x1f, 0xf9,
    0x0, 0x1, 0xff, 0xff, 0xff, 0xff, 0xff, 0xff,
    0x10, 0x0, 0x0, 0x0, 0x1, 0xff, 0x90, 0x0,
    0x1f, 0xff, 0xff, 0xff, 0xff, 0xff, 0xf1, 0x0,
    0x0, 0x0, 0x0, 0x2f, 0xf8, 0x0, 0x0, 0x44,
    0x44, 0x44, 0x44, 0x44, 0x44, 0x0, 0x0, 0x0,
    0x0, 0x2, 0xff, 0x80, 0x0, 0x0, 0x0, 0x0,
    0x0, 0x0, 0x0, 0x0, 0x0, 0x0, 0x0, 0x0,
    0x3f, 0xf7, 0x6f, 0xff, 0xff, 0xff, 0xff, 0xff,
    0xff, 0xff, 0xff, 0x40, 0x0, 0x0, 0x5, 0xff,
    0x67, 0xff, 0xff, 0xff, 0xff, 0xff, 0xff, 0xff,
    0xff, 0xf4, 0x0, 0x0, 0x0, 0x6f, 0xf4, 0x25,
    0xaf, 0xfc, 0x55, 0x55, 0x55, 0x55, 0xcf, 0xff,
    0x20, 0x0, 0x0, 0x9, 0xff, 0x20, 0x0, 0xbf,
    0xf8, 0x0, 0x0, 0x0, 0x9f, 0xff, 0x30, 0x0,
    0x0, 0x0, 0xcf, 0xf0, 0x0, 0x0, 0xdf, 0xf9,
    0x0, 0x3, 0xdf, 0xfe, 0x30, 0x0, 0x0, 0x0,
    0x1f, 0xfc, 0x0, 0x0, 0x1, 0xbf, 0xfd, 0x49,
    0xff, 0xfc, 0x10, 0x0, 0x0, 0x0, 0x6, 0xff,
    0x80, 0x0, 0x0, 0x0, 0x9f, 0xff, 0xff, 0xf7,
    0x0, 0x0, 0x0, 0x0, 0x0, 0xcf, 0xf2, 0x0,
    0x0, 0x4, 0x8d, 0xff, 0xff, 0xfe, 0x94, 0x10,
    0x0, 0x0, 0x0, 0x3f, 0xfc, 0x2, 0x58, 0xcf,
    0xff, 0xff, 0xfa, 0xdf, 0xff, 0xff, 0xda, 0x85,
    0x30, 0xb, 0xff, 0x5b, 0xff, 0xff, 0xff, 0xfb,
    0x60, 0x0, 0x39, 0xef, 0xff, 0xff, 0xff, 0x40,
    0xcf, 0xd0, 0x5f, 0xff, 0xe9, 0x51, 0x0, 0x0,
    0x0, 0x0, 0x37, 0xbe, 0xff, 0xe0, 0x0, 0x44,
    0x0, 0x85, 0x20, 0x0, 0x0, 0x0, 0x0, 0x0,
    0x0, 0x0, 0x1, 0x45, 0x0,

    /* U+606F "息" */
    0x0, 0x0, 0x0, 0x0, 0x0, 0x0, 0x8a, 0x81,
    0x0, 0x0, 0x0, 0x0, 0x0, 0x0, 0x0, 0x0,
    0x0, 0x0, 0x0, 0x0, 0xe, 0xff, 0x10, 0x0,
    0x0, 0x0, 0x0, 0x0, 0x0, 0x0, 0x0, 0x0,
    0x0, 0x0, 0x4, 0xff, 0xb0, 0x0, 0x0, 0x0,
    0x0, 0x0, 0x0, 0x0, 0x0, 0x9, 0xff, 0xff,
    0xff, 0xff, 0xff, 0xff, 0xff, 0xff, 0xff, 0xfb,
    0x0, 0x0, 0x0, 0x0, 0x9f, 0xff, 0xff, 0xff,
    0xff, 0xff, 0xff, 0xff, 0xff, 0xff, 0xc0, 0x0,
    0x0, 0x0, 0x9, 0xff, 0x54, 0x44, 0x44, 0x44,
    0x44, 0x44, 0x44, 0x4f, 0xfc, 0x0, 0x0, 0x0,
    0x0, 0x9f, 0xf1, 0x0, 0x0, 0x0, 0x0, 0x0,
    0x0, 0x0, 0xff, 0xc0, 0x0, 0x0, 0x0, 0x9,
    0xff, 0xee, 0xee, 0xee, 0xee, 0xee, 0xee, 0xee,
    0xef, 0xfc, 0x0, 0x0, 0x0, 0x0, 0x9f, 0xff,
    0xff, 0xff, 0xff, 0xff, 0xff, 0xff, 0xff, 0xff,
    0xc0, 0x0, 0x0, 0x0, 0x9, 0xff, 0x54, 0x44,
    0x44, 0x44, 0x44, 0x44, 0x44, 0x4f, 0xfc, 0x0,
    0x0, 0x0, 0x0, 0x9f, 0xf1, 0x0, 0x0, 0x0,
    0x0, 0x0, 0x0, 0x0, 0xff, 0xc0, 0x0, 0x0,
    0x0, 0x9, 0xff, 0x54, 0x44, 0x44, 0x44, 0x44,
    0x44, 0x44, 0x4f, 0xfc, 0x0, 0x0, 0x0, 0x0,
    0x9f, 0xff, 0xff, 0xff, 0xff, 0xff, 0xff, 0xff,
    0xff, 0xff, 0xc0, 0x0, 0x0, 0x0, 0x9, 0xff,
    0xdd, 0xdd, 0xdd, 0xdd, 0xdd, 0xdd, 0xdd, 0xdf,
    0xfc, 0x0, 0x0, 0x0, 0x0, 0x9f, 0xf1, 0x0,
    0x0, 0x0, 0x0, 0x0, 0x0, 0x0, 0xff, 0xc0,
    0x0, 0x0, 0x0, 0x9, 0xff, 0x54, 0x44, 0x44,
    0x44, 0x44, 0x44, 0x44, 0x4f, 0xfc, 0x0, 0x0,
    0x0, 0x0, 0x9f, 0xff, 0xff, 0xff, 0xff, 0xff,
    0xff, 0xff, 0xff, 0xff, 0xc0, 0x0, 0x0, 0x0,
    0x9, 0xff, 0xff, 0xff, 0xff, 0xff, 0xff, 0xff,
    0xff, 0xff, 0xfc, 0x0, 0x0, 0x0, 0x0, 0x0,
    0x0, 0x0, 0x0, 0x8, 0xf5, 0x0, 0x0, 0x0,
    0x0, 0x0, 0x0, 0x0, 0x0, 0xd, 0x82, 0xb,
    0xc9, 0x2, 0xff, 0xe2, 0x0, 0x0, 0x2, 0xc8,
    0x0, 0x0, 0x0, 0x5, 0xff, 0x60, 0xef, 0xc0,
    0x5, 0xff, 0xd0, 0x0, 0x0, 0xdf, 0xf4, 0x0,
    0x0, 0x0, 0xcf, 0xf1, 0xe, 0xfc, 0x0, 0x9,
    0xff, 0x90, 0x0, 0x3, 0xff, 0xd0, 0x0, 0x0,
    0x3f, 0xfa, 0x0, 0xef, 0xc0, 0x0, 0xe, 0xfc,
    0xa, 0xd8, 0x9, 0xff, 0x80, 0x0, 0xb, 0xff,
    0x30, 0xe, 0xfc, 0x0, 0x0, 0x48, 0x0, 0xbf,
    0xe0, 0xe, 0xff, 0x20, 0x3, 0xff, 0xb0, 0x0,
    0xef, 0xd0, 0x0, 0x0, 0x0, 0xd, 0xfc, 0x0,
    0x5f, 0xfb, 0x0, 0xcf, 0xf4, 0x0, 0xd, 0xff,
    0xa8, 0x77, 0x77, 0x8b, 0xff, 0x90, 0x0, 0xcf,
    0xf3, 0x8, 0xfb, 0x0, 0x0, 0x9f, 0xff, 0xff,
    0xff, 0xff, 0xff, 0xf3, 0x0, 0x3, 0xd3, 0x0,
    0x1, 0x20, 0x0, 0x1, 0x9e, 0xff, 0xff, 0xff,
    0xff, 0xc5, 0x0, 0x0, 0x0, 0x0, 0x0, 0x0,
    0x0, 0x0, 0x0, 0x0, 0x0, 0x0, 0x0, 0x0,
    0x0, 0x0, 0x0, 0x0, 0x0,

    /* U+63A5 "接" */
    0x0, 0x0, 0x22, 0x10, 0x0, 0x0, 0x0, 0x0,
    0x14, 0x71, 0x0, 0x0, 0x0, 0x0, 0x0, 0x0,
    0xef, 0x90, 0x0, 0x0, 0x0, 0x0, 0x7f, 0xf6,
    0x0, 0x0, 0x0, 0x0, 0x0, 0x0, 0xef, 0x90,
    0x0, 0x0, 0x0, 0x0, 0x2f, 0xfb, 0x0, 0x0,
    0x0, 0x0, 0x0, 0x0, 0xef, 0x90, 0x0, 0x89,
    0x99, 0x99, 0x9f, 0xff, 0x99, 0x99, 0x99, 0x40,
    0x0, 0x0, 0xef, 0x90, 0x0, 0xdf, 0xff, 0xff,
    0xff, 0xff, 0xff, 0xff, 0xff, 0x80, 0x0, 0x0,
    0xef, 0x90, 0x0, 0xac, 0xcc, 0xdc, 0xcc, 0xcc,
    0xcd, 0xdc, 0xcc, 0x60, 0x3f, 0xff, 0xff, 0xff,
    0xf9, 0x0, 0x4c, 0xd0, 0x0, 0x0, 0x9, 0xfb,
    0x0, 0x0, 0x3f, 0xff, 0xff, 0xff, 0xf9, 0x0,
    0x5f, 0xf9, 0x0, 0x0, 0x2f, 0xfb, 0x0, 0x0,
    0x18, 0x88, 0xff, 0xc8, 0x84, 0x0, 0xb, 0xff,
    0x30, 0x0, 0xbf, 0xf3, 0x0, 0x0, 0x0, 0x0,
    0xef, 0x90, 0x0, 0x0, 0x1, 0xff, 0x60, 0x5,
    0xff, 0xa0, 0x0, 0x0, 0x0, 0x0, 0xef, 0x90,
    0x8, 0xff, 0xff, 0xff, 0xff, 0xff, 0xff, 0xff,
    0xff, 0xf9, 0x0, 0x0, 0xef, 0x90, 0x9, 0xff,
    0xff, 0xff, 0xff, 0xff, 0xff, 0xff, 0xff, 0xf9,
    0x0, 0x0, 0xef, 0x93, 0x74, 0x77, 0x77, 0x98,
    0x77, 0x77, 0x77, 0x77, 0x77, 0x74, 0x0, 0x0,
    0xef, 0xff, 0xf0, 0x0, 0x0, 0x9f, 0xd0, 0x0,
    0x0, 0x0, 0x0, 0x0, 0x0, 0x28, 0xff, 0xff,
    0xf2, 0x0, 0x0, 0xef, 0xc0, 0x0, 0x0, 0x0,
    0x0, 0x0, 0x6d, 0xff, 0xff, 0xfb, 0x44, 0x44,
    0x47, 0xff, 0x94, 0x44, 0x44, 0x44, 0x44, 0x41,
    0xaf, 0xff, 0xff, 0x90, 0x2f, 0xff, 0xff, 0xff,
    0xff, 0xff, 0xff, 0xff, 0xff, 0xf4, 0x6f, 0xa4,
    0xef, 0x90, 0x2f, 0xff, 0xff, 0xff, 0xff, 0xff,
    0xff, 0xff, 0xff, 0xf4, 0x0, 0x0, 0xef, 0x90,
    0x2, 0x22, 0xbf, 0xf4, 0x22, 0x22, 0x3f, 0xfd,
    0x22, 0x20, 0x0, 0x0, 0xef, 0x90, 0x0, 0x2,
    0xff, 0xa0, 0x0, 0x0, 0x9f, 0xf5, 0x0, 0x0,
    0x0, 0x0, 0xef, 0x90, 0x0, 0xb, 0xff, 0xb5,
    0x0, 0x4, 0xff, 0xd0, 0x0, 0x0, 0x0, 0x0,
    0xef, 0x90, 0x0, 0x9, 0xef, 0xff, 0xf9, 0x5f,
    0xff, 0x20, 0x0, 0x0, 0x0, 0x0, 0xef, 0x90,
    0x0, 0x0, 0x4, 0xbf, 0xff, 0xff, 0xf6, 0x0,
    0x0, 0x0, 0x0, 0x0, 0xef, 0x90, 0x0, 0x0,
    0x0, 0x5, 0xff, 0xff, 0xfe, 0x70, 0x0, 0x0,
    0x0, 0x0, 0xff, 0x90, 0x0, 0x0, 0x17, 0xcf,
    0xff, 0xee, 0xff, 0xfe, 0x70, 0x0, 0x2b, 0xab,
    0xff, 0x80, 0x36, 0x9d, 0xff, 0xff, 0xe7, 0x0,
    0x5d, 0xff, 0xfe, 0x60, 0x1f, 0xff, 0xff, 0x40,
    0xff, 0xff, 0xff, 0xc5, 0x0, 0x0, 0x0, 0x5d,
    0xff, 0xf3, 0xd, 0xee, 0xc6, 0x0, 0x9f, 0xfb,
    0x61, 0x0, 0x0, 0x0, 0x0, 0x0, 0x7f, 0xa0,
    0x0, 0x0, 0x0, 0x0, 0x23, 0x0, 0x0, 0x0,
    0x0, 0x0, 0x0, 0x0, 0x1, 0x10,

    /* U+6570 "数" */
    0x0, 0x0, 0x0, 0x0, 0x0, 0x0, 0x0, 0x0,
    0x0, 0x3, 0x0, 0x0, 0x0, 0x0, 0x0, 0x0,
    0x11, 0x0, 0x2f, 0xf4, 0x0, 0x2, 0x0, 0x1,
    0xff, 0x80, 0x0, 0x0, 0x0, 0x0, 0x3e, 0xd0,
    0x2, 0xff, 0x40, 0x9, 0xf6, 0x0, 0x6f, 0xf5,
    0x0, 0x0, 0x0, 0x0, 0x1, 0xef, 0x90, 0x2f,
    0xf4, 0x3, 0xff, 0x60, 0xa, 0xff, 0x10, 0x0,
    0x0, 0x0, 0x0, 0x5, 0xff, 0x42, 0xff, 0x41,
    0xef, 0xb0, 0x0, 0xff, 0xb0, 0x0, 0x0, 0x0,
    0x0, 0x0, 0xa, 0xfb, 0x2f, 0xf4, 0x9f, 0xe1,
    0x0, 0x6f, 0xfa, 0x66, 0x66, 0x66, 0x62, 0x0,
    0x0, 0x17, 0x2, 0xff, 0x40, 0x93, 0x0, 0xb,
    0xff, 0xff, 0xff, 0xff, 0xff, 0x70, 0x3c, 0xcc,
    0xcc, 0xcf, 0xfd, 0xcc, 0xcc, 0x92, 0xff, 0xff,
    0xff, 0xff, 0xff, 0xf7, 0x5, 0xff, 0xff, 0xff,
    0xff, 0xff, 0xff, 0xfc, 0x9f, 0xf7, 0x55, 0x58,
    0xff, 0x75, 0x20, 0x27, 0x77, 0x7f, 0xff, 0xfb,
    0x77, 0x77, 0x6f, 0xff, 0x10, 0x0, 0x6f, 0xf2,
    0x0, 0x0, 0x0, 0x9, 0xff, 0xff, 0xf9, 0x0,
    0x8, 0xff, 0xf3, 0x0, 0x8, 0xff, 0x0, 0x0,
    0x0, 0xa, 0xff, 0x8f, 0xff, 0xfe, 0x31, 0xff,
    0xff, 0x60, 0x0, 0xbf, 0xe0, 0x0, 0x0, 0x2c,
    0xff, 0x72, 0xff, 0x7d, 0xff, 0x9e, 0xff, 0xf9,
    0x0, 0xe, 0xfb, 0x0, 0x0, 0x7f, 0xff, 0x70,
    0x2f, 0xf4, 0xb, 0xff, 0x79, 0x9f, 0xd0, 0x1,
    0xff, 0x80, 0x0, 0xa, 0xff, 0x50, 0x12, 0xee,
    0x40, 0x9, 0xd0, 0x6, 0xff, 0x10, 0x6f, 0xf5,
    0x0, 0x0, 0x9, 0x20, 0xe, 0xe8, 0x0, 0x0,
    0x1, 0x0, 0x1f, 0xf6, 0xa, 0xff, 0x10, 0x0,
    0x0, 0x0, 0x5, 0xff, 0x70, 0x0, 0x0, 0x0,
    0x0, 0xdf, 0xb0, 0xff, 0xc0, 0x0, 0x0, 0x7f,
    0xff, 0xff, 0xff, 0xff, 0xff, 0xfe, 0x0, 0x7,
    0xff, 0x9f, 0xf7, 0x0, 0x0, 0x7, 0xff, 0xff,
    0xff, 0xff, 0xff, 0xff, 0xe0, 0x0, 0x1f, 0xff,
    0xff, 0x10, 0x0, 0x0, 0x14, 0x4e, 0xff, 0x54,
    0x44, 0x5f, 0xfb, 0x0, 0x0, 0x9f, 0xff, 0x90,
    0x0, 0x0, 0x0, 0x4, 0xff, 0x90, 0x0, 0x8,
    0xff, 0x30, 0x0, 0x3, 0xff, 0xf2, 0x0, 0x0,
    0x0, 0x0, 0xdf, 0xfe, 0x81, 0x4, 0xff, 0xa0,
    0x0, 0x0, 0xaf, 0xff, 0x80, 0x0, 0x0, 0x0,
    0x3, 0x9f, 0xff, 0xfa, 0xff, 0xd1, 0x0, 0x0,
    0x7f, 0xff, 0xff, 0x50, 0x0, 0x0, 0x0, 0x0,
    0x17, 0xef, 0xff, 0xf5, 0x0, 0x0, 0x5f, 0xff,
    0x7f, 0xff, 0x40, 0x0, 0x0, 0x0, 0x0, 0x6d,
    0xff, 0xff, 0xfa, 0x10, 0x6f, 0xff, 0x70, 0x6f,
    0xff, 0x40, 0x0, 0x0, 0x49, 0xff, 0xff, 0xb8,
    0xff, 0xf7, 0x7f, 0xff, 0x80, 0x0, 0x8f, 0xff,
    0x50, 0x8, 0xef, 0xff, 0xfc, 0x40, 0x1, 0xbc,
    0xbf, 0xff, 0x80, 0x0, 0x0, 0x9f, 0xff, 0x70,
    0x7f, 0xff, 0xa4, 0x0, 0x0, 0x0, 0x7, 0xff,
    0x70, 0x0, 0x0, 0x0, 0x9f, 0xe2, 0x0, 0xa6,
    0x10, 0x0, 0x0, 0x0, 0x0, 0x7, 0x40, 0x0,
    0x0, 0x0, 0x0, 0x73, 0x0,

    /* U+65E5 "日" */
    0xab, 0xbb, 0xbb, 0xbb, 0xbb, 0xbb, 0xbb, 0xbb,
    0xbb, 0xbb, 0xe, 0xff, 0xff, 0xff, 0xff, 0xff,
    0xff, 0xff, 0xff, 0xff, 0xf1, 0xef, 0xff, 0xff,
    0xff, 0xff, 0xff, 0xff, 0xff, 0xff, 0xff, 0x1e,
    0xff, 0x0, 0x0, 0x0, 0x0, 0x0, 0x0, 0x0,
    0xcf, 0xf1, 0xef, 0xf0, 0x0, 0x0, 0x0, 0x0,
    0x0, 0x0, 0xc, 0xff, 0x1e, 0xff, 0x0, 0x0,
    0x0, 0x0, 0x0, 0x0, 0x0, 0xcf, 0xf1, 0xef,
    0xf0, 0x0, 0x0, 0x0, 0x0, 0x0, 0x0, 0xc,
    0xff, 0x1e, 0xff, 0x0, 0x0, 0x0, 0x0, 0x0,
    0x0, 0x0, 0xcf, 0xf1, 0xef, 0xf0, 0x0, 0x0,
    0x0, 0x0, 0x0, 0x0, 0xc, 0xff, 0x1e, 0xff,
    0x0, 0x0, 0x0, 0x0, 0x0, 0x0, 0x0, 0xcf,
    0xf1, 0xef, 0xf0, 0x0, 0x0, 0x0, 0x0, 0x0,
    0x0, 0xc, 0xff, 0x1e, 0xff, 0xff, 0xff, 0xff,
    0xff, 0xff, 0xff, 0xff, 0xff, 0xf1, 0xef, 0xff,
    0xff, 0xff, 0xff, 0xff, 0xff, 0xff, 0xff, 0xff,
    0x1e, 0xff, 0xbb, 0xbb, 0xbb, 0xbb, 0xbb, 0xbb,
    0xbb, 0xff, 0xf1, 0xef, 0xf0, 0x0, 0x0, 0x0,
    0x0, 0x0, 0x0, 0xc, 0xff, 0x1e, 0xff, 0x0,
    0x0, 0x0, 0x0, 0x0, 0x0, 0x0, 0xcf, 0xf1,
    0xef, 0xf0, 0x0, 0x0, 0x0, 0x0, 0x0, 0x0,
    0xc, 0xff, 0x1e, 0xff, 0x0, 0x0, 0x0, 0x0,
    0x0, 0x0, 0x0, 0xcf, 0xf1, 0xef, 0xf0, 0x0,
    0x0, 0x0, 0x0, 0x0, 0x0, 0xc, 0xff, 0x1e,
    0xff, 0x0, 0x0, 0x0, 0x0, 0x0, 0x0, 0x0,
    0xcf, 0xf1, 0xef, 0xf0, 0x0, 0x0, 0x0, 0x0,
    0x0, 0x0, 0xc, 0xff, 0x1e, 0xff, 0x0, 0x0,
    0x0, 0x0, 0x0, 0x0, 0x0, 0xcf, 0xf1, 0xef,
    0xfb, 0xbb, 0xbb, 0xbb, 0xbb, 0xbb, 0xbb, 0xbe,
    0xff, 0x1e, 0xff, 0xff, 0xff, 0xff, 0xff, 0xff,
    0xff, 0xff, 0xff, 0xf1, 0xef, 0xff, 0xff, 0xff,
    0xff, 0xff, 0xff, 0xff, 0xff, 0xff, 0x11, 0x11,
    0x11, 0x11, 0x11, 0x11, 0x11, 0x11, 0x11, 0x11,
    0x10,

    /* U+65F6 "时" */
    0x0, 0x0, 0x0, 0x0, 0x0, 0x0, 0x0, 0x0,
    0x0, 0x0, 0x68, 0x80, 0x0, 0x0, 0x0, 0x0,
    0x0, 0x0, 0x0, 0x0, 0x0, 0x0, 0x0, 0xc,
    0xff, 0x10, 0x0, 0x6, 0x66, 0x66, 0x66, 0x66,
    0x30, 0x0, 0x0, 0x0, 0x0, 0xcf, 0xf1, 0x0,
    0x1, 0xff, 0xff, 0xff, 0xff, 0xf9, 0x0, 0x0,
    0x0, 0x0, 0xc, 0xff, 0x10, 0x0, 0x1f, 0xff,
    0xff, 0xff, 0xff, 0x90, 0x0, 0x0, 0x0, 0x0,
    0xcf, 0xf1, 0x0, 0x1, 0xff, 0xa5, 0x55, 0x5f,
    0xf9, 0x0, 0x0, 0x0, 0x0, 0xc, 0xff, 0x10,
    0x0, 0x1f, 0xf8, 0x0, 0x0, 0xff, 0x96, 0xbb,
    0xbb, 0xbb, 0xbb, 0xef, 0xfb, 0xbb, 0x51, 0xff,
    0x80, 0x0, 0xf, 0xf9, 0x9f, 0xff, 0xff, 0xff,
    0xff, 0xff, 0xff, 0xf8, 0x1f, 0xf8, 0x0, 0x0,
    0xff, 0x99, 0xff, 0xff, 0xff, 0xff, 0xff, 0xff,
    0xff, 0x81, 0xff, 0x80, 0x0, 0xf, 0xf9, 0x1,
    0x11, 0x11, 0x11, 0x1d, 0xff, 0x21, 0x10, 0x1f,
    0xf8, 0x0, 0x0, 0xff, 0x90, 0x0, 0x10, 0x0,
    0x0, 0xcf, 0xf1, 0x0, 0x1, 0xff, 0x80, 0x0,
    0xf, 0xf9, 0x3, 0xdd, 0x0, 0x0, 0xc, 0xff,
    0x10, 0x0, 0x1f, 0xfc, 0x99, 0x99, 0xff, 0x90,
    0x9f, 0xf7, 0x0, 0x0, 0xcf, 0xf1, 0x0, 0x1,
    0xff, 0xff, 0xff, 0xff, 0xf9, 0x1, 0xef, 0xe1,
    0x0, 0xc, 0xff, 0x10, 0x0, 0x1f, 0xff, 0xff,
    0xff, 0xff, 0x90, 0x7, 0xff, 0x80, 0x0, 0xcf,
    0xf1, 0x0, 0x1, 0xff, 0x80, 0x0, 0xf, 0xf9,
    0x0, 0xe, 0xff, 0x10, 0xc, 0xff, 0x10, 0x0,
    0x1f, 0xf8, 0x0, 0x0, 0xff, 0x90, 0x0, 0x6f,
    0xf9, 0x0, 0xcf, 0xf1, 0x0, 0x1, 0xff, 0x80,
    0x0, 0xf, 0xf9, 0x0, 0x0, 0xef, 0xf0, 0xc,
    0xff, 0x10, 0x0, 0x1f, 0xf8, 0x0, 0x0, 0xff,
    0x90, 0x0, 0x7, 0xff, 0x30, 0xcf, 0xf1, 0x0,
    0x1, 0xff, 0x80, 0x0, 0xf, 0xf9, 0x0, 0x0,
    0x19, 0x10, 0xc, 0xff, 0x10, 0x0, 0x1f, 0xf8,
    0x0, 0x0, 0xff, 0x90, 0x0, 0x0, 0x0, 0x0,
    0xcf, 0xf1, 0x0, 0x1, 0xff, 0x80, 0x0, 0xf,
    0xf9, 0x0, 0x0, 0x0, 0x0, 0xc, 0xff, 0x10,
    0x0, 0x1f, 0xf8, 0x0, 0x0, 0xff, 0x90, 0x0,
    0x0, 0x0, 0x0, 0xcf, 0xf1, 0x0, 0x1, 0xff,
    0xff, 0xff, 0xff, 0xf9, 0x0, 0x0, 0x0, 0x0,
    0xc, 0xff, 0x10, 0x0, 0x1f, 0xff, 0xff, 0xff,
    0xff, 0x90, 0x0, 0x0, 0x0, 0x2, 0xef, 0xf1,
    0x0, 0x0, 0xbb, 0xbb, 0xbb, 0xbb, 0xb6, 0x0,
    0x0, 0xef, 0xff, 0xff, 0xff, 0x0, 0x0, 0x0,
    0x0, 0x0, 0x0, 0x0, 0x0, 0x0, 0xb, 0xff,
    0xff, 0xff, 0x90, 0x0, 0x0, 0x0, 0x0, 0x0,
    0x0, 0x0, 0x0, 0x0, 0x8f, 0xff, 0xec, 0x70,
    0x0, 0x0,

    /* U+671F "期" */
    0x0, 0xf, 0xf6, 0x0, 0x0, 0x9f, 0xd0, 0x0,
    0x0, 0x0, 0x0, 0x0, 0x0, 0x0, 0xf, 0xf6,
    0x0, 0x0, 0x9f, 0xd0, 0x0, 0xab, 0xbb, 0xbb,
    0xbb, 0xba, 0x3, 0x4f, 0xf8, 0x33, 0x33, 0xbf,
    0xe3, 0x30, 0xef, 0xff, 0xff, 0xff, 0xfe, 0x1f,
    0xff, 0xff, 0xff, 0xff, 0xff, 0xff, 0xf1, 0xef,
    0xec, 0xcc, 0xce, 0xfe, 0x1f, 0xff, 0xff, 0xff,
    0xff, 0xff, 0xff, 0xf1, 0xef, 0x90, 0x0, 0x8,
    0xfe, 0x1, 0x1f, 0xf7, 0x11, 0x11, 0xaf, 0xd1,
    0x10, 0xef, 0x90, 0x0, 0x8, 0xfe, 0x0, 0xf,
    0xf6, 0x0, 0x0, 0x9f, 0xd0, 0x0, 0xef, 0x90,
    0x0, 0x8, 0xfe, 0x0, 0xf, 0xfa, 0x66, 0x66,
    0xcf, 0xd0, 0x0, 0xef, 0x90, 0x0, 0x8, 0xfe,
    0x0, 0xf, 0xff, 0xff, 0xff, 0xff, 0xd0, 0x0,
    0xef, 0xc7, 0x77, 0x7b, 0xfe, 0x0, 0xf, 0xfe,
    0xdd, 0xdd, 0xff, 0xd0, 0x0, 0xef, 0xff, 0xff,
    0xff, 0xfe, 0x0, 0xf, 0xf6, 0x0, 0x0, 0x9f,
    0xd0, 0x0, 0xef, 0xff, 0xff, 0xff, 0xfe, 0x0,
    0xf, 0xf6, 0x0, 0x0, 0x9f, 0xd0, 0x0, 0xef,
    0x90, 0x0, 0x8, 0xfe, 0x0, 0xf, 0xf9, 0x44,
    0x44, 0xbf, 0xd0, 0x0, 0xef, 0x80, 0x0, 0x8,
    0xfe, 0x0, 0xf, 0xff, 0xff, 0xff, 0xff, 0xd0,
    0x0, 0xff, 0x80, 0x0, 0x8, 0xfe, 0x0, 0xf,
    0xff, 0xff, 0xff, 0xff, 0xd0, 0x0, 0xff, 0x80,
    0x0, 0x8, 0xfe, 0x0, 0xf, 0xf6, 0x0, 0x0,
    0x9f, 0xd0, 0x0, 0xff, 0x70, 0x0, 0x8, 0xfe,
    0x0, 0xf, 0xf6, 0x0, 0x0, 0x9f, 0xd0, 0x0,
    0xff, 0xff, 0xff, 0xff, 0xfe, 0x56, 0x6f, 0xfa,
    0x66, 0x66, 0xcf, 0xe6, 0x63, 0xff, 0xff, 0xff,
    0xff, 0xfe, 0xef, 0xff, 0xff, 0xff, 0xff, 0xff,
    0xff, 0xf5, 0xff, 0x97, 0x77, 0x7c, 0xfe, 0xef,
    0xff, 0xff, 0xff, 0xff, 0xff, 0xff, 0xf8, 0xff,
    0x20, 0x0, 0x8, 0xfe, 0x0, 0x0, 0x39, 0x0,
    0x8, 0x70, 0x0, 0x9, 0xff, 0x0, 0x0, 0x8,
    0xfe, 0x0, 0x1, 0xef, 0xc0, 0x6f, 0xf9, 0x0,
    0xe, 0xfd, 0x0, 0x0, 0x8, 0xfe, 0x0, 0x1d,
    0xff, 0x60, 0x1c, 0xff, 0xa0, 0x5f, 0xf9, 0x0,
    0x0, 0x8, 0xfe, 0x1, 0xcf, 0xf8, 0x0, 0x0,
    0xbf, 0xf7, 0xdf, 0xf3, 0x0, 0x0, 0x9, 0xfe,
    0x2d, 0xff, 0xa0, 0x0, 0x0, 0xb, 0x98, 0xff,
    0xb0, 0x5, 0xcb, 0xcf, 0xfd, 0xbf, 0xfb, 0x0,
    0x0, 0x0, 0x0, 0x4f, 0xff, 0x20, 0x3, 0xff,
    0xff, 0xf9, 0x1c, 0xb0, 0x0, 0x0, 0x0, 0x0,
    0x2c, 0xf7, 0x0, 0x0, 0xff, 0xfd, 0x80, 0x1,
    0x0, 0x0, 0x0, 0x0, 0x0, 0x0, 0x60, 0x0,
    0x0, 0x0, 0x0, 0x0,

    /* U+672A "未" */
    0x0, 0x0, 0x0, 0x0, 0x0, 0x0, 0x2b, 0xb5,
    0x0, 0x0, 0x0, 0x0, 0x0, 0x0, 0x0, 0x0,
    0x0, 0x0, 0x0, 0x0, 0x3f, 0xf7, 0x0, 0x0,
    0x0, 0x0, 0x0, 0x0, 0x0, 0x0, 0x0, 0x0,
    0x0, 0x0, 0x3f, 0xf7, 0x0, 0x0, 0x0, 0x0,
    0x0, 0x0, 0x0, 0x0, 0x0, 0x0, 0x0, 0x0,
    0x3f, 0xf7, 0x0, 0x0, 0x0, 0x0, 0x0, 0x0,
    0x0, 0x0, 0x0, 0x0, 0x0, 0x0, 0x3f, 0xf8,
    0x0, 0x0, 0x0, 0x0, 0x0, 0x0, 0x0, 0xa,
    0xff, 0xff, 0xff, 0xff, 0xff, 0xff, 0xff, 0xff,
    0xff, 0xff, 0xf0, 0x0, 0x0, 0xa, 0xff, 0xff,
    0xff, 0xff, 0xff, 0xff, 0xff, 0xff, 0xff, 0xff,
    0xf0, 0x0, 0x0, 0x6, 0x99, 0x99, 0x99, 0x99,
    0xaf, 0xfc, 0x99, 0x99, 0x99, 0x99, 0x80, 0x0,
    0x0, 0x0, 0x0, 0x0, 0x0, 0x0, 0x3f, 0xf7,
    0x0, 0x0, 0x0, 0x0, 0x0, 0x0, 0x0, 0x0,
    0x0, 0x0, 0x0, 0x0, 0x3f, 0xf7, 0x0, 0x0,
    0x0, 0x0, 0x0, 0x0, 0x0, 0x0, 0x0, 0x0,
    0x0, 0x0, 0x3f, 0xf7, 0x0, 0x0, 0x0, 0x0,
    0x0, 0x0, 0x0, 0x0, 0x0, 0x0, 0x0, 0x0,
    0x3f, 0xf7, 0x0, 0x0, 0x0, 0x0, 0x0, 0x0,
    0x9, 0xff, 0xff, 0xff, 0xff, 0xff, 0xff, 0xff,
    0xff, 0xff, 0xff, 0xff, 0xff, 0xe0, 0x9, 0xff,
    0xff, 0xff, 0xff, 0xff, 0xff, 0xff, 0xff, 0xff,
    0xff, 0xff, 0xff, 0xe0, 0x6, 0xbb, 0xbb, 0xbb,
    0xbb, 0xef, 0xff, 0xff, 0xff, 0xbb, 0xbb, 0xbb,
    0xbb, 0xa0, 0x0, 0x0, 0x0, 0x0, 0x3, 0xff,
    0xcf, 0xfc, 0xff, 0x70, 0x0, 0x0, 0x0, 0x0,
    0x0, 0x0, 0x0, 0x0, 0xd, 0xff, 0x4f, 0xf7,
    0xcf, 0xf2, 0x0, 0x0, 0x0, 0x0, 0x0, 0x0,
    0x0, 0x0, 0x9f, 0xf7, 0x3f, 0xf7, 0x3f, 0xfd,
    0x10, 0x0, 0x0, 0x0, 0x0, 0x0, 0x0, 0x7,
    0xff, 0xd0, 0x3f, 0xf7, 0x8, 0xff, 0xc0, 0x0,
    0x0, 0x0, 0x0, 0x0, 0x0, 0x6f, 0xff, 0x20,
    0x3f, 0xf7, 0x0, 0xcf, 0xfa, 0x0, 0x0, 0x0,
    0x0, 0x0, 0x8, 0xff, 0xf5, 0x0, 0x3f, 0xf7,
    0x0, 0x1d, 0xff, 0xb0, 0x0, 0x0, 0x0, 0x0,
    0xaf, 0xff, 0x60, 0x0, 0x3f, 0xf7, 0x0, 0x2,
    0xef, 0xfc, 0x10, 0x0, 0x0, 0x3d, 0xff, 0xf5,
    0x0, 0x0, 0x3f, 0xf7, 0x0, 0x0, 0x2e, 0xff,
    0xe4, 0x0, 0x8, 0xff, 0xff, 0x40, 0x0, 0x0,
    0x3f, 0xf7, 0x0, 0x0, 0x2, 0xdf, 0xff, 0xa1,
    0x8f, 0xff, 0xd2, 0x0, 0x0, 0x0, 0x3f, 0xf7,
    0x0, 0x0, 0x0, 0x1b, 0xff, 0xfb, 0xc, 0xf8,
    0x0, 0x0, 0x0, 0x0, 0x3f, 0xf7, 0x0, 0x0,
    0x0, 0x0, 0x7f, 0xf2, 0x2, 0x30, 0x0, 0x0,
    0x0, 0x0, 0x3f, 0xf7, 0x0, 0x0, 0x0, 0x0,
    0x2, 0x40, 0x0, 0x0, 0x0, 0x0, 0x0, 0x0,
    0x3f, 0xf7, 0x0, 0x0, 0x0, 0x0, 0x0, 0x0,

    /* U+672C "本" */
    0x0, 0x0, 0x0, 0x0, 0x0, 0x0, 0x3, 0xee,
    0x80, 0x0, 0x0, 0x0, 0x0, 0x0, 0x0, 0x0,
    0x0, 0x0, 0x0, 0x0, 0x0, 0x4, 0xff, 0x90,
    0x0, 0x0, 0x0, 0x0, 0x0, 0x0, 0x0, 0x0,
    0x0, 0x0, 0x0, 0x0, 0x4, 0xff, 0x90, 0x0,
    0x0, 0x0, 0x0, 0x0, 0x0, 0x0, 0x0, 0x0,
    0x0, 0x0, 0x0, 0x4, 0xff, 0x90, 0x0, 0x0,
    0x0, 0x0, 0x0, 0x0, 0x0, 0x0, 0x0, 0x0,
    0x0, 0x0, 0x4, 0xff, 0x90, 0x0, 0x0, 0x0,
    0x0, 0x0, 0x0, 0x0, 0x3b, 0xbb, 0xbb, 0xbb,
    0xbb, 0xbc, 0xff, 0xdb, 0xbb, 0xbb, 0xbb, 0xbb,
    0xb9, 0x0, 0x0, 0x5f, 0xff, 0xff, 0xff, 0xff,
    0xff, 0xff, 0xff, 0xff, 0xff, 0xff, 0xff, 0xfd,
    0x0, 0x0, 0x5f, 0xff, 0xff, 0xff, 0xff, 0xff,
    0xff, 0xff, 0xff, 0xff, 0xff, 0xff, 0xfd, 0x0,
    0x0, 0x0, 0x0, 0x0, 0x0, 0x5f, 0xfa, 0xff,
    0xaf, 0xf9, 0x0, 0x0, 0x0, 0x0, 0x0, 0x0,
    0x0, 0x0, 0x0, 0x0, 0xcf, 0xf5, 0xff, 0x9a,
    0xff, 0x0, 0x0, 0x0, 0x0, 0x0, 0x0, 0x0,
    0x0, 0x0, 0x3, 0xff, 0xa4, 0xff, 0x95, 0xff,
    0x70, 0x0, 0x0, 0x0, 0x0, 0x0, 0x0, 0x0,
    0x0, 0xa, 0xff, 0x44, 0xff, 0x90, 0xef, 0xd0,
    0x0, 0x0, 0x0, 0x0, 0x0, 0x0, 0x0, 0x0,
    0x3f, 0xfd, 0x4, 0xff, 0x90, 0x8f, 0xf6, 0x0,
    0x0, 0x0, 0x0, 0x0, 0x0, 0x0, 0x0, 0xcf,
    0xf5, 0x4, 0xff, 0x90, 0x1f, 0xfe, 0x10, 0x0,
    0x0, 0x0, 0x0, 0x0, 0x0, 0x5, 0xff, 0xd0,
    0x4, 0xff, 0x90, 0x8, 0xff, 0x90, 0x0, 0x0,
    0x0, 0x0, 0x0, 0x0, 0x1e, 0xff, 0x40, 0x4,
    0xff, 0x90, 0x0, 0xef, 0xf3, 0x0, 0x0, 0x0,
    0x0, 0x0, 0x0, 0xaf, 0xfb, 0x0, 0x4, 0xff,
    0x90, 0x0, 0x6f, 0xfe, 0x10, 0x0, 0x0, 0x0,
    0x0, 0x5, 0xff, 0xf1, 0x0, 0x4, 0xff, 0x90,
    0x0, 0xb, 0xff, 0xb0, 0x0, 0x0, 0x0, 0x0,
    0x3f, 0xff, 0x60, 0x0, 0x4, 0xff, 0x90, 0x0,
    0x1, 0xff, 0xf8, 0x0, 0x0, 0x0, 0x1, 0xef,
    0xfa, 0x0, 0x0, 0x4, 0xff, 0x90, 0x0, 0x0,
    0x5f, 0xff, 0x70, 0x0, 0x0, 0x1d, 0xff, 0xd1,
    0x11, 0x11, 0x14, 0xff, 0x91, 0x11, 0x11, 0x9,
    0xff, 0xf6, 0x0, 0x1, 0xcf, 0xff, 0x26, 0xff,
    0xff, 0xff, 0xff, 0xff, 0xff, 0xff, 0xd0, 0xbf,
    0xff, 0x80, 0xc, 0xff, 0xf4, 0x6, 0xff, 0xff,
    0xff, 0xff, 0xff, 0xff, 0xff, 0xd0, 0xc, 0xff,
    0xf2, 0x3, 0xff, 0x50, 0x4, 0xaa, 0xaa, 0xab,
    0xff, 0xda, 0xaa, 0xaa, 0x80, 0x1, 0xcf, 0x40,
    0x0, 0x35, 0x0, 0x0, 0x0, 0x0, 0x4, 0xff,
    0x90, 0x0, 0x0, 0x0, 0x0, 0x4, 0x0, 0x0,
    0x0, 0x0, 0x0, 0x0, 0x0, 0x4, 0xff, 0x90,
    0x0, 0x0, 0x0, 0x0, 0x0, 0x0, 0x0, 0x0,
    0x0, 0x0, 0x0, 0x0, 0x4, 0xff, 0x90, 0x0,
    0x0, 0x0, 0x0, 0x0, 0x0, 0x0, 0x0, 0x0,
    0x0, 0x0, 0x0, 0x4, 0xff, 0x90, 0x0, 0x0,
    0x0, 0x0, 0x0, 0x0,

    /* U+6837 "样" */
    0x0, 0x0, 0x0, 0x0, 0x0, 0x0, 0x0, 0x1,
    0x0, 0x0, 0x0, 0x1, 0x0, 0x0, 0x0, 0x0,
    0x0, 0x8d, 0xd1, 0x0, 0x0, 0x1a, 0xf3, 0x0,
    0x0, 0x2, 0xfb, 0x30, 0x0, 0x0, 0x0, 0xa,
    0xff, 0x10, 0x0, 0x3, 0xff, 0xc0, 0x0, 0x0,
    0xaf, 0xf5, 0x0, 0x0, 0x0, 0x0, 0xaf, 0xf1,
    0x0, 0x0, 0xb, 0xff, 0x40, 0x0, 0x2f, 0xfd,
    0x0, 0x0, 0x0, 0x0, 0xa, 0xff, 0x10, 0x0,
    0x0, 0x3f, 0xfc, 0x0, 0x9, 0xff, 0x50, 0x0,
    0x0, 0x0, 0x0, 0xaf, 0xf1, 0x0, 0x0, 0x0,
    0xbf, 0xd1, 0x2, 0xff, 0xd0, 0x0, 0x0, 0x0,
    0x0, 0xa, 0xff, 0x10, 0x0, 0x88, 0x8b, 0xd8,
    0x88, 0xcf, 0xfb, 0x88, 0x83, 0x0, 0x4a, 0xaa,
    0xef, 0xfa, 0xaa, 0x4f, 0xff, 0xff, 0xff, 0xff,
    0xff, 0xff, 0xff, 0x60, 0x7, 0xff, 0xff, 0xff,
    0xff, 0xf7, 0xff, 0xff, 0xff, 0xff, 0xff, 0xff,
    0xff, 0xf6, 0x0, 0x6f, 0xff, 0xff, 0xff, 0xff,
    0x63, 0x33, 0x33, 0x3f, 0xfc, 0x33, 0x33, 0x33,
    0x10, 0x0, 0x0, 0xe, 0xff, 0x10, 0x0, 0x0,
    0x0, 0x0, 0xff, 0xb0, 0x0, 0x0, 0x0, 0x0,
    0x0, 0x3, 0xff, 0xf1, 0x0, 0x0, 0x0, 0x0,
    0xf, 0xfb, 0x0, 0x0, 0x0, 0x0, 0x0, 0x0,
    0x9f, 0xff, 0xc0, 0x0, 0x0, 0x0, 0x0, 0xff,
    0xb0, 0x0, 0x0, 0x0, 0x0, 0x0, 0x1f, 0xff,
    0xff, 0xb0, 0xc, 0xff, 0xff, 0xff, 0xff, 0xff,
    0xff, 0xfc, 0x0, 0x0, 0x7, 0xff, 0xff, 0xff,
    0xb0, 0xdf, 0xff, 0xff, 0xff, 0xff, 0xff, 0xff,
    0xd0, 0x0, 0x0, 0xef, 0xff, 0xfb, 0xff, 0x98,
    0xaa, 0xaa, 0xaf, 0xfe, 0xaa, 0xaa, 0xa8, 0x0,
    0x0, 0x6f, 0xfd, 0xff, 0x1d, 0xfe, 0x10, 0x0,
    0x0, 0xff, 0xb0, 0x0, 0x0, 0x0, 0x0, 0xd,
    0xfc, 0xaf, 0xf1, 0x2d, 0x30, 0x0, 0x0, 0xf,
    0xfb, 0x0, 0x0, 0x0, 0x0, 0x5, 0xff, 0x5a,
    0xff, 0x10, 0x0, 0x0, 0x0, 0x0, 0xff, 0xb0,
    0x0, 0x0, 0x0, 0x0, 0xdf, 0xe0, 0xaf, 0xf1,
    0x0, 0x0, 0x0, 0x0, 0xf, 0xfb, 0x0, 0x0,
    0x0, 0x0, 0x1d, 0xf6, 0xa, 0xff, 0x10, 0xcf,
    0xff, 0xff, 0xff, 0xff, 0xff, 0xff, 0xff, 0xff,
    0x30, 0x9, 0x0, 0xaf, 0xf1, 0xc, 0xff, 0xff,
    0xff, 0xff, 0xff, 0xff, 0xff, 0xff, 0xf3, 0x0,
    0x0, 0xa, 0xff, 0x10, 0x8b, 0xbb, 0xbb, 0xbb,
    0xff, 0xeb, 0xbb, 0xbb, 0xbb, 0x20, 0x0, 0x0,
    0xaf, 0xf1, 0x0, 0x0, 0x0, 0x0, 0xf, 0xfb,
    0x0, 0x0, 0x0, 0x0, 0x0, 0x0, 0xa, 0xff,
    0x10, 0x0, 0x0, 0x0, 0x0, 0xff, 0xb0, 0x0,
    0x0, 0x0, 0x0, 0x0, 0x0, 0xaf, 0xf1, 0x0,
    0x0, 0x0, 0x0, 0xf, 0xfb, 0x0, 0x0, 0x0,
    0x0, 0x0, 0x0, 0xa, 0xff, 0x10, 0x0, 0x0,
    0x0, 0x0, 0xff, 0xb0, 0x0, 0x0, 0x0, 0x0,
    0x0, 0x0, 0xaf, 0xf1, 0x0, 0x0, 0x0, 0x0,
    0xf, 0xfb, 0x0, 0x0, 0x0, 0x0, 0x0, 0x0,
    0xa, 0xff, 0x10, 0x0, 0x0, 0x0, 0x0, 0xff,
    0xb0, 0x0, 0x0, 0x0, 0x0,

    /* U+6E29 "温" */
    0x0, 0xa, 0x40, 0x0, 0x0, 0x33, 0x33, 0x33,
    0x33, 0x33, 0x33, 0x33, 0x20, 0x0, 0x0, 0x8,
    0xff, 0x70, 0x0, 0xf, 0xff, 0xff, 0xff, 0xff,
    0xff, 0xff, 0xff, 0x0, 0x0, 0x0, 0x8f, 0xff,
    0xa0, 0x0, 0xff, 0xff, 0xff, 0xff, 0xff, 0xff,
    0xff, 0xf0, 0x0, 0x0, 0x0, 0x5f, 0xff, 0xc1,
    0xf, 0xf8, 0x22, 0x22, 0x22, 0x22, 0x28, 0xff,
    0x0, 0x0, 0x0, 0x0, 0x3e, 0xff, 0x90, 0xff,
    0x70, 0x0, 0x0, 0x0, 0x0, 0x7f, 0xf0, 0x0,
    0x0, 0x0, 0x0, 0x2d, 0xe1, 0xf, 0xfa, 0x66,
    0x66, 0x66, 0x66, 0x6a, 0xff, 0x0, 0x0, 0x0,
    0x0, 0x0, 0x13, 0x0, 0xff, 0xff, 0xff, 0xff,
    0xff, 0xff, 0xff, 0xf0, 0x0, 0x0, 0x5c, 0x30,
    0x0, 0x0, 0xf, 0xfe, 0xee, 0xee, 0xee, 0xee,
    0xee, 0xff, 0x0, 0x0, 0x2f, 0xff, 0x70, 0x0,
    0x0, 0xff, 0x70, 0x0, 0x0, 0x0, 0x0, 0x7f,
    0xf0, 0x0, 0x0, 0x9f, 0xff, 0xb0, 0x0, 0xf,
    0xf8, 0x11, 0x11, 0x11, 0x11, 0x18, 0xff, 0x0,
    0x0, 0x0, 0x5f, 0xff, 0xd2, 0x0, 0xff, 0xff,
    0xff, 0xff, 0xff, 0xff, 0xff, 0xf0, 0x0, 0x0,
    0x0, 0x2e, 0xff, 0x70, 0xf, 0xff, 0xff, 0xff,
    0xff, 0xff, 0xff, 0xff, 0x0, 0x0, 0x0, 0x0,
    0x1d, 0xb0, 0x0, 0x44, 0x44, 0x44, 0x44, 0x44,
    0x44, 0x44, 0x30, 0x0, 0x0, 0x0, 0x0, 0x11,
    0x0, 0x0, 0x0, 0x0, 0x0, 0x0, 0x0, 0x0,
    0x0, 0x0, 0x0, 0x0, 0x0, 0x0, 0x0, 0x6,
    0x77, 0x77, 0x77, 0x77, 0x77, 0x77, 0x77, 0x76,
    0x0, 0x0, 0x0, 0x5, 0x95, 0x0, 0xef, 0xff,
    0xff, 0xff, 0xff, 0xff, 0xff, 0xff, 0xf0, 0x0,
    0x0, 0x0, 0x9f, 0xf1, 0xe, 0xff, 0xff, 0xff,
    0xff, 0xff, 0xff, 0xff, 0xff, 0x0, 0x0, 0x0,
    0xd, 0xfd, 0x0, 0xef, 0x80, 0x1f, 0xf5, 0x4,
    0xff, 0x10, 0x8f, 0xf0, 0x0, 0x0, 0x1, 0xff,
    0xa0, 0xe, 0xf8, 0x1, 0xff, 0x50, 0x4f, 0xf1,
    0x8, 0xff, 0x0, 0x0, 0x0, 0x5f, 0xf6, 0x0,
    0xef, 0x80, 0x1f, 0xf5, 0x4, 0xff, 0x10, 0x8f,
    0xf0, 0x0, 0x0, 0x9, 0xff, 0x20, 0xe, 0xf8,
    0x1, 0xff, 0x50, 0x4f, 0xf1, 0x8, 0xff, 0x0,
    0x0, 0x0, 0xef, 0xe0, 0x0, 0xef, 0x80, 0x1f,
    0xf5, 0x4, 0xff, 0x10, 0x8f, 0xf0, 0x0, 0x0,
    0x3f, 0xf9, 0x0, 0xe, 0xf8, 0x1, 0xff, 0x50,
    0x4f, 0xf1, 0x8, 0xff, 0x0, 0x0, 0x8, 0xff,
    0x50, 0x0, 0xef, 0x80, 0x1f, 0xf5, 0x4, 0xff,
    0x10, 0x8f, 0xf0, 0x0, 0x0, 0xcf, 0xf0, 0x46,
    0x6f, 0xfb, 0x66, 0xff, 0x96, 0x8f, 0xf7, 0x6b,
    0xff, 0x66, 0x0, 0x2f, 0xfb, 0xc, 0xff, 0xff,
    0xff, 0xff, 0xff, 0xff, 0xff, 0xff, 0xff, 0xff,
    0xf1, 0x4, 0xdf, 0x60, 0xcf, 0xff, 0xff, 0xff,
    0xff, 0xff, 0xff, 0xff, 0xff, 0xff, 0xff, 0x10,
    0x0, 0x20, 0x0, 0x0, 0x0, 0x0, 0x0, 0x0,
    0x0, 0x0, 0x0, 0x0, 0x0, 0x0,

    /* U+70ED "热" */
    0x0, 0x0, 0x0, 0xdf, 0xb0, 0x0, 0x0, 0x5,
    0xff, 0x20, 0x0, 0x0, 0x0, 0x0, 0x0, 0x0,
    0x0, 0xd, 0xfb, 0x0, 0x0, 0x0, 0x6f, 0xf2,
    0x0, 0x0, 0x0, 0x0, 0x0, 0x0, 0x0, 0x0,
    0xdf, 0xb0, 0x0, 0x0, 0x6, 0xff, 0x20, 0x0,
    0x0, 0x0, 0x0, 0x0, 0x0, 0x0, 0xd, 0xfb,
    0x0, 0x1, 0x44, 0x8f, 0xf5, 0x44, 0x44, 0x41,
    0x0, 0x0, 0x0, 0xff, 0xff, 0xff, 0xff, 0xff,
    0x7f, 0xff, 0xff, 0xff, 0xff, 0xff, 0x50, 0x0,
    0x0, 0xf, 0xff, 0xff, 0xff, 0xff, 0xf7, 0xff,
    0xff, 0xff, 0xff, 0xff, 0xf5, 0x0, 0x0, 0x0,
    0x88, 0x88, 0xef, 0xd8, 0x88, 0x24, 0x49, 0xff,
    0x64, 0x46, 0xff, 0x50, 0x0, 0x0, 0x0, 0x0,
    0xd, 0xfb, 0x0, 0x0, 0x0, 0x7f, 0xf1, 0x0,
    0x2f, 0xf5, 0x0, 0x0, 0x0, 0x0, 0x0, 0xdf,
    0xb1, 0x62, 0x0, 0x8, 0xff, 0x0, 0x2, 0xff,
    0x50, 0x0, 0x0, 0x0, 0x0, 0xd, 0xff, 0xff,
    0x77, 0xc5, 0xbf, 0xf0, 0x0, 0x2f, 0xf5, 0x0,
    0x0, 0x1, 0x47, 0xbf, 0xff, 0xff, 0xfa, 0xef,
    0xff, 0xfd, 0x0, 0x1, 0xff, 0x50, 0x0, 0x0,
    0xef, 0xff, 0xff, 0xfe, 0x83, 0x6, 0xef, 0xff,
    0xe5, 0x0, 0x1f, 0xf6, 0x0, 0x0, 0xa, 0xff,
    0xfb, 0xef, 0xb0, 0x0, 0x0, 0xbf, 0xff, 0xfc,
    0x30, 0xff, 0x60, 0x22, 0x0, 0x46, 0x30, 0xd,
    0xfb, 0x0, 0x0, 0xe, 0xff, 0xff, 0xff, 0x9f,
    0xf8, 0x9, 0xf8, 0x0, 0x0, 0x0, 0xdf, 0xb0,
    0x0, 0x9, 0xff, 0x92, 0xbf, 0xfa, 0xef, 0x90,
    0xdf, 0x70, 0x0, 0x0, 0xd, 0xfb, 0x0, 0x7,
    0xff, 0xf1, 0x0, 0x6e, 0x2c, 0xfc, 0x1f, 0xf3,
    0x0, 0x12, 0x13, 0xef, 0xa0, 0x7, 0xff, 0xf5,
    0x0, 0x0, 0x0, 0x8f, 0xfc, 0xfe, 0x0, 0xa,
    0xff, 0xff, 0xf8, 0x9, 0xff, 0xf8, 0x0, 0x0,
    0x0, 0x3, 0xff, 0xff, 0x80, 0x0, 0x7f, 0xff,
    0xfe, 0x20, 0xbf, 0xf9, 0x0, 0x0, 0x0, 0x0,
    0xb, 0xff, 0xe1, 0x0, 0x2, 0xaa, 0x95, 0x10,
    0x0, 0xb8, 0x0, 0x0, 0x0, 0x0, 0x0, 0x3a,
    0x81, 0x0, 0x0, 0x0, 0x5f, 0xb3, 0x0, 0x47,
    0x10, 0x0, 0x6c, 0xa0, 0x0, 0x8f, 0xd0, 0x0,
    0x0, 0x0, 0xb, 0xff, 0x30, 0x4f, 0xf5, 0x0,
    0x9, 0xff, 0x10, 0x9, 0xff, 0x80, 0x0, 0x0,
    0x2, 0xff, 0xd0, 0x0, 0xff, 0x90, 0x0, 0x3f,
    0xf7, 0x0, 0xe, 0xff, 0x20, 0x0, 0x0, 0x9f,
    0xf6, 0x0, 0xc, 0xfc, 0x0, 0x0, 0xdf, 0xc0,
    0x0, 0x6f, 0xfb, 0x0, 0x0, 0x2f, 0xfe, 0x0,
    0x0, 0x9f, 0xf0, 0x0, 0x8, 0xff, 0x20, 0x0,
    0xdf, 0xf4, 0x0, 0xa, 0xff, 0x70, 0x0, 0x6,
    0xff, 0x20, 0x0, 0x3f, 0xf6, 0x0, 0x5, 0xff,
    0xb0, 0x1, 0xff, 0xe0, 0x0, 0x0, 0x3f, 0xf5,
    0x0, 0x0, 0xec, 0x50, 0x0, 0xd, 0xfa, 0x0,
    0x1, 0x86, 0x0, 0x0, 0x1, 0x64, 0x0, 0x0,
    0x0, 0x0, 0x0, 0x0, 0x43, 0x0,

    /* U+7248 "版" */
    0x0, 0x0, 0x0, 0x0, 0x4, 0x42, 0x0, 0x0,
    0x0, 0x0, 0x0, 0x0, 0x0, 0x0, 0x0, 0x0,
    0x5, 0xcc, 0x10, 0xf, 0xf8, 0x0, 0x0, 0x0,
    0x0, 0x0, 0x2, 0x58, 0xc2, 0x0, 0x0, 0x7,
    0xff, 0x10, 0xf, 0xf8, 0x0, 0x0, 0x23, 0x57,
    0xac, 0xff, 0xff, 0xf6, 0x0, 0x0, 0x7, 0xff,
    0x10, 0xf, 0xf8, 0x0, 0xef, 0xff, 0xff, 0xff,
    0xff, 0xff, 0xf8, 0x0, 0x0, 0x7, 0xff, 0x10,
    0xf, 0xf8, 0x0, 0xef, 0xff, 0xff, 0xfe, 0xc9,
    0x73, 0x0, 0x0, 0x0, 0x7, 0xff, 0x10, 0xf,
    0xf8, 0x0, 0xef, 0xc6, 0x53, 0x0, 0x0, 0x0,
    0x0, 0x0, 0x0, 0x7, 0xff, 0x10, 0xf, 0xf8,
    0x0, 0xef, 0x90, 0x0, 0x0, 0x0, 0x0, 0x0,
    0x0, 0x0, 0x7, 0xff, 0x10, 0xf, 0xf8, 0x0,
    0xef, 0x90, 0x0, 0x0, 0x0, 0x0, 0x0, 0x0,
    0x0, 0x7, 0xff, 0x10, 0xf, 0xf8, 0x0, 0xef,
    0x90, 0x0, 0x0, 0x0, 0x0, 0x0, 0x0, 0x0,
    0x7, 0xff, 0xff, 0xff, 0xff, 0xf6, 0xef, 0xff,
    0xff, 0xff, 0xff, 0xff, 0xf5, 0x0, 0x0, 0x7,
    0xff, 0xff, 0xff, 0xff, 0xf6, 0xef, 0xff, 0xff,
    0xff, 0xff, 0xff, 0xf5, 0x0, 0x0, 0x7, 0xff,
    0x87, 0x77, 0x77, 0x73, 0xef, 0xdf, 0xf9, 0x77,
    0x77, 0x9f, 0xf4, 0x0, 0x0, 0x7, 0xff, 0x10,
    0x0, 0x0, 0x0, 0xff, 0x9f, 0xf6, 0x0, 0x0,
    0x7f, 0xf1, 0x0, 0x0, 0x7, 0xff, 0x10, 0x0,
    0x0, 0x0, 0xff, 0x8c, 0xfa, 0x0, 0x0, 0xaf,
    0xd0, 0x0, 0x0, 0x7, 0xff, 0x20, 0x0, 0x0,
    0x0, 0xff, 0x88, 0xfe, 0x0, 0x0, 0xff, 0x90,
    0x0, 0x0, 0x7, 0xff, 0xff, 0xff, 0xf8, 0x1,
    0xff, 0x73, 0xff, 0x40, 0x4, 0xff, 0x40, 0x0,
    0x0, 0x8, 0xff, 0xff, 0xff, 0xf8, 0x2, 0xff,
    0x60, 0xef, 0xa0, 0xb, 0xfe, 0x0, 0x0, 0x0,
    0x9, 0xff, 0x88, 0x9f, 0xf8, 0x3, 0xff, 0x40,
    0x7f, 0xf1, 0x2f, 0xf8, 0x0, 0x0, 0x0, 0xa,
    0xff, 0x0, 0x1f, 0xf8, 0x5, 0xff, 0x20, 0x1f,
    0xf9, 0xbf, 0xf1, 0x0, 0x0, 0x0, 0xb, 0xfd,
    0x0, 0x1f, 0xf8, 0x8, 0xff, 0x0, 0x9, 0xff,
    0xff, 0x80, 0x0, 0x0, 0x0, 0xd, 0xfc, 0x0,
    0x1f, 0xf8, 0xb, 0xfc, 0x0, 0x1, 0xff, 0xfe,
    0x10, 0x0, 0x0, 0x0, 0xf, 0xfa, 0x0, 0x1f,
    0xf8, 0xf, 0xf8, 0x0, 0x1, 0xdf, 0xfa, 0x0,
    0x0, 0x0, 0x0, 0x3f, 0xf8, 0x0, 0x1f, 0xf8,
    0x4f, 0xf3, 0x0, 0xc, 0xff, 0xff, 0x60, 0x0,
    0x0, 0x0, 0x8f, 0xf4, 0x0, 0x1f, 0xf8, 0xaf,
    0xe0, 0x1, 0xdf, 0xfb, 0xef, 0xf6, 0x0, 0x0,
    0x0, 0xcf, 0xf0, 0x0, 0x1f, 0xfa, 0xff, 0x80,
    0x4e, 0xff, 0xb0, 0x3f, 0xff, 0x90, 0x0, 0x2,
    0xff, 0xc0, 0x0, 0x1f, 0xff, 0xff, 0x28, 0xff,
    0xfa, 0x0, 0x3, 0xff, 0xfc, 0x20, 0x9, 0xff,
    0x50, 0x0, 0x1f, 0xfd, 0xfa, 0xdf, 0xff, 0x70,
    0x0, 0x0, 0x3e, 0xff, 0xd0, 0xb, 0xfe, 0x0,
    0x0, 0x1f, 0xf8, 0x11, 0x6f, 0xe4, 0x0, 0x0,
    0x0, 0x1, 0xcf, 0x40, 0x0, 0x35, 0x0, 0x0,
    0x0, 0x0, 0x0, 0x6, 0x0, 0x0, 0x0, 0x0,
    0x0, 0x4, 0x0,

    /* U+7535 "电" */
    0x0, 0x0, 0x0, 0x0, 0x1, 0xff, 0x90, 0x0,
    0x0, 0x0, 0x0, 0x0, 0x0, 0x0, 0x0, 0x0,
    0x0, 0x1, 0xff, 0xa0, 0x0, 0x0, 0x0, 0x0,
    0x0, 0x0, 0x0, 0x0, 0x0, 0x0, 0x1, 0xff,
    0xa0, 0x0, 0x0, 0x0, 0x0, 0x0, 0x0, 0x58,
    0x88, 0x88, 0x88, 0x89, 0xff, 0xd8, 0x88, 0x88,
    0x88, 0x88, 0x0, 0x0, 0xaf, 0xff, 0xff, 0xff,
    0xff, 0xff, 0xff, 0xff, 0xff, 0xff, 0xff, 0x10,
    0x0, 0xaf, 0xff, 0xff, 0xff, 0xff, 0xff, 0xff,
    0xff, 0xff, 0xff, 0xff, 0x10, 0x0, 0xaf, 0xf1,
    0x0, 0x0, 0x1, 0xff, 0xa0, 0x0, 0x0, 0xa,
    0xff, 0x10, 0x0, 0xaf, 0xf1, 0x0, 0x0, 0x1,
    0xff, 0xa0, 0x0, 0x0, 0xa, 0xff, 0x10, 0x0,
    0xaf, 0xf1, 0x0, 0x0, 0x1, 0xff, 0xa0, 0x0,
    0x0, 0xa, 0xff, 0x10, 0x0, 0xaf, 0xf1, 0x0,
    0x0, 0x1, 0xff, 0xa0, 0x0, 0x0, 0xa, 0xff,
    0x10, 0x0, 0xaf, 0xf7, 0x77, 0x77, 0x77, 0xff,
    0xc7, 0x77, 0x77, 0x7c, 0xff, 0x10, 0x0, 0xaf,
    0xff, 0xff, 0xff, 0xff, 0xff, 0xff, 0xff, 0xff,
    0xff, 0xff, 0x10, 0x0, 0xaf, 0xff, 0xff, 0xff,
    0xff, 0xff, 0xff, 0xff, 0xff, 0xff, 0xff, 0x10,
    0x0, 0xaf, 0xf1, 0x0, 0x0, 0x1, 0xff, 0xa0,
    0x0, 0x0, 0xa, 0xff, 0x10, 0x0, 0xaf, 0xf1,
    0x0, 0x0, 0x1, 0xff, 0xa0, 0x0, 0x0, 0xa,
    0xff, 0x10, 0x0, 0xaf, 0xf1, 0x0, 0x0, 0x1,
    0xff, 0xa0, 0x0, 0x0, 0xa, 0xff, 0x10, 0x0,
    0xaf, 0xf1, 0x0, 0x0, 0x1, 0xff, 0xa0, 0x0,
    0x0, 0xa, 0xff, 0x10, 0x0, 0xaf, 0xf9, 0x88,
    0x88, 0x89, 0xff, 0xd8, 0x88, 0x88, 0x8d, 0xff,
    0x10, 0x0, 0xaf, 0xff, 0xff, 0xff, 0xff, 0xff,
    0xff, 0xff, 0xff, 0xff, 0xff, 0x10, 0x0, 0xaf,
    0xff, 0xff, 0xff, 0xff, 0xff, 0xff, 0xff, 0xff,
    0xff, 0xff, 0x47, 0x20, 0x0, 0x0, 0x0, 0x0,
    0x1, 0xff, 0xa0, 0x0, 0x0, 0x0, 0x0, 0x6f,
    0xf6, 0x0, 0x0, 0x0, 0x0, 0x1, 0xff, 0xa0,
    0x0, 0x0, 0x0, 0x0, 0x8f, 0xf4, 0x0, 0x0,
    0x0, 0x0, 0x1, 0xff, 0xa0, 0x0, 0x0, 0x0,
    0x0, 0x9f, 0xf2, 0x0, 0x0, 0x0, 0x0, 0x0,
    0xff, 0xc0, 0x0, 0x0, 0x0, 0x0, 0xdf, 0xf0,
    0x0, 0x0, 0x0, 0x0, 0x0, 0xff, 0xfb, 0x87,
    0x66, 0x77, 0x8c, 0xff, 0xc0, 0x0, 0x0, 0x0,
    0x0, 0x0, 0xaf, 0xff, 0xff, 0xff, 0xff, 0xff,
    0xff, 0x50, 0x0, 0x0, 0x0, 0x0, 0x0, 0x8,
    0xcf, 0xff, 0xff, 0xff, 0xfe, 0xb5, 0x0, 0x0,
    0x0, 0x0, 0x0, 0x0, 0x0, 0x0, 0x1, 0x11,
    0x10, 0x0, 0x0, 0x0,

    /* U+79D2 "秒" */
    0x0, 0x0, 0x0, 0x0, 0x0, 0x0, 0x0, 0x0,
    0x0, 0x23, 0x30, 0x0, 0x0, 0x0, 0x0, 0x0,
    0x0, 0x0, 0x0, 0x0, 0x4, 0x0, 0x0, 0x0,
    0x9f, 0xf1, 0x0, 0x0, 0x0, 0x0, 0x0, 0x0,
    0x0, 0x3, 0x6b, 0xff, 0x40, 0x0, 0x0, 0x9f,
    0xf1, 0x0, 0x0, 0x0, 0x0, 0x0, 0x58, 0xad,
    0xff, 0xff, 0xff, 0xb0, 0x0, 0x0, 0x9f, 0xf1,
    0x0, 0x0, 0x0, 0x0, 0x0, 0xcf, 0xff, 0xff,
    0xff, 0xc8, 0x30, 0x0, 0x0, 0x9f, 0xf1, 0x5,
    0x40, 0x0, 0x0, 0x0, 0x8f, 0xfd, 0xff, 0xc0,
    0x0, 0x0, 0xe, 0xc5, 0x9f, 0xf1, 0xcf, 0xe0,
    0x0, 0x0, 0x0, 0x12, 0x0, 0xef, 0xc0, 0x0,
    0x0, 0x3f, 0xf6, 0x9f, 0xf1, 0x8f, 0xf8, 0x0,
    0x0, 0x0, 0x0, 0x0, 0xef, 0xc0, 0x0, 0x0,
    0x7f, 0xf2, 0x9f, 0xf1, 0xe, 0xff, 0x10, 0x0,
    0x0, 0x0, 0x0, 0xef, 0xc0, 0x0, 0x0, 0xcf,
    0xe0, 0x9f, 0xf1, 0x7, 0xff, 0x90, 0x0, 0x1,
    0xff, 0xff, 0xff, 0xff, 0xff, 0xb1, 0xff, 0x90,
    0x9f, 0xf1, 0x0, 0xef, 0xf1, 0x0, 0x2, 0xff,
    0xff, 0xff, 0xff, 0xff, 0xb6, 0xff, 0x40, 0x9f,
    0xf1, 0x0, 0x7f, 0xf8, 0x0, 0x1, 0xbb, 0xbb,
    0xff, 0xeb, 0xbb, 0x8c, 0xff, 0x0, 0x9f, 0xf1,
    0x0, 0xf, 0xff, 0x10, 0x0, 0x0, 0x5, 0xff,
    0xc0, 0x0, 0x3f, 0xf9, 0x0, 0x9f, 0xf1, 0x0,
    0x8, 0xff, 0x70, 0x0, 0x0, 0xb, 0xff, 0xd0,
    0x0, 0x9f, 0xf4, 0x0, 0x9f, 0xf1, 0x0, 0x2,
    0xff, 0xd0, 0x0, 0x0, 0x2f, 0xff, 0xfa, 0x1,
    0xff, 0xd0, 0x0, 0x9f, 0xf1, 0x0, 0x41, 0xbf,
    0xd1, 0x0, 0x0, 0xaf, 0xff, 0xff, 0xb6, 0xff,
    0x70, 0x0, 0x9f, 0xf1, 0x1, 0xfe, 0x96, 0x0,
    0x0, 0x2, 0xff, 0xff, 0xff, 0xfa, 0x28, 0x10,
    0x0, 0x9f, 0xf1, 0xb, 0xff, 0x60, 0x0, 0x0,
    0xb, 0xfe, 0xef, 0xcb, 0xff, 0x90, 0x0, 0x0,
    0x9f, 0xf1, 0x7f, 0xfc, 0x0, 0x0, 0x0, 0x4f,
    0xf7, 0xef, 0xc0, 0xdf, 0xd0, 0x0, 0x0, 0x7b,
    0xb6, 0xff, 0xf2, 0x0, 0x0, 0x0, 0xdf, 0xe0,
    0xef, 0xc0, 0x2d, 0x20, 0x0, 0x0, 0x0, 0x4f,
    0xff, 0x50, 0x0, 0x0, 0x8, 0xff, 0x70, 0xef,
    0xc0, 0x0, 0x0, 0x0, 0x0, 0x6, 0xff, 0xf7,
    0x0, 0x0, 0x0, 0xf, 0xfd, 0x0, 0xef, 0xc0,
    0x0, 0x0, 0x0, 0x0, 0xaf, 0xff, 0x70, 0x0,
    0x0, 0x0, 0x2, 0xd5, 0x0, 0xef, 0xc0, 0x0,
    0x0, 0x0, 0x5e, 0xff, 0xf6, 0x0, 0x0, 0x0,
    0x0, 0x0, 0x0, 0x0, 0xef, 0xc0, 0x0, 0x0,
    0x3c, 0xff, 0xfe, 0x30, 0x0, 0x0, 0x0, 0x0,
    0x0, 0x0, 0x0, 0xef, 0xc0, 0x0, 0x4c, 0xff,
    0xff, 0xa0, 0x0, 0x0, 0x0, 0x0, 0x0, 0x0,
    0x0, 0x0, 0xef, 0xc1, 0x7d, 0xff, 0xff, 0xd3,
    0x0, 0x0, 0x0, 0x0, 0x0, 0x0, 0x0, 0x0,
    0x0, 0xef, 0xc1, 0xff, 0xff, 0xd5, 0x0, 0x0,
    0x0, 0x0, 0x0, 0x0, 0x0, 0x0, 0x0, 0x0,
    0xef, 0xc0, 0x7f, 0xb5, 0x0, 0x0, 0x0, 0x0,
    0x0, 0x0, 0x0, 0x0, 0x0, 0x0, 0x0, 0x0,
    0x0, 0x1, 0x0, 0x0, 0x0, 0x0, 0x0, 0x0,
    0x0, 0x0, 0x0,

    /* U+7CFB "系" */
    0x0, 0x0, 0x0, 0x0, 0x0, 0x0, 0x0, 0x0,
    0x0, 0x0, 0x0, 0x13, 0x50, 0x0, 0x0, 0x1,
    0x11, 0x11, 0x22, 0x34, 0x56, 0x78, 0x9a, 0xbc,
    0xef, 0xff, 0xf3, 0x0, 0x0, 0x6f, 0xff, 0xff,
    0xff, 0xff, 0xff, 0xff, 0xff, 0xff, 0xff, 0xff,
    0xf7, 0x0, 0x0, 0x3f, 0xff, 0xff, 0xff, 0xff,
    0xff, 0xff, 0xec, 0xba, 0x87, 0x54, 0x20, 0x0,
    0x0, 0x7, 0x76, 0x66, 0x55, 0xcf, 0xf8, 0x0,
    0x0, 0x0, 0x41, 0x0, 0x0, 0x0, 0x0, 0x0,
    0x0, 0x0, 0x1c, 0xff, 0xb1, 0x0, 0x0, 0x6,
    0xfd, 0x10, 0x0, 0x0, 0x0, 0x0, 0x0, 0x4,
    0xef, 0xf9, 0x0, 0x0, 0x0, 0x7f, 0xff, 0x50,
    0x0, 0x0, 0x0, 0x0, 0x0, 0x9f, 0xfe, 0x50,
    0x0, 0x0, 0xa, 0xff, 0xf4, 0x0, 0x0, 0x0,
    0x0, 0x2, 0x7e, 0xff, 0xb2, 0x11, 0x22, 0x35,
    0xdf, 0xfe, 0x30, 0x0, 0x0, 0x0, 0x0, 0x2f,
    0xff, 0xff, 0xff, 0xff, 0xff, 0xff, 0xff, 0xb1,
    0x0, 0x0, 0x0, 0x0, 0x0, 0xf, 0xff, 0xff,
    0xff, 0xff, 0xff, 0xff, 0xf8, 0x0, 0x50, 0x0,
    0x0, 0x0, 0x0, 0x2, 0x22, 0x21, 0x10, 0x5,
    0xef, 0xfe, 0x40, 0xb, 0xf9, 0x0, 0x0, 0x0,
    0x0, 0x0, 0x0, 0x0, 0x2, 0xbf, 0xff, 0xa1,
    0x0, 0x2e, 0xff, 0x90, 0x0, 0x0, 0x0, 0x0,
    0x0, 0x1, 0x8f, 0xff, 0xe5, 0x0, 0x0, 0x2,
    0xef, 0xf8, 0x0, 0x0, 0x0, 0x0, 0x1, 0x7e,
    0xff, 0xf9, 0x10, 0x0, 0x0, 0x0, 0x2e, 0xff,
    0x70, 0x0, 0x0, 0x36, 0xaf, 0xff, 0xff, 0x75,
    0x56, 0x78, 0x99, 0xab, 0xdf, 0xff, 0xf5, 0x0,
    0x0, 0x9f, 0xff, 0xff, 0xff, 0xff, 0xff, 0xff,
    0xff, 0xff, 0xff, 0xff, 0xff, 0x20, 0x0, 0x7f,
    0xff, 0xff, 0xff, 0xff, 0xff, 0xff, 0xed, 0xdc,
    0xba, 0x99, 0xff, 0xb0, 0x0, 0x14, 0x44, 0x43,
    0x32, 0x21, 0x1f, 0xfb, 0x0, 0x0, 0x0, 0x0,
    0x7c, 0x10, 0x0, 0x0, 0x0, 0x7, 0xd1, 0x0,
    0xf, 0xfb, 0x0, 0x5e, 0x60, 0x0, 0x0, 0x0,
    0x0, 0x0, 0x1, 0xaf, 0xfc, 0x0, 0xf, 0xfb,
    0x1, 0xef, 0xfd, 0x40, 0x0, 0x0, 0x0, 0x0,
    0x4e, 0xff, 0xd2, 0x0, 0xf, 0xfb, 0x0, 0x4d,
    0xff, 0xfb, 0x20, 0x0, 0x0, 0x1a, 0xff, 0xfa,
    0x0, 0x0, 0xf, 0xfb, 0x0, 0x0, 0x6e, 0xff,
    0xf7, 0x0, 0x7, 0xff, 0xfe, 0x50, 0x0, 0x0,
    0x1f, 0xfb, 0x0, 0x0, 0x1, 0x9f, 0xff, 0xc2,
    0x8f, 0xff, 0x91, 0x0, 0x1d, 0xdd, 0xff, 0xfa,
    0x0, 0x0, 0x0, 0x3, 0xdf, 0xf8, 0xd, 0xd3,
    0x0, 0x0, 0xe, 0xff, 0xff, 0xf5, 0x0, 0x0,
    0x0, 0x0, 0x9, 0xc0, 0x1, 0x0, 0x0, 0x0,
    0xb, 0xfe, 0xda, 0x40, 0x0, 0x0, 0x0, 0x0,
    0x0, 0x0,

    /* U+7EDF "统" */
    0x0, 0x0, 0x0, 0x41, 0x0, 0x0, 0x0, 0x0,
    0x4, 0x76, 0x0, 0x0, 0x0, 0x0, 0x0, 0x0,
    0x0, 0x1f, 0xf8, 0x0, 0x0, 0x0, 0x0, 0xef,
    0xe0, 0x0, 0x0, 0x0, 0x0, 0x0, 0x0, 0x7,
    0xff, 0x50, 0x0, 0x0, 0x0, 0x9, 0xff, 0x40,
    0x0, 0x0, 0x0, 0x0, 0x0, 0x0, 0xef, 0xe0,
    0x0, 0x0, 0x0, 0x0, 0x4f, 0xf9, 0x0, 0x0,
    0x0, 0x0, 0x0, 0x0, 0x6f, 0xf6, 0x0, 0xe,
    0xff, 0xff, 0xff, 0xff, 0xff, 0xff, 0xff, 0xfc,
    0x0, 0x0, 0xe, 0xfd, 0x0, 0x0, 0xef, 0xff,
    0xff, 0xff, 0xff, 0xff, 0xff, 0xff, 0xd0, 0x0,
    0x7, 0xff, 0x50, 0xc, 0x78, 0x88, 0x88, 0xff,
    0xf9, 0x88, 0x88, 0x88, 0x86, 0x0, 0x1, 0xff,
    0xb0, 0x5, 0xff, 0x80, 0x0, 0x6f, 0xfa, 0x0,
    0x1, 0x0, 0x0, 0x0, 0x0, 0xaf, 0xf2, 0x0,
    0xdf, 0xf1, 0x0, 0x2f, 0xfe, 0x10, 0x6, 0xf6,
    0x0, 0x0, 0x0, 0x8f, 0xfd, 0x9b, 0xdf, 0xf8,
    0x0, 0xc, 0xff, 0x40, 0x0, 0xdf, 0xf3, 0x0,
    0x0, 0xa, 0xff, 0xff, 0xff, 0xfe, 0x10, 0x8,
    0xff, 0x90, 0x0, 0x2, 0xff, 0xe1, 0x0, 0x0,
    0x8f, 0xff, 0xdf, 0xff, 0x70, 0x4, 0xff, 0xc0,
    0x0, 0x0, 0x6, 0xff, 0xa0, 0x0, 0x0, 0x10,
    0x2, 0xff, 0xd0, 0x4, 0xff, 0xe1, 0x1, 0x23,
    0x45, 0x6e, 0xff, 0x50, 0x0, 0x0, 0x0, 0xcf,
    0xf4, 0x4, 0xff, 0xff, 0xff, 0xff, 0xff, 0xff,
    0xff, 0xfe, 0x10, 0x0, 0x0, 0x6f, 0xfa, 0x0,
    0x2f, 0xff, 0xff, 0xff, 0xff, 0xff, 0xfd, 0xcf,
    0xfa, 0x0, 0x0, 0x1f, 0xfe, 0x10, 0x0, 0x88,
    0x7b, 0xff, 0x53, 0x4f, 0xf6, 0x0, 0xbf, 0x50,
    0x0, 0xb, 0xff, 0x51, 0x48, 0xb0, 0x0, 0x7f,
    0xf1, 0x1, 0xff, 0x60, 0x2, 0x10, 0x0, 0x1b,
    0xff, 0xff, 0xff, 0xff, 0x0, 0x8, 0xff, 0x0,
    0x1f, 0xf6, 0x0, 0x0, 0x0, 0x0, 0xff, 0xff,
    0xff, 0xff, 0xe0, 0x0, 0x9f, 0xf0, 0x1, 0xff,
    0x60, 0x0, 0x0, 0x0, 0xe, 0xff, 0xda, 0x74,
    0x10, 0x0, 0xa, 0xfe, 0x0, 0x1f, 0xf6, 0x0,
    0x0, 0x0, 0x0, 0x21, 0x0, 0x0, 0x0, 0x0,
    0x0, 0xdf, 0xc0, 0x1, 0xff, 0x60, 0x0, 0x0,
    0x0, 0x0, 0x0, 0x0, 0x0, 0x0, 0x0, 0x2f,
    0xf8, 0x0, 0x1f, 0xf6, 0x0, 0x9, 0x71, 0x0,
    0x0, 0x0, 0x4, 0x8c, 0xf5, 0x8, 0xff, 0x40,
    0x1, 0xff, 0x60, 0x0, 0xef, 0x60, 0x14, 0x6a,
    0xdf, 0xff, 0xff, 0x72, 0xff, 0xd0, 0x0, 0x1f,
    0xf6, 0x0, 0xf, 0xf5, 0xf, 0xff, 0xff, 0xff,
    0xff, 0xd7, 0xef, 0xf5, 0x0, 0x1, 0xff, 0x70,
    0x2, 0xff, 0x30, 0xcf, 0xff, 0xfc, 0x85, 0x14,
    0xef, 0xfa, 0x0, 0x0, 0xf, 0xfe, 0x98, 0xdf,
    0xf1, 0x7, 0x96, 0x30, 0x0, 0x9, 0xff, 0xfb,
    0x0, 0x0, 0x0, 0xdf, 0xff, 0xff, 0xfd, 0x0,
    0x0, 0x0, 0x0, 0x0, 0xcf, 0xf9, 0x0, 0x0,
    0x0, 0x3, 0xcf, 0xff, 0xeb, 0x20, 0x0, 0x0,
    0x0, 0x0, 0x1, 0xd5, 0x0, 0x0, 0x0, 0x0,
    0x0, 0x0, 0x0, 0x0, 0x0, 0x0, 0x0, 0x0,
    0x0, 0x0, 0x0, 0x0, 0x0, 0x0, 0x0, 0x0,
    0x0, 0x0, 0x0,

    /* U+7F6E "置" */
    0x0, 0x0, 0x0, 0x0, 0x0, 0x0, 0x0, 0x0,
    0x0, 0x0, 0x0, 0x0, 0x0, 0x0, 0x0, 0x4f,
    0xff, 0xff, 0xff, 0xff, 0xff, 0xff, 0xff, 0xff,
    0xff, 0xff, 0xfb, 0x0, 0x0, 0x4f, 0xfd, 0xcc,
    0xcd, 0xff, 0xcc, 0xcc, 0xef, 0xfc, 0xcc, 0xcf,
    0xfb, 0x0, 0x0, 0x4f, 0xf4, 0x0, 0x5, 0xff,
    0x20, 0x0, 0xaf, 0xc0, 0x0, 0xe, 0xfb, 0x0,
    0x0, 0x4f, 0xf4, 0x0, 0x5, 0xff, 0x20, 0x0,
    0xaf, 0xc0, 0x0, 0xe, 0xfb, 0x0, 0x0, 0x4f,
    0xfd, 0xdd, 0xdd, 0xff, 0xdd, 0xdd, 0xef, 0xfd,
    0xdd, 0xdf, 0xfb, 0x0, 0x0, 0x4f, 0xff, 0xff,
    0xff, 0xff, 0xff, 0xff, 0xff, 0xff, 0xff, 0xff,
    0xfa, 0x0, 0x0, 0x0, 0x0, 0x0, 0x0, 0x0,
    0x1c, 0xc6, 0x0, 0x0, 0x0, 0x0, 0x0, 0x0,
    0x1, 0xbb, 0xbb, 0xbb, 0xbb, 0xbb, 0xbf, 0xfd,
    0xbb, 0xbb, 0xbb, 0xbb, 0xbb, 0x60, 0x1, 0xff,
    0xff, 0xff, 0xff, 0xff, 0xff, 0xff, 0xff, 0xff,
    0xff, 0xff, 0xff, 0x90, 0x0, 0x22, 0x22, 0x22,
    0x22, 0x22, 0x3f, 0xf9, 0x22, 0x22, 0x22, 0x22,
    0x22, 0x10, 0x0, 0x0, 0x0, 0x0, 0x0, 0x0,
    0x2f, 0xf9, 0x0, 0x0, 0x0, 0x0, 0x0, 0x0,
    0x0, 0x0, 0x4f, 0xff, 0xff, 0xff, 0xff, 0xff,
    0xff, 0xff, 0xff, 0xfc, 0x0, 0x0, 0x0, 0x0,
    0x4f, 0xfd, 0xcc, 0xcc, 0xcc, 0xcc, 0xcc, 0xcc,
    0xcf, 0xfc, 0x0, 0x0, 0x0, 0x0, 0x4f, 0xf4,
    0x0, 0x0, 0x0, 0x0, 0x0, 0x0, 0xe, 0xfc,
    0x0, 0x0, 0x0, 0x0, 0x4f, 0xff, 0xff, 0xff,
    0xff, 0xff, 0xff, 0xff, 0xff, 0xfc, 0x0, 0x0,
    0x0, 0x0, 0x4f, 0xfd, 0xbb, 0xbb, 0xbb, 0xbb,
    0xbb, 0xbb, 0xbf, 0xfc, 0x0, 0x0, 0x0, 0x0,
    0x4f, 0xf4, 0x0, 0x0, 0x0, 0x0, 0x0, 0x0,
    0xe, 0xfc, 0x0, 0x0, 0x0, 0x0, 0x4f, 0xfc,
    0xbb, 0xbb, 0xbb, 0xbb, 0xbb, 0xbb, 0xbf, 0xfc,
    0x0, 0x0, 0x0, 0x0, 0x4f, 0xff, 0xff, 0xff,
    0xff, 0xff, 0xff, 0xff, 0xff, 0xfc, 0x0, 0x0,
    0x0, 0x0, 0x4f, 0xf4, 0x0, 0x0, 0x0, 0x0,
    0x0, 0x0, 0xe, 0xfc, 0x0, 0x0, 0x0, 0x0,
    0x4f, 0xfb, 0xaa, 0xaa, 0xaa, 0xaa, 0xaa, 0xaa,
    0xaf, 0xfc, 0x0, 0x0, 0x0, 0x0, 0x4f, 0xff,
    0xff, 0xff, 0xff, 0xff, 0xff, 0xff, 0xff, 0xfc,
    0x0, 0x0, 0x0, 0x0, 0x4f, 0xf5, 0x0, 0x0,
    0x0, 0x0, 0x0, 0x0, 0xe, 0xfc, 0x0, 0x0,
    0x0, 0x0, 0x4f, 0xf4, 0x0, 0x0, 0x0, 0x0,
    0x0, 0x0, 0xe, 0xfc, 0x0, 0x0, 0x3f, 0xff,
    0xff, 0xff, 0xff, 0xff, 0xff, 0xff, 0xff, 0xff,
    0xff, 0xff, 0xff, 0xfa, 0x3f, 0xff, 0xff, 0xff,
    0xff, 0xff, 0xff, 0xff, 0xff, 0xff, 0xff, 0xff,
    0xff, 0xfa,

    /* U+8865 "补" */
    0x0, 0x0, 0x2, 0x9d, 0x40, 0x0, 0x0, 0x0,
    0xa, 0xee, 0x10, 0x0, 0x0, 0x0, 0x0, 0x0,
    0x0, 0x2f, 0xf9, 0x0, 0x0, 0x0, 0x0, 0xcf,
    0xf1, 0x0, 0x0, 0x0, 0x0, 0x0, 0x0, 0x0,
    0xdf, 0xe0, 0x0, 0x0, 0x0, 0xc, 0xff, 0x10,
    0x0, 0x0, 0x0, 0x0, 0x0, 0x0, 0x9, 0xff,
    0x20, 0x0, 0x0, 0x0, 0xcf, 0xf1, 0x0, 0x0,
    0x0, 0x0, 0x0, 0x0, 0x0, 0x5f, 0xf6, 0x0,
    0x0, 0x0, 0xc, 0xff, 0x10, 0x0, 0x0, 0x0,
    0x0, 0x8, 0xbb, 0xbb, 0xff, 0xdb, 0xa0, 0x0,
    0x0, 0xcf, 0xf1, 0x0, 0x0, 0x0, 0x0, 0x0,
    0xcf, 0xff, 0xff, 0xff, 0xff, 0x0, 0x0, 0xc,
    0xff, 0x10, 0x0, 0x0, 0x0, 0x0, 0xb, 0xff,
    0xff, 0xff, 0xff, 0xe0, 0x0, 0x0, 0xcf, 0xf1,
    0x0, 0x0, 0x0, 0x0, 0x0, 0x0, 0x0, 0x0,
    0xaf, 0xf7, 0x0, 0x0, 0xc, 0xff, 0x10, 0x0,
    0x0, 0x0, 0x0, 0x0, 0x0, 0x0, 0x4f, 0xfc,
    0x0, 0x0, 0x0, 0xcf, 0xfc, 0x30, 0x0, 0x0,
    0x0, 0x0, 0x0, 0x0, 0x1e, 0xff, 0x30, 0x0,
    0x0, 0xc, 0xff, 0xff, 0x80, 0x0, 0x0, 0x0,
    0x0, 0x0, 0xc, 0xff, 0x70, 0x1d, 0x60, 0x0,
    0xcf, 0xff, 0xff, 0xc2, 0x0, 0x0, 0x0, 0x0,
    0x9, 0xff, 0xc0, 0xb, 0xff, 0x30, 0xc, 0xff,
    0x7f, 0xff, 0xf6, 0x0, 0x0, 0x0, 0x8, 0xff,
    0xfb, 0x9, 0xff, 0x90, 0x0, 0xcf, 0xf1, 0x2d,
    0xff, 0xfa, 0x0, 0x0, 0x7, 0xff, 0xff, 0xd9,
    0xff, 0xb0, 0x0, 0xc, 0xff, 0x10, 0xa, 0xff,
    0xfd, 0x20, 0x7, 0xff, 0xff, 0xff, 0xff, 0xc0,
    0x0, 0x0, 0xcf, 0xf1, 0x0, 0x6, 0xff, 0xfa,
    0x9, 0xff, 0xf5, 0xff, 0xff, 0xf9, 0x0, 0x0,
    0xc, 0xff, 0x10, 0x0, 0x3, 0xed, 0x1, 0xef,
    0xf4, 0xf, 0xfd, 0xef, 0xfc, 0x10, 0x0, 0xcf,
    0xf1, 0x0, 0x0, 0x2, 0x20, 0x3, 0xe4, 0x0,
    0xff, 0xb2, 0xdf, 0xfe, 0x20, 0xc, 0xff, 0x10,
    0x0, 0x0, 0x0, 0x0, 0x0, 0x0, 0xf, 0xfb,
    0x0, 0xbf, 0xf3, 0x0, 0xcf, 0xf1, 0x0, 0x0,
    0x0, 0x0, 0x0, 0x0, 0x0, 0xff, 0xb0, 0x0,
    0x96, 0x0, 0xc, 0xff, 0x10, 0x0, 0x0, 0x0,
    0x0, 0x0, 0x0, 0xf, 0xfb, 0x0, 0x0, 0x0,
    0x0, 0xcf, 0xf1, 0x0, 0x0, 0x0, 0x0, 0x0,
    0x0, 0x0, 0xff, 0xb0, 0x0, 0x0, 0x0, 0xc,
    0xff, 0x10, 0x0, 0x0, 0x0, 0x0, 0x0, 0x0,
    0xf, 0xfb, 0x0, 0x0, 0x0, 0x0, 0xcf, 0xf1,
    0x0, 0x0, 0x0, 0x0, 0x0, 0x0, 0x0, 0xff,
    0xb0, 0x0, 0x0, 0x0, 0xc, 0xff, 0x10, 0x0,
    0x0, 0x0, 0x0, 0x0, 0x0, 0xf, 0xfb, 0x0,
    0x0, 0x0, 0x0, 0xcf, 0xf1, 0x0, 0x0, 0x0,
    0x0, 0x0, 0x0, 0x0, 0xff, 0xb0, 0x0, 0x0,
    0x0, 0xc, 0xff, 0x10, 0x0, 0x0, 0x0, 0x0,
    0x0, 0x0, 0xf, 0xfb, 0x0, 0x0, 0x0, 0x0,
    0xcf, 0xf1, 0x0, 0x0, 0x0, 0x0, 0x0, 0x0,
    0x0, 0x0, 0x0, 0x0, 0x0, 0x0, 0x0, 0x0,
    0x0, 0x0, 0x0, 0x0, 0x0,

    /* U+8BBE "设" */
    0x0, 0x0, 0x0, 0x0, 0x0, 0x0, 0x0, 0x0,
    0x0, 0x0, 0x0, 0x0, 0x0, 0x0, 0x0, 0x4,
    0xe3, 0x0, 0x0, 0x0, 0x0, 0x0, 0x0, 0x0,
    0x0, 0x0, 0x0, 0x0, 0x0, 0x5f, 0xfe, 0x20,
    0x0, 0x0, 0x5f, 0xff, 0xff, 0xff, 0xff, 0xf5,
    0x0, 0x0, 0x0, 0xc, 0xff, 0xd1, 0x0, 0x0,
    0x6f, 0xff, 0xff, 0xff, 0xff, 0xf5, 0x0, 0x0,
    0x0, 0x1, 0xdf, 0xfc, 0x0, 0x0, 0x6f, 0xfa,
    0x88, 0x88, 0xbf, 0xf5, 0x0, 0x0, 0x0, 0x0,
    0x2f, 0xff, 0x90, 0x0, 0x6f, 0xf5, 0x0, 0x0,
    0x6f, 0xf5, 0x0, 0x0, 0x0, 0x0, 0x6, 0xff,
    0xc0, 0x0, 0x8f, 0xf4, 0x0, 0x0, 0x6f, 0xf5,
    0x0, 0x0, 0x0, 0x0, 0x0, 0xaa, 0x0, 0x0,
    0xcf, 0xf2, 0x0, 0x0, 0x6f, 0xf5, 0x0, 0x0,
    0x0, 0x0, 0x0, 0x0, 0x0, 0x4, 0xff, 0xe0,
    0x0, 0x0, 0x5f, 0xfd, 0x88, 0x92, 0x0, 0x0,
    0x0, 0x0, 0x0, 0x3f, 0xff, 0x60, 0x0, 0x0,
    0x2f, 0xff, 0xff, 0xf2, 0x9d, 0xdd, 0xdd, 0xa0,
    0x6, 0xff, 0xfb, 0x0, 0x0, 0x0, 0x7, 0xef,
    0xff, 0xf0, 0xbf, 0xff, 0xff, 0xd0, 0x5, 0xff,
    0xb0, 0x0, 0x0, 0x0, 0x0, 0x0, 0x12, 0x10,
    0xae, 0xee, 0xff, 0xd0, 0x0, 0x69, 0x10, 0x0,
    0x0, 0x0, 0x0, 0x0, 0x0, 0x0, 0x0, 0x0,
    0xef, 0xd0, 0x1, 0xff, 0xff, 0xff, 0xff, 0xff,
    0xff, 0xff, 0xf4, 0x0, 0x0, 0x0, 0xef, 0xd0,
    0x1, 0xff, 0xff, 0xff, 0xff, 0xff, 0xff, 0xff,
    0xf4, 0x0, 0x0, 0x0, 0xef, 0xd0, 0x0, 0x8e,
    0xff, 0x98, 0x88, 0x88, 0x88, 0xef, 0xf3, 0x0,
    0x0, 0x0, 0xef, 0xd0, 0x0, 0x7, 0xff, 0x80,
    0x0, 0x0, 0x3, 0xff, 0xc0, 0x0, 0x0, 0x0,
    0xef, 0xd0, 0x0, 0x0, 0xef, 0xf1, 0x0, 0x0,
    0xc, 0xff, 0x40, 0x0, 0x0, 0x0, 0xef, 0xd0,
    0x0, 0x0, 0x5f, 0xfb, 0x0, 0x0, 0x7f, 0xfa,
    0x0, 0x0, 0x0, 0x0, 0xef, 0xd0, 0x0, 0x0,
    0xb, 0xff, 0x70, 0x4, 0xff, 0xe1, 0x0, 0x0,
    0x0, 0x0, 0xef, 0xd0, 0xa, 0x50, 0x1, 0xef,
    0xf6, 0x4f, 0xff, 0x40, 0x0, 0x0, 0x0, 0x0,
    0xef, 0xd0, 0xaf, 0xb0, 0x0, 0x3f, 0xff, 0xff,
    0xf6, 0x0, 0x0, 0x0, 0x0, 0x0, 0xef, 0xdb,
    0xff, 0xe0, 0x0, 0x4, 0xff, 0xff, 0x80, 0x0,
    0x0, 0x0, 0x0, 0x0, 0xef, 0xff, 0xfc, 0x10,
    0x0, 0x6e, 0xff, 0xff, 0xf7, 0x0, 0x0, 0x0,
    0x0, 0x0, 0xff, 0xff, 0xb0, 0x0, 0x5d, 0xff,
    0xfd, 0xbf, 0xff, 0xe7, 0x0, 0x0, 0x0, 0x7,
    0xff, 0xf7, 0x1, 0x7e, 0xff, 0xff, 0x80, 0x6,
    0xff, 0xff, 0xf9, 0x30, 0x0, 0x1, 0xfe, 0x30,
    0x8f, 0xff, 0xff, 0xb2, 0x0, 0x0, 0x19, 0xff,
    0xff, 0xf7, 0x0, 0x0, 0x41, 0x0, 0x3f, 0xff,
    0xb3, 0x0, 0x0, 0x0, 0x0, 0x19, 0xff, 0xf1,
    0x0, 0x0, 0x0, 0x0, 0x9, 0x82, 0x0, 0x0,
    0x0, 0x0, 0x0, 0x0, 0x17, 0x80,

    /* U+8FDE "连" */
    0x0, 0x0, 0x0, 0x0, 0x0, 0x0, 0x0, 0x5,
    0x30, 0x0, 0x0, 0x0, 0x0, 0x0, 0x0, 0x8,
    0x20, 0x0, 0x0, 0x0, 0x0, 0x4f, 0xf9, 0x0,
    0x0, 0x0, 0x0, 0x0, 0x1, 0xcf, 0xd0, 0x0,
    0x0, 0x0, 0x0, 0xaf, 0xf3, 0x0, 0x0, 0x0,
    0x0, 0x0, 0x0, 0xcf, 0xfa, 0x0, 0x0, 0x0,
    0x2, 0xff, 0xd0, 0x0, 0x0, 0x0, 0x0, 0x0,
    0x0, 0x2f, 0xff, 0x50, 0x2f, 0xff, 0xff, 0xff,
    0xff, 0xff, 0xff, 0xff, 0xff, 0xb0, 0x0, 0x5,
    0xff, 0xf1, 0x2f, 0xff, 0xff, 0xff, 0xff, 0xff,
    0xff, 0xff, 0xff, 0xb0, 0x0, 0x0, 0xaf, 0xfb,
    0x18, 0x88, 0xcf, 0xfc, 0x88, 0x88, 0x88, 0x88,
    0x88, 0x50, 0x0, 0x0, 0x1e, 0xf9, 0x0, 0x0,
    0xdf, 0xf2, 0x0, 0x0, 0x0, 0x0, 0x0, 0x0,
    0x0, 0x0, 0x6, 0x50, 0x0, 0x5, 0xff, 0xb0,
    0x2f, 0xf8, 0x0, 0x0, 0x0, 0x0, 0x0, 0x0,
    0x0, 0x0, 0x0, 0xd, 0xff, 0x30, 0x2f, 0xf8,
    0x0, 0x0, 0x0, 0x0, 0x24, 0x44, 0x44, 0x30,
    0x0, 0x7f, 0xfa, 0x0, 0x2f, 0xf8, 0x0, 0x0,
    0x0, 0x0, 0x9f, 0xff, 0xff, 0xc0, 0x1, 0xff,
    0xf3, 0x11, 0x3f, 0xf9, 0x11, 0x11, 0x11, 0x0,
    0x9f, 0xff, 0xff, 0xc0, 0x5, 0xff, 0xff, 0xff,
    0xff, 0xff, 0xff, 0xff, 0xfe, 0x0, 0x36, 0x66,
    0xff, 0xc0, 0x5, 0xff, 0xff, 0xff, 0xff, 0xff,
    0xff, 0xff, 0xfe, 0x0, 0x0, 0x0, 0xef, 0xc0,
    0x2, 0x77, 0x77, 0x77, 0x8f, 0xfb, 0x77, 0x77,
    0x76, 0x0, 0x0, 0x0, 0xef, 0xc0, 0x0, 0x0,
    0x0, 0x0, 0x2f, 0xf8, 0x0, 0x0, 0x0, 0x0,
    0x0, 0x0, 0xef, 0xc0, 0x0, 0x0, 0x0, 0x0,
    0x2f, 0xf8, 0x0, 0x0, 0x0, 0x0, 0x0, 0x0,
    0xef, 0xc0, 0x0, 0x0, 0x0, 0x0, 0x2f, 0xf8,
    0x0, 0x0, 0x0, 0x0, 0x0, 0x0, 0xef, 0xc0,
    0xff, 0xff, 0xff, 0xff, 0xff, 0xff, 0xff, 0xff,
    0xff, 0xf4, 0x0, 0x0, 0xef, 0xc0, 0xff, 0xff,
    0xff, 0xff, 0xff, 0xff, 0xff, 0xff, 0xff, 0xf4,
    0x0, 0x0, 0xef, 0xc0, 0x99, 0x99, 0x99, 0x99,
    0xaf, 0xfc, 0x99, 0x99, 0x99, 0x92, 0x0, 0x0,
    0xef, 0xc0, 0x0, 0x0, 0x0, 0x0, 0x2f, 0xf8,
    0x0, 0x0, 0x0, 0x0, 0x0, 0x9, 0xff, 0xf7,
    0x0, 0x0, 0x0, 0x0, 0x2f, 0xf8, 0x0, 0x0,
    0x0, 0x0, 0x0, 0x7f, 0xff, 0xff, 0xa1, 0x0,
    0x0, 0x0, 0x2f, 0xf8, 0x0, 0x0, 0x0, 0x0,
    0x6, 0xff, 0xf6, 0xff, 0xff, 0xa5, 0x10, 0x0,
    0x7, 0x73, 0x0, 0x0, 0x0, 0x0, 0x5f, 0xff,
    0x50, 0x3e, 0xff, 0xff, 0xff, 0xdc, 0xba, 0x99,
    0x99, 0xaa, 0xbd, 0xeb, 0x9f, 0xf8, 0x0, 0x0,
    0x8e, 0xff, 0xff, 0xff, 0xff, 0xff, 0xff, 0xff,
    0xff, 0xf8, 0x8, 0xc0, 0x0, 0x0, 0x0, 0x37,
    0xac, 0xef, 0xff, 0xff, 0xff, 0xff, 0xff, 0xf6,
    0x0, 0x0, 0x0, 0x0, 0x0, 0x0, 0x0, 0x0,
    0x1, 0x12, 0x22, 0x10, 0x0, 0x0,

    /* U+91C7 "采" */
    0x0, 0x0, 0x0, 0x0, 0x0, 0x0, 0x0, 0x0,
    0x0, 0x0, 0x0, 0x0, 0x0, 0x0, 0x0, 0x0,
    0x0, 0x0, 0x0, 0x0, 0x0, 0x0, 0x0, 0x2,
    0x35, 0x79, 0xbe, 0xd0, 0x0, 0x0, 0x5, 0x55,
    0x66, 0x78, 0x99, 0xab, 0xce, 0xff, 0xff, 0xff,
    0xff, 0xff, 0x20, 0x0, 0x0, 0xef, 0xff, 0xff,
    0xff, 0xff, 0xff, 0xff, 0xff, 0xff, 0xff, 0xfd,
    0xb3, 0x0, 0x0, 0xa, 0xff, 0xff, 0xff, 0xff,
    0xfe, 0xdb, 0xa9, 0x76, 0x43, 0x10, 0x0, 0x0,
    0x0, 0x0, 0x24, 0x46, 0x32, 0x21, 0x0, 0x5d,
    0x10, 0x0, 0x0, 0x0, 0xd9, 0x10, 0x0, 0x0,
    0x0, 0x1b, 0xe2, 0x0, 0x0, 0x6f, 0xfb, 0x0,
    0x0, 0x0, 0x6f, 0xfb, 0x0, 0x0, 0x0, 0x8,
    0xff, 0xc0, 0x0, 0x0, 0xcf, 0xf5, 0x0, 0x0,
    0x2f, 0xff, 0x20, 0x0, 0x0, 0x0, 0xc, 0xff,
    0x80, 0x0, 0x2, 0xff, 0xe0, 0x0, 0xc, 0xff,
    0x70, 0x0, 0x0, 0x0, 0x0, 0x2f, 0xff, 0x40,
    0x0, 0x9, 0xff, 0x70, 0x8, 0xff, 0xc0, 0x0,
    0x0, 0x0, 0x0, 0x0, 0x6f, 0xfd, 0x0, 0x0,
    0x1d, 0x60, 0x5, 0xff, 0xf2, 0x0, 0x0, 0x0,
    0x0, 0x0, 0x0, 0xcd, 0x20, 0x0, 0x6c, 0xc2,
    0x0, 0x5e, 0xf5, 0x0, 0x0, 0x0, 0x0, 0x0,
    0x0, 0x1, 0x0, 0x0, 0x8, 0xff, 0x30, 0x0,
    0x15, 0x0, 0x0, 0x0, 0x0, 0x0, 0x0, 0x0,
    0x0, 0x0, 0x0, 0x8f, 0xf3, 0x0, 0x0, 0x0,
    0x0, 0x0, 0x0, 0x0, 0x89, 0x99, 0x99, 0x99,
    0x99, 0x9c, 0xff, 0xa9, 0x99, 0x99, 0x99, 0x99,
    0x95, 0x0, 0xe, 0xff, 0xff, 0xff, 0xff, 0xff,
    0xff, 0xff, 0xff, 0xff, 0xff, 0xff, 0xff, 0xa0,
    0x0, 0xef, 0xff, 0xff, 0xff, 0xff, 0xff, 0xff,
    0xff, 0xff, 0xff, 0xff, 0xff, 0xfa, 0x0, 0x0,
    0x0, 0x0, 0x0, 0xa, 0xff, 0xdf, 0xfb, 0xff,
    0x50, 0x0, 0x0, 0x0, 0x0, 0x0, 0x0, 0x0,
    0x0, 0x7, 0xff, 0xb8, 0xff, 0x4d, 0xff, 0x30,
    0x0, 0x0, 0x0, 0x0, 0x0, 0x0, 0x0, 0x8,
    0xff, 0xe1, 0x8f, 0xf3, 0x2f, 0xfe, 0x40, 0x0,
    0x0, 0x0, 0x0, 0x0, 0x0, 0xa, 0xff, 0xe2,
    0x8, 0xff, 0x30, 0x4f, 0xff, 0x60, 0x0, 0x0,
    0x0, 0x0, 0x0, 0x2d, 0xff, 0xe2, 0x0, 0x8f,
    0xf3, 0x0, 0x5f, 0xff, 0xb1, 0x0, 0x0, 0x0,
    0x0, 0x7f, 0xff, 0xd2, 0x0, 0x8, 0xff, 0x30,
    0x0, 0x4f, 0xff, 0xe6, 0x0, 0x0, 0x5, 0xdf,
    0xff, 0x90, 0x0, 0x0, 0x8f, 0xf3, 0x0, 0x0,
    0x2c, 0xff, 0xfd, 0x60, 0xd, 0xff, 0xfe, 0x50,
    0x0, 0x0, 0x8, 0xff, 0x30, 0x0, 0x0, 0x7,
    0xff, 0xff, 0xa0, 0x6f, 0xf8, 0x0, 0x0, 0x0,
    0x0, 0x8f, 0xf3, 0x0, 0x0, 0x0, 0x2, 0xaf,
    0xf2, 0x0, 0x81, 0x0, 0x0, 0x0, 0x0, 0x8,
    0xff, 0x30, 0x0, 0x0, 0x0, 0x0, 0x26, 0x0,
    0x0, 0x0, 0x0, 0x0, 0x0, 0x0, 0x8f, 0xf3,
    0x0, 0x0, 0x0, 0x0, 0x0, 0x0,

    /* U+957F "长" */
    0x0, 0x0, 0x3, 0x33, 0x0, 0x0, 0x0, 0x0,
    0x0, 0x0, 0x0, 0x0, 0x0, 0x0, 0x0, 0x0,
    0xf, 0xfd, 0x0, 0x0, 0x0, 0x0, 0x0, 0x0,
    0x0, 0x52, 0x0, 0x0, 0x0, 0x0, 0xf, 0xfd,
    0x0, 0x0, 0x0, 0x0, 0x0, 0x0, 0x2b, 0xfb,
    0x0, 0x0, 0x0, 0x0, 0xf, 0xfd, 0x0, 0x0,
    0x0, 0x0, 0x0, 0x8, 0xff, 0xff, 0x40, 0x0,
    0x0, 0x0, 0xf, 0xfd, 0x0, 0x0, 0x0, 0x0,
    0x7, 0xef, 0xff, 0xe5, 0x0, 0x0, 0x0, 0x0,
    0xf, 0xfd, 0x0, 0x0, 0x0, 0x17, 0xef, 0xff,
    0xf8, 0x0, 0x0, 0x0, 0x0, 0x0, 0xf, 0xfd,
    0x0, 0x0, 0x29, 0xff, 0xff, 0xf9, 0x10, 0x0,
    0x0, 0x0, 0x0, 0x0, 0xf, 0xfd, 0x0, 0x5c,
    0xff, 0xff, 0xf9, 0x20, 0x0, 0x0, 0x0, 0x0,
    0x0, 0x0, 0xf, 0xfd, 0xc, 0xff, 0xff, 0xf8,
    0x10, 0x0, 0x0, 0x0, 0x0, 0x0, 0x0, 0x0,
    0xf, 0xfd, 0x5, 0xff, 0xd6, 0x0, 0x0, 0x0,
    0x0, 0x0, 0x0, 0x0, 0x0, 0x0, 0xf, 0xfd,
    0x0, 0x83, 0x0, 0x0, 0x0, 0x0, 0x0, 0x0,
    0x0, 0x0, 0x0, 0x0, 0xf, 0xfd, 0x0, 0x0,
    0x0, 0x0, 0x0, 0x0, 0x0, 0x0, 0x0, 0x0,
    0xaf, 0xff, 0xff, 0xff, 0xff, 0xff, 0xff, 0xff,
    0xff, 0xff, 0xff, 0xff, 0xff, 0xf1, 0xaf, 0xff,
    0xff, 0xff, 0xff, 0xff, 0xff, 0xff, 0xff, 0xff,
    0xff, 0xff, 0xff, 0xf1, 0x8c, 0xcc, 0xcf, 0xff,
    0xcc, 0xcc, 0xff, 0xfd, 0xcc, 0xcc, 0xcc, 0xcc,
    0xcc, 0xc0, 0x0, 0x0, 0xf, 0xfd, 0x0, 0x0,
    0xaf, 0xf7, 0x0, 0x0, 0x0, 0x0, 0x0, 0x0,
    0x0, 0x0, 0xf, 0xfd, 0x0, 0x0, 0x2f, 0xff,
    0x10, 0x0, 0x0, 0x0, 0x0, 0x0, 0x0, 0x0,
    0xf, 0xfd, 0x0, 0x0, 0x9, 0xff, 0xa0, 0x0,
    0x0, 0x0, 0x0, 0x0, 0x0, 0x0, 0xf, 0xfd,
    0x0, 0x0, 0x1, 0xef, 0xf7, 0x0, 0x0, 0x0,
    0x0, 0x0, 0x0, 0x0, 0xf, 0xfd, 0x0, 0x0,
    0x0, 0x5f, 0xff, 0x50, 0x0, 0x0, 0x0, 0x0,
    0x0, 0x0, 0xf, 0xfd, 0x0, 0x0, 0x0, 0x8,
    0xff, 0xf5, 0x0, 0x0, 0x0, 0x0, 0x0, 0x0,
    0xf, 0xfd, 0x0, 0x0, 0x0, 0x0, 0xaf, 0xff,
    0x80, 0x0, 0x0, 0x0, 0x0, 0x0, 0xf, 0xfd,
    0x0, 0x0, 0x7, 0xb0, 0xa, 0xff, 0xfd, 0x30,
    0x0, 0x0, 0x0, 0x0, 0xf, 0xfd, 0x0, 0x18,
    0xef, 0xf0, 0x0, 0x8f, 0xff, 0xfb, 0x30, 0x0,
    0x0, 0x0, 0xf, 0xfd, 0x5a, 0xff, 0xff, 0xf1,
    0x0, 0x4, 0xef, 0xff, 0xfc, 0x50, 0x0, 0x0,
    0x5f, 0xff, 0xff, 0xff, 0xf9, 0x30, 0x0, 0x0,
    0x9, 0xff, 0xff, 0xf4, 0x0, 0x0, 0xff, 0xff,
    0xff, 0xd7, 0x10, 0x0, 0x0, 0x0, 0x0, 0x2a,
    0xff, 0xc0, 0x0, 0x0, 0xaf, 0xfe, 0x93, 0x0,
    0x0, 0x0, 0x0, 0x0, 0x0, 0x0, 0x18, 0x40,
    0x0, 0x0, 0x39, 0x40, 0x0, 0x0, 0x0, 0x0,
    0x0, 0x0, 0x0, 0x0, 0x0, 0x0,

    /* U+95F4 "间" */
    0x0, 0x50, 0x0, 0x0, 0x0, 0x0, 0x0, 0x0,
    0x0, 0x0, 0x0, 0x0, 0x0, 0xaf, 0xa0, 0x0,
    0x0, 0x0, 0x0, 0x0, 0x0, 0x0, 0x0, 0x0,
    0x0, 0x2f, 0xff, 0xa0, 0x1, 0xaa, 0xaa, 0xaa,
    0xaa, 0xaa, 0xaa, 0xaa, 0xaa, 0x0, 0x3e, 0xff,
    0xa0, 0x2f, 0xff, 0xff, 0xff, 0xff, 0xff, 0xff,
    0xff, 0xf1, 0x0, 0x3f, 0xff, 0xa2, 0xff, 0xff,
    0xff, 0xff, 0xff, 0xff, 0xff, 0xff, 0x15, 0x53,
    0x4f, 0xfa, 0x0, 0x0, 0x0, 0x0, 0x0, 0x0,
    0x0, 0xbf, 0xf1, 0xff, 0xb0, 0x49, 0x0, 0x0,
    0x0, 0x0, 0x0, 0x0, 0x0, 0xb, 0xff, 0x1f,
    0xfb, 0x0, 0x0, 0x0, 0x0, 0x0, 0x0, 0x0,
    0x0, 0x0, 0xbf, 0xf1, 0xff, 0xb0, 0x0, 0xaa,
    0xaa, 0xaa, 0xaa, 0xaa, 0xaa, 0x0, 0xb, 0xff,
    0x1f, 0xfb, 0x0, 0xf, 0xff, 0xff, 0xff, 0xff,
    0xff, 0xf0, 0x0, 0xbf, 0xf1, 0xff, 0xb0, 0x0,
    0xff, 0xff, 0xff, 0xff, 0xff, 0xff, 0x0, 0xb,
    0xff, 0x1f, 0xfb, 0x0, 0xf, 0xfb, 0x0, 0x0,
    0x0, 0xbf, 0xf0, 0x0, 0xbf, 0xf1, 0xff, 0xb0,
    0x0, 0xff, 0xb0, 0x0, 0x0, 0xb, 0xff, 0x0,
    0xb, 0xff, 0x1f, 0xfb, 0x0, 0xf, 0xfb, 0x0,
    0x0, 0x0, 0xbf, 0xf0, 0x0, 0xbf, 0xf1, 0xff,
    0xb0, 0x0, 0xff, 0xd8, 0x88, 0x88, 0x8d, 0xff,
    0x0, 0xb, 0xff, 0x1f, 0xfb, 0x0, 0xf, 0xff,
    0xff, 0xff, 0xff, 0xff, 0xf0, 0x0, 0xbf, 0xf1,
    0xff, 0xb0, 0x0, 0xff, 0xff, 0xff, 0xff, 0xff,
    0xff, 0x0, 0xb, 0xff, 0x1f, 0xfb, 0x0, 0xf,
    0xfb, 0x0, 0x0, 0x0, 0xbf, 0xf0, 0x0, 0xbf,
    0xf1, 0xff, 0xb0, 0x0, 0xff, 0xb0, 0x0, 0x0,
    0xb, 0xff, 0x0, 0xb, 0xff, 0x1f, 0xfb, 0x0,
    0xf, 0xfb, 0x0, 0x0, 0x0, 0xbf, 0xf0, 0x0,
    0xbf, 0xf1, 0xff, 0xb0, 0x0, 0xff, 0xb0, 0x0,
    0x0, 0xb, 0xff, 0x0, 0xb, 0xff, 0x1f, 0xfb,
    0x0, 0xf, 0xff, 0xff, 0xff, 0xff, 0xff, 0xf0,
    0x0, 0xbf, 0xf1, 0xff, 0xb0, 0x0, 0xff, 0xff,
    0xff, 0xff, 0xff, 0xff, 0x0, 0xb, 0xff, 0x1f,
    0xfb, 0x0, 0xb, 0xbb, 0xbb, 0xbb, 0xbb, 0xbb,
    0xb0, 0x0, 0xbf, 0xf1, 0xff, 0xb0, 0x0, 0x0,
    0x0, 0x0, 0x0, 0x0, 0x0, 0x0, 0xd, 0xff,
    0xf, 0xfb, 0x0, 0x0, 0x0, 0x0, 0x0, 0x0,
    0x9, 0xdd, 0xde, 0xff, 0xe0, 0xff, 0xb0, 0x0,
    0x0, 0x0, 0x0, 0x0, 0x0, 0x8f, 0xff, 0xff,
    0xf9, 0xf, 0xfb, 0x0, 0x0, 0x0, 0x0, 0x0,
    0x0, 0x5, 0xff, 0xfe, 0xb7, 0x0,

    /* U+9694 "隔" */
    0x0, 0x0, 0x0, 0x0, 0x0, 0x0, 0x0, 0x0,
    0x0, 0x0, 0x0, 0x0, 0x0, 0xef, 0xff, 0xff,
    0xfd, 0x1f, 0xff, 0xff, 0xff, 0xff, 0xff, 0xff,
    0xff, 0xf6, 0xef, 0xff, 0xff, 0xfd, 0x1f, 0xff,
    0xff, 0xff, 0xff, 0xff, 0xff, 0xff, 0xf6, 0xef,
    0xb7, 0x7b, 0xfc, 0x3, 0x33, 0x33, 0x33, 0x33,
    0x33, 0x33, 0x33, 0x31, 0xef, 0x70, 0xb, 0xf9,
    0x0, 0x11, 0x11, 0x11, 0x11, 0x11, 0x11, 0x10,
    0x0, 0xef, 0x70, 0xf, 0xf5, 0x0, 0xdf, 0xff,
    0xff, 0xff, 0xff, 0xff, 0xf6, 0x0, 0xef, 0x70,
    0x3f, 0xf1, 0x0, 0xdf, 0xff, 0xff, 0xff, 0xff,
    0xff, 0xf6, 0x0, 0xef, 0x70, 0x7f, 0xc0, 0x0,
    0xdf, 0xb0, 0x0, 0x0, 0x0, 0x2f, 0xf6, 0x0,
    0xef, 0x70, 0xcf, 0x70, 0x0, 0xdf, 0xb0, 0x0,
    0x0, 0x0, 0x2f, 0xf6, 0x0, 0xef, 0x71, 0xff,
    0x20, 0x0, 0xdf, 0xff, 0xff, 0xff, 0xff, 0xff,
    0xf6, 0x0, 0xef, 0x75, 0xff, 0x0, 0x0, 0xdf,
    0xff, 0xff, 0xff, 0xff, 0xff, 0xf6, 0x0, 0xef,
    0x72, 0xff, 0x60, 0x0, 0x11, 0x11, 0x11, 0x11,
    0x11, 0x11, 0x10, 0x0, 0xef, 0x70, 0x9f, 0xe0,
    0x3, 0x33, 0x33, 0x33, 0x33, 0x33, 0x33, 0x33,
    0x20, 0xef, 0x70, 0x2f, 0xf4, 0x4f, 0xff, 0xff,
    0xff, 0xff, 0xff, 0xff, 0xff, 0xe0, 0xef, 0x70,
    0xc, 0xf9, 0x4f, 0xff, 0xff, 0xff, 0xff, 0xff,
    0xff, 0xff, 0xe0, 0xef, 0x70, 0x8, 0xfc, 0x4f,
    0xf1, 0x5, 0x50, 0x0, 0x8, 0x10, 0x9f, 0xe0,
    0xef, 0x70, 0x6, 0xfe, 0x4f, 0xf1, 0x4f, 0xf2,
    0x0, 0x7f, 0xd0, 0x9f, 0xe0, 0xef, 0x70, 0x5,
    0xff, 0x4f, 0xf1, 0xa, 0xfc, 0x1, 0xef, 0x60,
    0x9f, 0xe0, 0xef, 0x70, 0x6, 0xff, 0x4f, 0xf1,
    0x1, 0xec, 0x1a, 0xfc, 0x0, 0x9f, 0xe0, 0xef,
    0x73, 0x3b, 0xfe, 0x4f, 0xf2, 0x99, 0xc9, 0x9f,
    0xfb, 0x95, 0x9f, 0xe0, 0xef, 0x7f, 0xff, 0xfa,
    0x4f, 0xf3, 0xff, 0xff, 0xff, 0xff, 0xf9, 0x9f,
    0xe0, 0xef, 0x7d, 0xff, 0xd2, 0x4f, 0xf2, 0x99,
    0x9b, 0xff, 0x99, 0x95, 0x9f, 0xe0, 0xef, 0x73,
    0x42, 0x0, 0x4f, 0xf1, 0x0, 0x5, 0xfe, 0x0,
    0x0, 0x9f, 0xe0, 0xef, 0x70, 0x0, 0x0, 0x4f,
    0xf1, 0x0, 0x5, 0xfe, 0x0, 0x0, 0x9f, 0xd0,
    0xef, 0x70, 0x0, 0x0, 0x4f, 0xf1, 0x0, 0x5,
    0xfe, 0x7, 0x99, 0xef, 0xc0, 0xef, 0x70, 0x0,
    0x0, 0x4f, 0xf1, 0x0, 0x5, 0xfe, 0x9, 0xff,
    0xff, 0x80, 0xef, 0x70, 0x0, 0x0, 0x3e, 0xe1,
    0x0, 0x5, 0xfe, 0x5, 0xdd, 0xb7, 0x0
};


/*---------------------
 *  GLYPH DESCRIPTION
 *--------------------*/

static const lv_font_fmt_txt_glyph_dsc_t glyph_dsc[] = {
    {.bitmap_index = 0, .adv_w = 0, .box_w = 0, .box_h = 0, .ofs_x = 0, .ofs_y = 0} /* id = 0 reserved */,
    {.bitmap_index = 0, .adv_w = 120, .box_w = 0, .box_h = 0, .ofs_x = 0, .ofs_y = 0},
    {.bitmap_index = 0, .adv_w = 125, .box_w = 5, .box_h = 22, .ofs_x = 1, .ofs_y = 1},
    {.bitmap_index = 55, .adv_w = 167, .box_w = 9, .box_h = 8, .ofs_x = 1, .ofs_y = 17},
    {.bitmap_index = 91, .adv_w = 288, .box_w = 18, .box_h = 21, .ofs_x = 0, .ofs_y = 1},
    {.bitmap_index = 280, .adv_w = 282, .box_w = 17, .box_h = 30, .ofs_x = 0, .ofs_y = -3},
    {.bitmap_index = 535, .adv_w = 393, .box_w = 24, .box_h = 21, .ofs_x = 0, .ofs_y = 1},
    {.bitmap_index = 787, .adv_w = 347, .box_w = 21, .box_h = 24, .ofs_x = 1, .ofs_y = 1},
    {.bitmap_index = 1039, .adv_w = 92, .box_w = 4, .box_h = 8, .ofs_x = 1, .ofs_y = 17},
    {.bitmap_index = 1055, .adv_w = 164, .box_w = 9, .box_h = 28, .ofs_x = 1, .ofs_y = -4},
    {.bitmap_index = 1181, .adv_w = 165, .box_w = 9, .box_h = 28, .ofs_x = 0, .ofs_y = -4},
    {.bitmap_index = 1307, .adv_w = 256, .box_w = 14, .box_h = 14, .ofs_x = 1, .ofs_y = 9},
    {.bitmap_index = 1405, .adv_w = 282, .box_w = 14, .box_h = 14, .ofs_x = 2, .ofs_y = 5},
    {.bitmap_index = 1503, .adv_w = 119, .box_w = 5, .box_h = 8, .ofs_x = 1, .ofs_y = -3},
    {.bitmap_index = 1523, .adv_w = 165, .box_w = 8, .box_h = 3, .ofs_x = 1, .ofs_y = 9},
    {.bitmap_index = 1535, .adv_w = 116, .box_w = 5, .box_h = 4, .ofs_x = 1, .ofs_y = 1},
    {.bitmap_index = 1545, .adv_w = 162, .box_w = 10, .box_h = 28, .ofs_x = 0, .ofs_y = -2},
    {.bitmap_index = 1685, .adv_w = 300, .box_w = 16, .box_h = 21, .ofs_x = 1, .ofs_y = 1},
    {.bitmap_index = 1853, .adv_w = 205, .box_w = 9, .box_h = 21, .ofs_x = 1, .ofs_y = 1},
    {.bitmap_index = 1948, .adv_w = 265, .box_w = 15, .box_h = 21, .ofs_x = 1, .ofs_y = 1},
    {.bitmap_index = 2106, .adv_w = 267, .box_w = 16, .box_h = 21, .ofs_x = 0, .ofs_y = 1},
    {.bitmap_index = 2274, .adv_w = 287, .box_w = 18, .box_h = 21, .ofs_x = 0, .ofs_y = 1},
    {.bitmap_index = 2463, .adv_w = 282, .box_w = 16, .box_h = 21, .ofs_x = 1, .ofs_y = 1},
    {.bitmap_index = 2631, .adv_w = 283, .box_w = 16, .box_h = 21, .ofs_x = 1, .ofs_y = 1},
    {.bitmap_index = 2799, .adv_w = 271, .box_w = 15, .box_h = 21, .ofs_x = 1, .ofs_y = 1},
    {.bitmap_index = 2957, .adv_w = 294, .box_w = 16, .box_h = 21, .ofs_x = 1, .ofs_y = 1},
    {.bitmap_index = 3125, .adv_w = 282, .box_w = 16, .box_h = 21, .ofs_x = 1, .ofs_y = 1},
    {.bitmap_index = 3293, .adv_w = 126, .box_w = 5, .box_h = 16, .ofs_x = 1, .ofs_y = 1},
    {.bitmap_index = 3333, .adv_w = 128, .box_w = 4, .box_h = 20, .ofs_x = 2, .ofs_y = -4},
    {.bitmap_index = 3373, .adv_w = 282, .box_w = 14, .box_h = 16, .ofs_x = 2, .ofs_y = 4},
    {.bitmap_index = 3485, .adv_w = 282, .box_w = 14, .box_h = 9, .ofs_x = 2, .ofs_y = 8},
    {.bitmap_index = 3548, .adv_w = 282, .box_w = 14, .box_h = 16, .ofs_x = 2, .ofs_y = 4},
    {.bitmap_index = 3660, .adv_w = 243, .box_w = 14, .box_h = 24, .ofs_x = 0, .ofs_y = 1},
    {.bitmap_index = 3828, .adv_w = 475, .box_w = 28, .box_h = 28, .ofs_x = 1, .ofs_y = -4},
    {.bitmap_index = 4220, .adv_w = 336, .box_w = 21, .box_h = 21, .ofs_x = 0, .ofs_y = 1},
    {.bitmap_index = 4441, .adv_w = 310, .box_w = 17, .box_h = 21, .ofs_x = 2, .ofs_y = 1},
    {.bitmap_index = 4620, .adv_w = 324, .box_w = 19, .box_h = 21, .ofs_x = 1, .ofs_y = 1},
    {.bitmap_index = 4820, .adv_w = 348, .box_w = 19, .box_h = 21, .ofs_x = 2, .ofs_y = 1},
    {.bitmap_index = 5020, .adv_w = 272, .box_w = 14, .box_h = 21, .ofs_x = 2, .ofs_y = 1},
    {.bitmap_index = 5167, .adv_w = 261, .box_w = 14, .box_h = 21, .ofs_x = 2, .ofs_y = 1},
    {.bitmap_index = 5314, .adv_w = 340, .box_w = 20, .box_h = 21, .ofs_x = 1, .ofs_y = 1},
    {.bitmap_index = 5524, .adv_w = 353, .box_w = 19, .box_h = 21, .ofs_x = 2, .ofs_y = 1},
    {.bitmap_index = 5724, .adv_w = 116, .box_w = 4, .box_h = 21, .ofs_x = 2, .ofs_y = 1},
    {.bitmap_index = 5766, .adv_w = 230, .box_w = 13, .box_h = 21, .ofs_x = 0, .ofs_y = 1},
    {.bitmap_index = 5903, .adv_w = 314, .box_w = 18, .box_h = 21, .ofs_x = 2, .ofs_y = 1},
    {.bitmap_index = 6092, .adv_w = 260, .box_w = 14, .box_h = 21, .ofs_x = 2, .ofs_y = 1},
    {.bitmap_index = 6239, .adv_w = 424, .box_w = 23, .box_h = 21, .ofs_x = 2, .ofs_y = 1},
    {.bitmap_index = 6481, .adv_w = 354, .box_w = 19, .box_h = 21, .ofs_x = 2, .ofs_y = 1},
    {.bitmap_index = 6681, .adv_w = 368, .box_w = 21, .box_h = 21, .ofs_x = 1, .ofs_y = 1},
    {.bitmap_index = 6902, .adv_w = 292, .box_w = 16, .box_h = 21, .ofs_x = 2, .ofs_y = 1},
    {.bitmap_index = 7070, .adv_w = 368, .box_w = 21, .box_h = 24, .ofs_x = 1, .ofs_y = -2},
    {.bitmap_index = 7322, .adv_w = 310, .box_w = 18, .box_h = 21, .ofs_x = 2, .ofs_y = 1},
    {.bitmap_index = 7511, .adv_w = 282, .box_w = 17, .box_h = 21, .ofs_x = 0, .ofs_y = 1},
    {.bitmap_index = 7690, .adv_w = 274, .box_w = 17, .box_h = 21, .ofs_x = 0, .ofs_y = 1},
    {.bitmap_index = 7869, .adv_w = 350, .box_w = 20, .box_h = 21, .ofs_x = 1, .ofs_y = 1},
    {.bitmap_index = 8079, .adv_w = 331, .box_w = 21, .box_h = 21, .ofs_x = 0, .ofs_y = 1},
    {.bitmap_index = 8300, .adv_w = 485, .box_w = 30, .box_h = 21, .ofs_x = 0, .ofs_y = 1},
    {.bitmap_index = 8615, .adv_w = 312, .box_w = 20, .box_h = 21, .ofs_x = 0, .ofs_y = 1},
    {.bitmap_index = 8825, .adv_w = 311, .box_w = 20, .box_h = 21, .ofs_x = 0, .ofs_y = 1},
    {.bitmap_index = 9035, .adv_w = 303, .box_w = 19, .box_h = 21, .ofs_x = 0, .ofs_y = 1},
    {.bitmap_index = 9235, .adv_w = 165, .box_w = 8, .box_h = 28, .ofs_x = 2, .ofs_y = -4},
    {.bitmap_index = 9347, .adv_w = 162, .box_w = 10, .box_h = 28, .ofs_x = 0, .ofs_y = -2},
    {.bitmap_index = 9487, .adv_w = 165, .box_w = 8, .box_h = 28, .ofs_x = 0, .ofs_y = -4},
    {.bitmap_index = 9599, .adv_w = 282, .box_w = 15, .box_h = 13, .ofs_x = 1, .ofs_y = 11},
    {.bitmap_index = 9697, .adv_w = 165, .box_w = 11, .box_h = 3, .ofs_x = 0, .ofs_y = -6},
    {.bitmap_index = 9714, .adv_w = 132, .box_w = 6, .box_h = 6, .ofs_x = 1, .ofs_y = 18},
    {.bitmap_index = 9732, .adv_w = 275, .box_w = 15, .box_h = 16, .ofs_x = 1, .ofs_y = 1},
    {.bitmap_index = 9852, .adv_w = 298, .box_w = 17, .box_h = 22, .ofs_x = 1, .ofs_y = 1},
    {.bitmap_index = 10039, .adv_w = 253, .box_w = 15, .box_h = 16, .ofs_x = 1, .ofs_y = 1},
    {.bitmap_index = 10159, .adv_w = 298, .box_w = 16, .box_h = 22, .ofs_x = 1, .ofs_y = 1},
    {.bitmap_index = 10335, .adv_w = 275, .box_w = 16, .box_h = 16, .ofs_x = 1, .ofs_y = 1},
    {.bitmap_index = 10463, .adv_w = 167, .box_w = 11, .box_h = 23, .ofs_x = 0, .ofs_y = 1},
    {.bitmap_index = 10590, .adv_w = 297, .box_w = 16, .box_h = 23, .ofs_x = 1, .ofs_y = -6},
    {.bitmap_index = 10774, .adv_w = 289, .box_w = 16, .box_h = 22, .ofs_x = 1, .ofs_y = 1},
    {.bitmap_index = 10950, .adv_w = 116, .box_w = 5, .box_h = 21, .ofs_x = 1, .ofs_y = 1},
    {.bitmap_index = 11003, .adv_w = 117, .box_w = 9, .box_h = 28, .ofs_x = -3, .ofs_y = -6},
    {.bitmap_index = 11129, .adv_w = 255, .box_w = 15, .box_h = 22, .ofs_x = 1, .ofs_y = 1},
    {.bitmap_index = 11294, .adv_w = 104, .box_w = 4, .box_h = 22, .ofs_x = 1, .ofs_y = 1},
    {.bitmap_index = 11338, .adv_w = 436, .box_w = 25, .box_h = 16, .ofs_x = 1, .ofs_y = 1},
    {.bitmap_index = 11538, .adv_w = 290, .box_w = 16, .box_h = 16, .ofs_x = 1, .ofs_y = 1},
    {.bitmap_index = 11666, .adv_w = 289, .box_w = 16, .box_h = 16, .ofs_x = 1, .ofs_y = 1},
    {.bitmap_index = 11794, .adv_w = 298, .box_w = 17, .box_h = 23, .ofs_x = 1, .ofs_y = -6},
    {.bitmap_index = 11990, .adv_w = 298, .box_w = 16, .box_h = 23, .ofs_x = 1, .ofs_y = -6},
    {.bitmap_index = 12174, .adv_w = 177, .box_w = 10, .box_h = 16, .ofs_x = 1, .ofs_y = 1},
    {.bitmap_index = 12254, .adv_w = 227, .box_w = 14, .box_h = 16, .ofs_x = 0, .ofs_y = 1},
    {.bitmap_index = 12366, .adv_w = 174, .box_w = 11, .box_h = 21, .ofs_x = 0, .ofs_y = 1},
    {.bitmap_index = 12482, .adv_w = 291, .box_w = 16, .box_h = 16, .ofs_x = 1, .ofs_y = 1},
    {.bitmap_index = 12610, .adv_w = 270, .box_w = 17, .box_h = 16, .ofs_x = 0, .ofs_y = 1},
    {.bitmap_index = 12746, .adv_w = 409, .box_w = 25, .box_h = 16, .ofs_x = 0, .ofs_y = 1},
    {.bitmap_index = 12946, .adv_w = 252, .box_w = 16, .box_h = 16, .ofs_x = 0, .ofs_y = 1},
    {.bitmap_index = 13074, .adv_w = 270, .box_w = 17, .box_h = 23, .ofs_x = 0, .ofs_y = -6},
    {.bitmap_index = 13270, .adv_w = 251, .box_w = 14, .box_h = 16, .ofs_x = 1, .ofs_y = 1},
    {.bitmap_index = 13382, .adv_w = 168, .box_w = 10, .box_h = 27, .ofs_x = 0, .ofs_y = -4},
    {.bitmap_index = 13517, .adv_w = 128, .box_w = 4, .box_h = 28, .ofs_x = 2, .ofs_y = -2},
    {.bitmap_index = 13573, .adv_w = 168, .box_w = 10, .box_h = 27, .ofs_x = 0, .ofs_y = -4},
    {.bitmap_index = 13708, .adv_w = 282, .box_w = 15, .box_h = 5, .ofs_x = 1, .ofs_y = 9},
    {.bitmap_index = 13746, .adv_w = 475, .box_w = 29, .box_h = 25, .ofs_x = 0, .ofs_y = 0},
    {.bitmap_index = 14109, .adv_w = 480, .box_w = 29, .box_h = 29, .ofs_x = 0, .ofs_y = -3},
    {.bitmap_index = 14530, .adv_w = 480, .box_w = 29, .box_h = 28, .ofs_x = 0, .ofs_y = -2},
    {.bitmap_index = 14936, .adv_w = 480, .box_w = 28, .box_h = 28, .ofs_x = 0, .ofs_y = -2},
    {.bitmap_index = 15328, .adv_w = 480, .box_w = 29, .box_h = 29, .ofs_x = 0, .ofs_y = -3},
    {.bitmap_index = 15749, .adv_w = 480, .box_w = 26, .box_h = 28, .ofs_x = 1, .ofs_y = -3},
    {.bitmap_index = 16113, .adv_w = 480, .box_w = 30, .box_h = 30, .ofs_x = 0, .ofs_y = -4},
    {.bitmap_index = 16563, .adv_w = 480, .box_w = 27, .box_h = 28, .ofs_x = 2, .ofs_y = -2},
    {.bitmap_index = 16941, .adv_w = 480, .box_w = 26, .box_h = 27, .ofs_x = 2, .ofs_y = -2},
    {.bitmap_index = 17292, .adv_w = 480, .box_w = 28, .box_h = 29, .ofs_x = 1, .ofs_y = -3},
    {.bitmap_index = 17698, .adv_w = 480, .box_w = 28, .box_h = 29, .ofs_x = 1, .ofs_y = -3},
    {.bitmap_index = 18104, .adv_w = 480, .box_w = 29, .box_h = 29, .ofs_x = 0, .ofs_y = -3},
    {.bitmap_index = 18525, .adv_w = 480, .box_w = 29, .box_h = 29, .ofs_x = 0, .ofs_y = -3},
    {.bitmap_index = 18946, .adv_w = 480, .box_w = 28, .box_h = 29, .ofs_x = 1, .ofs_y = -3},
    {.bitmap_index = 19352, .adv_w = 480, .box_w = 29, .box_h = 29, .ofs_x = 0, .ofs_y = -3},
    {.bitmap_index = 19773, .adv_w = 480, .box_w = 21, .box_h = 26, .ofs_x = 5, .ofs_y = -2},
    {.bitmap_index = 20046, .adv_w = 480, .box_w = 27, .box_h = 28, .ofs_x = 2, .ofs_y = -2},
    {.bitmap_index = 20424, .adv_w = 480, .box_w = 26, .box_h = 28, .ofs_x = 1, .ofs_y = -3},
    {.bitmap_index = 20788, .adv_w = 480, .box_w = 28, .box_h = 28, .ofs_x = 1, .ofs_y = -2},
    {.bitmap_index = 21180, .adv_w = 480, .box_w = 30, .box_h = 28, .ofs_x = 0, .ofs_y = -2},
    {.bitmap_index = 21600, .adv_w = 480, .box_w = 29, .box_h = 29, .ofs_x = 0, .ofs_y = -2},
    {.bitmap_index = 22021, .adv_w = 480, .box_w = 29, .box_h = 28, .ofs_x = 0, .ofs_y = -3},
    {.bitmap_index = 22427, .adv_w = 480, .box_w = 29, .box_h = 28, .ofs_x = 0, .ofs_y = -3},
    {.bitmap_index = 22833, .adv_w = 480, .box_w = 30, .box_h = 29, .ofs_x = 0, .ofs_y = -3},
    {.bitmap_index = 23268, .adv_w = 480, .box_w = 26, .box_h = 28, .ofs_x = 3, .ofs_y = -3},
    {.bitmap_index = 23632, .adv_w = 480, .box_w = 30, .box_h = 29, .ofs_x = 0, .ofs_y = -3},
    {.bitmap_index = 24067, .adv_w = 480, .box_w = 28, .box_h = 27, .ofs_x = 1, .ofs_y = -2},
    {.bitmap_index = 24445, .adv_w = 480, .box_w = 29, .box_h = 30, .ofs_x = 0, .ofs_y = -4},
    {.bitmap_index = 24880, .adv_w = 480, .box_w = 28, .box_h = 27, .ofs_x = 1, .ofs_y = -2},
    {.bitmap_index = 25258, .adv_w = 480, .box_w = 29, .box_h = 29, .ofs_x = 0, .ofs_y = -3},
    {.bitmap_index = 25679, .adv_w = 480, .box_w = 28, .box_h = 29, .ofs_x = 1, .ofs_y = -3},
    {.bitmap_index = 26085, .adv_w = 480, .box_w = 28, .box_h = 29, .ofs_x = 1, .ofs_y = -3},
    {.bitmap_index = 26491, .adv_w = 480, .box_w = 29, .box_h = 28, .ofs_x = 0, .ofs_y = -2},
    {.bitmap_index = 26897, .adv_w = 480, .box_w = 28, .box_h = 29, .ofs_x = 1, .ofs_y = -3},
    {.bitmap_index = 27303, .adv_w = 480, .box_w = 25, .box_h = 28, .ofs_x = 3, .ofs_y = -2},
    {.bitmap_index = 27653, .adv_w = 480, .box_w = 26, .box_h = 27, .ofs_x = 2, .ofs_y = -2}
};

/*---------------------
 *  CHARACTER MAPPING
 *--------------------*/

static const uint16_t unicode_list_1[] = {
    0x0, 0x2df3, 0x2ede, 0x2f73, 0x2f7c, 0x312d, 0x32bf, 0x3463,
    0x35f7, 0x3a9b, 0x3d92, 0x3da3, 0x3f6c, 0x42a2, 0x446d, 0x44e2,
    0x44f3, 0x461c, 0x4627, 0x4629, 0x4734, 0x4d26, 0x4fea, 0x5145,
    0x5432, 0x58cf, 0x5bf8, 0x5ddc, 0x5e6b, 0x6762, 0x6abb, 0x6edb,
    0x70c4, 0x747c, 0x74f1, 0x7591
};

/*Collect the unicode lists and glyph_id offsets*/
static const lv_font_fmt_txt_cmap_t cmaps[] =
{
    {
        .range_start = 32, .range_length = 95, .glyph_id_start = 1,
        .unicode_list = NULL, .glyph_id_ofs_list = NULL, .list_length = 0, .type = LV_FONT_FMT_TXT_CMAP_FORMAT0_TINY
    },
    {
        .range_start = 8451, .range_length = 30098, .glyph_id_start = 96,
        .unicode_list = unicode_list_1, .glyph_id_ofs_list = NULL, .list_length = 36, .type = LV_FONT_FMT_TXT_CMAP_SPARSE_TINY
    }
};

/*-----------------
 *    KERNING
 *----------------*/


/*Map glyph_ids to kern left classes*/
static const uint8_t kern_left_class_mapping[] =
{
    0, 1, 0, 2, 3, 0, 0, 4,
    2, 5, 0, 6, 0, 7, 8, 7,
    9, 10, 11, 12, 13, 14, 15, 16,
    17, 18, 19, 0, 0, 0, 0, 0,
    20, 21, 22, 23, 24, 21, 25, 26,
    27, 0, 0, 28, 29, 30, 0, 0,
    21, 31, 21, 32, 33, 34, 28, 9,
    35, 36, 37, 38, 5, 22, 0, 0,
    7, 0, 39, 40, 41, 42, 43, 44,
    45, 39, 46, 0, 47, 42, 39, 39,
    40, 40, 45, 48, 49, 50, 45, 51,
    51, 52, 51, 53, 5, 0, 0, 0,
    24, 0, 0, 0, 0, 0, 0, 0,
    0, 0, 0, 0, 0, 0, 0, 0,
    0, 0, 0, 0, 0, 0, 0, 0,
    0, 0, 0, 0, 0, 0, 0, 0,
    0, 0, 0, 0
};

/*Map glyph_ids to kern right classes*/
static const uint8_t kern_right_class_mapping[] =
{
    0, 1, 0, 2, 3, 0, 0, 4,
    2, 0, 5, 6, 0, 7, 8, 7,
    9, 10, 11, 12, 13, 14, 15, 16,
    17, 18, 19, 0, 0, 0, 0, 0,
    20, 21, 9, 0, 21, 0, 0, 0,
    21, 0, 0, 22, 0, 0, 0, 0,
    21, 0, 21, 0, 23, 24, 25, 26,
    27, 28, 29, 30, 0, 26, 5, 0,
    7, 0, 0, 31, 32, 32, 32, 33,
    32, 31, 34, 34, 31, 31, 35, 35,
    32, 35, 32, 35, 36, 37, 38, 39,
    39, 40, 39, 41, 0, 0, 5, 0,
    0, 0, 0, 0, 0, 0, 0, 0,
    0, 0, 0, 0, 0, 0, 0, 0,
    0, 0, 0, 0, 0, 0, 0, 0,
    0, 0, 0, 0, 0, 0, 0, 0,
    0, 0, 0, 0
};

/*Kern values between classes*/
static const int8_t kern_class_values[] =
{
    0, 0, 0, 0, 0, 0, 0, 0,
    -14, 0, 0, 0, 0, 0, 0, 0,
    0, 0, 0, 0, 0, 0, 0, -14,
    0, -14, -15, -10, -14, 0, 0, 0,
    0, 0, 0, 0, 0, 0, 0, 0,
    0, 0, 0, 0, 0, 0, 0, 0,
    0, -48, -13, 5, 2, -1, -46, -14,
    -35, 5, -14, 0, 0, -22, -61, 0,
    5, 0, 5, 5, 0, 5, 0, 0,
    -21, 0, 0, -5, -11, 0, -9, 0,
    0, 0, 0, 0, 0, 0, 0, 0,
    0, 0, 0, 0, 0, 0, -5, -14,
    -7, -12, 0, 0, 0, 0, 0, 0,
    0, 0, 0, 0, 0, 0, 0, 0,
    0, 0, 0, 0, 0, 0, 0, 0,
    0, 0, 0, 0, 0, 0, 0, 0,
    0, 0, 0, 0, 0, -21, 0, -7,
    -5, -13, -10, -42, -6, -12, 0, 0,
    0, 0, 0, 0, 0, 0, 0, 0,
    0, 0, 0, 0, 0, 0, 0, 0,
    0, 0, 0, 0, 0, 0, 0, 0,
    0, 0, 0, 0, 0, 0, 0, 0,
    0, 0, 0, 0, 8, 0, 0, 0,
    0, 0, 0, 0, 0, 0, 0, 0,
    0, 0, 0, 0, 0, 0, 0, 0,
    0, 0, 0, 0, 0, 0, 0, 0,
    0, 0, 0, 0, 0, 0, 0, 0,
    0, -12, -46, -14, -28, 0, -10, 3,
    0, 0, 0, 0, 0, 0, 0, 0,
    0, 0, 0, 0, 0, 0, 0, 0,
    0, 0, 0, 0, 0, 0, 0, 0,
    0, 0, 0, 0, 0, 0, 0, 0,
    -39, 0, 0, -8, 0, -6, -24, 0,
    -18, 0, 0, 0, 0, 0, 0, 0,
    0, 0, 0, 0, 0, 0, 0, 0,
    0, 0, 0, 0, 0, 0, 0, 0,
    0, 0, 0, 0, 0, 0, 0, 0,
    0, -25, -18, -11, 0, 0, 0, -48,
    0, -9, 0, 0, 0, 0, 0, 0,
    0, 0, 0, 0, 0, 0, 0, 0,
    0, 0, 0, 0, 0, 0, 0, 0,
    -14, 5, 0, -30, 0, 0, -58, -29,
    -53, -5, 0, 0, 0, -40, -7, -21,
    0, -12, -1, 0, -19, -67, 0, 9,
    0, 11, 6, 0, 12, -6, 0, -38,
    -10, 0, -20, -31, -9, -19, -14, -19,
    -26, 0, 0, 0, 0, 0, 0, 0,
    0, -5, 0, 0, 0, 0, 0, 0,
    0, -16, 0, 0, -12, 0, -13, 0,
    -19, 0, -5, 0, 0, -12, 0, 0,
    0, 0, 0, 0, 0, 0, 0, 0,
    0, 0, 0, 0, 0, 0, 0, 0,
    0, 0, 0, 0, 0, 0, 0, 0,
    0, 0, -7, 0, 0, -11, 0, 0,
    0, 0, 0, 0, 0, 0, -14, 0,
    0, 0, 0, 0, 0, 0, 0, 0,
    0, 0, 0, 0, 3, 0, -14, 0,
    0, 0, -15, 0, 0, 0, 0, 0,
    0, 0, 0, 0, 0, 0, 0, 0,
    0, 0, 0, 0, -2, 0, 0, -4,
    0, 0, 0, 0, 0, 0, 0, 0,
    0, 0, 0, 0, 0, -10, 0, 0,
    0, -19, 0, 0, 0, 0, -9, 0,
    0, 0, -5, 0, -12, 0, -8, -17,
    0, 0, 0, 0, 0, -5, 0, -4,
    -9, 0, 0, 0, 0, 0, 0, 0,
    0, -1, -15, -9, -7, 0, -5, 0,
    0, 0, -20, 0, 0, 0, 0, -9,
    0, 0, 0, -8, 0, -22, 0, -9,
    -29, 0, 0, 0, -17, 0, -16, -13,
    -8, -18, 0, 0, 0, -9, 0, 0,
    0, -6, 0, -18, -10, -8, 0, -3,
    0, 0, 0, -20, 0, 0, 0, 0,
    -9, 0, 0, 0, 0, -2, -14, 0,
    -9, -21, 0, 0, 0, -12, 0, -8,
    -5, -8, -12, 0, 0, 0, -7, 0,
    0, 0, -6, -2, -13, -13, -5, 0,
    -19, 0, 0, 0, -28, 0, 0, 0,
    0, -24, 0, 0, 0, 0, 0, -32,
    0, -14, -45, 0, 0, 0, -32, 0,
    -30, -25, -7, -38, 0, 0, 0, -3,
    0, 0, 0, -3, 0, -11, -12, -6,
    0, 6, -32, -30, 8, 0, -49, -43,
    -54, -12, 0, 0, 0, -43, -9, -30,
    3, -10, 0, 0, -16, -73, -4, 0,
    0, 0, 0, 0, 0, 0, 0, -27,
    -9, 0, -12, -26, -3, -18, -13, -10,
    -18, 0, -10, 0, 0, 0, -10, 0,
    0, -5, 0, -7, 0, 0, 0, 0,
    0, -20, 0, -5, -15, 0, 0, 0,
    -18, 0, -12, -6, 0, -22, 0, 0,
    0, 0, 0, 0, 0, 0, 0, 0,
    0, 0, 0, 0, -13, -20, 0, 0,
    -29, -13, -31, 0, 0, 0, -4, -18,
    -4, -14, -13, -3, 0, -7, 0, -45,
    0, 0, 0, -7, 0, -13, -12, 0,
    0, 0, 4, 0, 0, 0, 9, 0,
    4, 2, 1, 0, 0, 0, 0, 0,
    0, 0, 0, 0, -11, 0, 0, -9,
    -37, -21, -24, -3, -13, 0, 0, 0,
    0, 0, 0, 0, 0, 0, 0, 0,
    0, 0, 0, 0, 0, 0, 0, 0,
    0, 0, 0, 0, 0, -12, 0, -5,
    0, 0, -19, 0, -19, 0, 0, -3,
    0, 0, 0, 0, -22, 0, 0, -20,
    0, -20, 0, -27, 0, -19, -13, -20,
    -27, -17, 0, 0, 0, 0, 0, 0,
    0, 0, 0, -7, 0, -14, -37, 0,
    -4, 0, 0, 10, -22, 0, -5, -29,
    0, 0, -4, 0, 0, -24, -5, -32,
    -44, -19, 0, 0, -53, -20, -53, -41,
    0, -63, 0, 0, -8, -15, 0, 0,
    2, -16, -8, -36, 4, 0, 0, 0,
    0, 0, 0, 0, 0, 0, -3, 0,
    0, 0, 0, 0, 0, 0, 0, 0,
    0, -13, 0, 0, 0, -14, 0, -14,
    -14, -9, -19, -2, 0, 0, 0, 0,
    0, 0, 0, 0, -5, 0, 0, 0,
    12, 0, 0, 0, 0, 0, -19, 0,
    0, 0, 0, 0, 0, 0, 0, 0,
    0, 0, 2, -5, 0, 0, 2, 0,
    -5, -1, -8, -7, 0, 0, -3, 4,
    0, 0, 3, 4, 0, 0, 0, 0,
    0, 5, 0, -7, 0, 0, 0, 0,
    0, 0, 0, 0, 0, -11, 0, 0,
    0, 0, 0, 0, -8, 0, 0, 0,
    0, 0, 0, 0, 0, 0, 0, -10,
    -2, 0, 0, 0, -1, 0, -12, 0,
    0, -5, 12, 0, -18, 0, 0, -53,
    0, -42, 0, 0, 0, 0, -17, 0,
    -8, 0, 0, 0, 0, -3, -73, 0,
    0, 0, 3, 5, 0, 0, -6, 0,
    -12, -5, 0, -5, -4, -5, -2, -8,
    -8, -14, 0, 0, 0, 0, 0, 0,
    0, 4, -11, 0, -2, 0, 0, 0,
    0, 0, -13, 0, 0, -6, 0, -3,
    0, -12, 0, -10, -5, -15, -16, -6,
    0, 0, 0, 0, 0, 0, 0, 0,
    0, 0, -5, 0, 0, 0, -6, 0,
    0, -12, 0, -20, 0, 0, 0, 0,
    0, 0, 0, 0, 0, 0, 0, 0,
    -12, 0, 0, 0, 0, 0, -9, 0,
    -5, 0, 0, 0, 0, 0, 0, 0,
    0, 0, 0, 0, -19, 0, 0, -22,
    0, 0, 0, -47, 0, 0, -25, 0,
    0, -32, 0, 0, -8, 0, -26, -16,
    -36, 0, -16, -6, -20, -8, -46, 0,
    -9, 0, 0, -28, -20, 0, -6, -11,
    -23, -21, -47, 0, 0, -19, -63, 0,
    -12, 0, 0, 12, -52, 0, 0, -50,
    0, 0, -34, 0, 0, -32, 0, -49,
    -51, -29, 0, -6, -74, -22, -74, -53,
    0, -87, 0, 0, -17, -12, 0, 0,
    -6, -27, -13, -49, 0, 0, 0, 0,
    0, -21, 0, 0, -54, -5, -42, 0,
    0, 0, 0, -27, 0, 0, 0, 0,
    0, 0, 1, -93, 0, 0, 0, 0,
    0, -15, -9, -19, 0, -12, 6, 0,
    -2, -4, 11, -3, 7, 5, -3, 0,
    0, 0, -13, 0, 0, 16, -21, -1,
    0, -9, 0, 0, -15, 0, 0, -16,
    0, 0, -13, -12, 0, -3, -21, -10,
    -19, -17, 0, -20, 0, 0, -14, -3,
    0, 0, -5, -2, -12, -8, 5, 0,
    0, 2, 0, 6, 0, 0, 3, 1,
    -6, 0, -5, 0, 0, 0, 0, 0,
    -9, 0, 0, -5, 0, 0, 0, -12,
    0, -5, 0, -12, -12, -2, 0, 2,
    -5, 0, 0, 0, -7, 0, -15, 0,
    0, -14, 5, 0, -37, 0, 0, -48,
    -49, -53, -19, 0, 0, 0, -52, -17,
    -42, 0, -18, 0, 5, -27, -78, -2,
    2, 0, 9, 6, 0, 4, -5, 0,
    -60, -28, 0, -42, -54, -21, -45, -56,
    -50, -46, -15, 0, 0, -21, 0, 0,
    -36, -25, -41, 0, 0, 0, 0, -29,
    -7, -22, 0, -6, 0, 0, -13, -47,
    0, 6, 0, 6, 8, 0, 5, -8,
    0, -26, -10, 0, -13, -23, -5, -13,
    -11, -13, -20, -10, 0, 0, -15, 0,
    0, 8, -37, 0, 0, 0, 0, 0,
    -22, -12, -16, 0, 0, -8, -5, -20,
    -6, -15, 0, -9, 0, 0, 0, 0,
    0, 0, -21, -15, 0, -2, -6, -17,
    -18, -31, 0, 0, -14, 5, 0, -36,
    0, 0, -52, -48, -58, -12, -9, -4,
    -1, -59, -16, -42, 0, -22, -7, -4,
    -25, -85, -9, 4, 0, 12, 5, 0,
    6, -7, 0, -63, -24, -7, -42, -54,
    -24, -43, -34, -37, -46, 0, 0, 0,
    -9, 0, 0, 7, -33, 0, 0, 0,
    0, 0, -34, 0, 0, 0, 0, 0,
    0, -22, -2, 0, 2, -1, 4, 3,
    0, 5, 0, 0, -14, -5, 0, 0,
    -3, -10, -8, -21, 0, 0, 0, -10,
    0, 0, 0, 0, 0, 0, 0, 0,
    0, 0, 0, 0, 0, 0, -14, 0,
    0, -28, 0, 0, 0, -47, 0, -32,
    -27, 0, -52, 0, 0, 0, 0, 0,
    0, 0, -1, 0, -7, 0, -2, 0,
    -16, 0, 0, 0, 0, -12, 0, -8,
    0, 0, 0, 0, 0, 0, 0, -24,
    0, 0, -37, 0, -9, 0, -60, 0,
    -38, -26, -21, -63, -9, 0, 0, -5,
    0, 0, 0, -5, 0, -15, -15, -11,
    0, 10, 0, -3, 0, 0, 4, -3,
    6, 0, 0, 0, 0, 0, 0, 0,
    -23, 0, 0, -21, 0, 0, 0, -49,
    0, -22, -17, -3, -43, 0, 0, -4,
    9, 0, 0, 0, 8, 0, 2, -2,
    0, 0, 0, 0, 0, 10, 0, 0,
    0, 0, 0, 0, 0, 0, 0, 0,
    0, 0, 0, 0, 0, 0, 0, 0,
    0, 0, 0, 0, 0, 0, 0, 0,
    0, 0, 0, 0, 0, 0, 0, 0,
    0, 0, 0, 0, 0, -2, 0, 0,
    -7, 0, -4, 0, 0, 0, 0, 0,
    0, 0, -35, 0, 0, -32, 0, -2,
    0, -50, 0, -33, -14, -15, -52, 0,
    0, 0, -1, 0, 0, 0, -1, 0,
    -7, -7, 0, 0, 18, 0, -22, 19,
    0, -36, -15, -29, 0, 0, 0, 0,
    -23, 0, -8, 8, 0, 9, 13, 0,
    -41, 0, 19, 0, 24, 22, 15, 23,
    5, 7, -13, 6, 0, 0, 0, 11,
    0, 0, 0, 0, 0, 0, 0, 0,
    0, 0, 0, 0, 0, 0, 0, 0,
    0, 0, 0, 0, -22, 0, 0, -17,
    0, 0, 0, -43, 0, -20, -13, -2,
    -42, 0, 0, 0, -3, 0, 0, 0,
    0, 0, -3, 0, 0, 0, 0, 0,
    0, 0, 0, 0, 0, 0, 0, 0,
    0, 0, 0, 0, 0, 0, 0, 0,
    0, 0, 0, 0, 0, 0, 0, 0,
    0, -7, 0, 0, 0, 0, 0, 0,
    0, 0, 0, 0, 0, 0, 0, 0,
    0, -27, 0, 0, 0, -34, 0, 0,
    0, 0, -10, -28, -15, -20, -25, 0,
    -2, -25, 0, -13, 0, -59, 0, -25,
    -20, -11, -37, 0, 0, -21, 0, 0,
    0, -10, 0, -5, 0, 0, 0, 0,
    15, 0, -24, 0, 0, -46, -14, -39,
    0, 0, 0, -16, -27, -7, -13, -23,
    0, 12, -10, 0, -53, 0, -47, 0,
    -9, -7, -30, -26, -26, 0, -16, 9,
    0, 0, -5, 12, 0, 0, 0, -7,
    0, 0, 0, 0, 0, 0, 0, -2,
    2, 0, 0, 0, 0, 6, 0, 0,
    -24, 0, 0, -30, 0, 0, 0, -56,
    0, -31, -22, -3, -46, 0, 0, 0,
    0, 0, 0, 0, 5, 0, -5, 0,
    0, 0, 0, 0, -5, 0, 0, 0,
    -17, 0, 0, 0, 0, 0, -13, -7,
    -5, -21, 0, 4, -17, 0, 0, 0,
    -48, 0, -21, -13, -2, -36, 0, 0,
    -10, 0, 0, 0, 0, 6, 0, 0,
    0, 0, 0, 0, 0, -21, 0, 0,
    -41, -13, -36, 0, 0, 0, -14, -18,
    -5, -9, -25, 0, 9, -25, 0, -45,
    5, -49, 0, -14, -11, -31, -34, -25,
    0, -15, 0, 0, 0, -8, 0, 0,
    0, 0, -4, 0, 0, 0, -13, 0,
    0, 0, -23, 4, 0, 0, 0, -5,
    -19, -12, -12, -22, 0, 6, -24, -7,
    0, 0, -50, 0, -19, -13, 0, -37,
    0, 0, -15, 0, 0, 0, 0, 0,
    0, 0, 0, 0, 0, 0, 0, -19,
    0, 0, 0, -12, 0, 0, 0, 0,
    -2, -22, -5, -7, -23, 0, 4, -20,
    0, 0, 0, -46, 0, -25, -19, 0,
    -41, 0, 0, -11, 0, 0, 0, 0,
    0, 0, 0, 0, 0
};


/*Collect the kern class' data in one place*/
static const lv_font_fmt_txt_kern_classes_t kern_classes =
{
    .class_pair_values   = kern_class_values,
    .left_class_mapping  = kern_left_class_mapping,
    .right_class_mapping = kern_right_class_mapping,
    .left_class_cnt      = 53,
    .right_class_cnt     = 41,
};

/*--------------------
 *  ALL CUSTOM DATA
 *--------------------*/

#if LVGL_VERSION_MAJOR == 8
/*Store all the custom data of the font*/
static  lv_font_fmt_txt_glyph_cache_t cache;
#endif

#if LVGL_VERSION_MAJOR >= 8
static const lv_font_fmt_txt_dsc_t font_dsc = {
#else
static lv_font_fmt_txt_dsc_t font_dsc = {
#endif
    .glyph_bitmap = glyph_bitmap,
    .glyph_dsc = glyph_dsc,
    .cmaps = cmaps,
    .kern_dsc = &kern_classes,
    .kern_scale = 16,
    .cmap_num = 2,
    .bpp = 4,
    .kern_classes = 1,
    .bitmap_format = 0,
#if LVGL_VERSION_MAJOR == 8
    .cache = &cache
#endif
};



/*-----------------
 *  PUBLIC FONT
 *----------------*/

/*Initialize a public general font descriptor*/
#if LVGL_VERSION_MAJOR >= 8
const lv_font_t OPPOSans_30px = {
#else
lv_font_t OPPOSans_30px = {
#endif
    .get_glyph_dsc = lv_font_get_glyph_dsc_fmt_txt,    /*Function pointer to get glyph's data*/
    .get_glyph_bitmap = lv_font_get_bitmap_fmt_txt,    /*Function pointer to get glyph's bitmap*/
    .line_height = 33,          /*The maximum line height required by the font*/
    .base_line = 6,             /*Baseline measured from the bottom of the line*/
#if !(LVGL_VERSION_MAJOR == 6 && LVGL_VERSION_MINOR == 0)
    .subpx = LV_FONT_SUBPX_NONE,
#endif
#if LV_VERSION_CHECK(7, 4, 0) || LVGL_VERSION_MAJOR >= 8
    .underline_position = -2,
    .underline_thickness = 2,
#endif
    .dsc = &font_dsc,          /*The custom font data. Will be accessed by `get_glyph_bitmap/dsc` */
#if LV_VERSION_CHECK(8, 2, 0) || LVGL_VERSION_MAJOR >= 9
    .fallback = NULL,
#endif
    .user_data = NULL,
};



#endif /*#if OPPOSANS_30PX*/

